:020000022000DC
:1060000080FF00206D0E0500990E0500350203008B
:10601000950E0500A10E0500A50E0500000000006C
:10602000000000000000000000000000DD89020008
:10603000AD0E050000000000FD8902009D0E050068
:1060400005680400B50E0500819F040061D70400B7
:1060500071D70400B50E0500D965040075990400D8
:10606000B50E0500B50E0500B50E0500B50E050010
:10607000B50E0500B50E0500B50E0500B50E050000
:10608000B50B030075880200B50E0500B50E0500BE
:10609000B50E0500B50E05003D1F0300B50E050049
:1060A000B50E0500B50E0500B50E0500B50E0500D0
:1060B000B50E0500B50E0500000000000000000050
:1060C000B50E0500B50E0500B50E0500F97B040000
:1060D000B50E0500B50E05001D020300000000000E
:1060E00000000000000000000000000000000000B0
:1060F00000000000000000000000000000000000A0
:10610000000000000000000000000000000000008F
:10611000000000000000000000000000000000007F
:10612000000000000000000000000000000000006F
:10613000000000000000000000000000000000005F
:10614000000000000000000000000000000000004F
:10615000000000000000000000000000000000003F
:10616000000000000000000000000000000000002F
:10617000000000000000000000000000000000001F
:10618000000000000000000000000000000000000F
:1061900000000000000000000000000000000000FF
:1061A00000000000000000000000000000000000EF
:1061B00000000000000000000000000000000000DF
:1061C00000000000000000000000000000000000CF
:1061D00000000000000000000000000000000000BF
:1061E00000000000000000000000000000000000AF
:1061F000000000000000000000000000000000009F
:106200000348044B834202D0034B03B11847704745
:10621000E82C0020E82C0020000000000548064B78
:106220001B1AD90F01EBA301491002D0034B03B194
:1062300018477047E82C0020E82C002000000000E0
:1062400010B5064C237843B9FFF7DAFF044B13B1BE
:106250000448AFF300800123237010BD002D0020FF
:10626000000000006C6B060008B5054B1BB105492A
:106270000548AFF30080BDE80840FFF7CFBF00BF7F
:1062800000000000042D00206C6B0600A3F5803A8E
:10629000704700BF174B002B08BF134B9D46FFF7FD
:1062A000F5FF00218B460F461348144A121A2DF0B1
:1062B0000FFC0E4B002B00D098470D4B002B00D04D
:1062C00098470020002104000D000D48002802D04E
:1062D0000C482DF058F92CF0DBFD2000290003F0CC
:1062E000B3FF2CF015FD00BF000008000000000007
:1062F0000000000080FF0020002D00206CF900202D
:10630000873505000000000030B5114B1A461B68A8
:106310008342FBD3546841681519A84206D1214431
:1063200050188342516010D1104602E04418A34235
:106330000CD1084C2468A3421FBF5C6864184460F9
:106340001C680460824218BF106030BD0360F9E72A
:1063500074EB002084EB0020407970470223037423
:106360000120704702230372012070470323037446
:106370007047032303727047D0E90123C16802EB21
:1063800061001847D0E90123C16802EB610018479A
:106390004FF6FF73994208D04068B0F854308B42F2
:1063A00003D9C368194408447047002070474FF66A
:1063B000FF73994210B51AD04068CCB2B0F8623081
:1063C000090A0131994212D2826A024402EB410366
:1063D00032F8112033F8023CD21A944207DA426AAA
:1063E00023449BB2062101FB0322104410BD002070
:1063F000FCE74FF6FF7399420AD04068B0F8583076
:106400008B4205D94369062202FB013318447047C9
:10641000002070474FF6FF73994209D04068B0F8EA
:106420005A308B4204D9836903EB41031844704707
:106430000020704710B54FF6FF74A2422DD04B6874
:10644000B3F85C108A4210D2D96901EB42010B44C7
:106450000122C0E90023023B33F8022FA24200D1FF
:1064600010BD026802320260F6E7521AB3F85E10FD
:1064700092B2914211D9196A01EBC2010B44002278
:10648000C0E90023083333F8082CA24203F10803C3
:10649000E6D0026802320260F5E70023C0E900336B
:1064A000DEE770B455680023AB420CD108230468C2
:1064B000072B97BF64692369013302EBC30298BFBE
:1064C000234670BC18475C1C32F834600D2EEED0A9
:1064D0002346E9E770477047704770477047704739
:1064E0007047704770477047C268416810B40346F0
:1064F000541001EB6200D20748BF0A599B685DF84F
:10650000044B48BFD3581847F0B5EFF3058117483F
:10651000174A184B99B1D0F804051168814207D980
:10652000D3E9004514F1807645F10007C3E900671F
:106530001060D3E90023801843F10001F0BDEFF3B0
:106540001081C9B272B6D0F804051468844207D924
:10655000D3E9004514F1807645F10007C3E90067EF
:1065600010600029E5D162B6E3E700BF00100140EA
:10657000983D0020903D002038B5FFF7C5FF4FF44F
:106580007A72A0FB020302FB0131164BD3E9002310
:10659000800A40EA8150801843EB9121124B8342DC
:1065A0004FF4B0738B411BD2104AD2E9003413F57B
:1065B000FA7344F1000483428C4111D2C2E9000114
:1065C0000D460246082400235340013C4FEA1222A4
:1065D00042EA0562DBB24FEA1525F5D1044A137091
:1065E00038BD00BF803D0020009004AF88FF002030
:1065F00080FF0020037813F0040215D003F003039A
:10660000012B03D0022B09D0012070470B680288B0
:106610000233C2F3831213440B60F5E70B68428820
:10662000023303EB9213F7E7104670474FF07043C5
:1066300093F8E02F062A10D1D3F8E42F12070CD1DB
:10664000D3F8E80F00F0F003302B08D000F0E000A2
:10665000A0F1400358425841704700207047012084
:1066600070474FF0704393F8E02F062A0CD1D3F80F
:10667000E42F120708D1D3F8E80F00F0F000A0F1E2
:1066800030035842584170470020704741DF70473F
:106690000223037401207047022303720120704714
:1066A00003230374704703230372704770477047D6
:1066B0000346406899680268926810474368084634
:1066C00018477047064B074A1A60074A5A60074A3C
:1066D0009A60074ADA60074B01221A60704700BFD0
:1066E000DC2E0020605F0500665F05006E5F050020
:1066F0007A5F0500F02E0020C3685B68586A704717
:106700007047C268416810B40346541001EB620040
:10671000D20748BF0A599B685DF8044B48BFD3585D
:106720001847022303720120704703230372704746
:1067300002230372012070470323037270477047DE
:10674000C268416810B40346541001EB6200D207DE
:1067500048BF0A599B685DF8044B48BFD358184797
:10676000F0B4C56846686F10044606EB6500ED0797
:10677000A46844BFF5592C59A446F0BC60470223D5
:1067800003720120704703230372704710B5034B57
:106790000360044628F080FE204610BDB479050051
:1067A00010B5034B0360044628F076FE204610BD6A
:1067B0007471050010B504462CF08EFA204610BD09
:1067C00010B504462CF088FA204610BD10B50446DA
:1067D0002CF082FA204610BD10B504462CF07CFA4D
:1067E000204610BD10B50446FFF7D0FF20462CF020
:1067F00073FA204610BD10B50446FFF7D1FF2046BE
:106800002CF06AFA204610BD0BF0E6BB10B504462A
:1068100000682379DB0708D503689B689847A07157
:1068200018B9237923F0020323712379990704D53A
:10683000206803681B699847A07123795A0705D51A
:10684000206803685B6998470123A37123791B07BC
:1068500005D520680368DB6898470123A3710123ED
:10686000637123685B7A5BB10BF0B6FB0021C069F2
:1068700028F093FA20B1BDE810400C3027F038BD65
:1068800010BD0000F0B51B4B036089B005460BF04E
:10689000A3FB04464069EE8808F080FE636A1BB3E0
:1068A000E16A684628F04EFA4FF6FF77684607F02F
:1068B000BBFCB84213D005AA02A9684607F041FD07
:1068C000C82808D1BDF81C30B34204D10A484FF49F
:1068D0000C7127F0BBFA684628F017FAE6E7606B00
:1068E0003146083008F0E8F8606908F063FE284691
:1068F00009B0F0BD5C8305008A5F050010B5044651
:10690000FFF7C0FF20462CF0E7F9204610BD00003D
:1069100010B5064B03604C33044640F8083F28F09E
:10692000BBFD2046FFF7AEFF204610BD14820500D8
:10693000A0F10800FFF7ECBF10B50446FFF7E8FF31
:1069400020462CF0C9F9204610BDA0F10800FFF741
:10695000F3BF0000024B40F2F51228F023BC00BF49
:10696000E43E0020014BC82228F01CBCE43E00207D
:10697000F8B5D0E9014527F081F900210846012248
:106980002AF06CFF2846A0472AF07AFC0021032257
:1069900008462AF063FF2AF04FFD2AF079FF164BD4
:1069A000164D0646002418462A7894421CD253F805
:1069B000042BB24204F101071BD12A78A300191D50
:1069C000D21B0144920018442DF068F82A780C4834
:1069D0006400D21BA11C0144520020442DF05EF83B
:1069E0002B78013BDBB22B703046BDE8F8402AF033
:1069F000B1BB3C46D8E700BFBC3E0020B83E0020FB
:106A0000A43E00207FB503AE01969DF8206000965D
:106A10000024154603942AF0BDFA012812D10A4A2F
:106A200003981378092B0BD8117813780133DBB254
:106A3000C9B21370054B43F82100054B23F81150E0
:106A400004B070BD2046FBE7B83E0020BC3E0020ED
:106A5000A43E0020194B1B68002213B51A6090F861
:106A6000CC3B0C4633B10B7815488DF8043001A9A6
:106A700025F0DCFE237813488DF8043001A925F0B9
:106A8000D5FE237810488DF8043001A925F0CEFEFC
:106A90000E4B1B68DB0701D4FFF714FE23780C486C
:106AA0008DF8043001A925F0C1FE237809488DF83E
:106AB000043001A925F0BAFE02B010BD68310020F3
:106AC00070EC0020682F0020F42E0020F02E002013
:106AD000DC2E0020102F00202DE9F84F04469946A7
:106AE00094F842300846591C84F8421094F840103B
:106AF000994237D894F84170012F33D8D6B2142573
:106B00007040C0B205FB07450F28C2F30F438CBF8E
:106B100000200120AB8312F47F4F4FF001034FEAB6
:106B2000124885F82A3085F82B001DD01A4AAA6130
:106B30006B8559F804BF00255D4594F841801DD14F
:106B4000142202FB074304EB081244325A62F64354
:106B50000122164090441D8483F8282083F8296080
:106B600084F84180BDE8F88F0BF036FA414607F013
:106B70001BFA0028DDD0094BAB61DAE705F1010A09
:106B800005EB880559F83A0028F02DFC04EB850543
:106B900068645546D0E700BF90700500B5610500F8
:106BA00010B5074C20461DF0DDFEA4F108001DF0D5
:106BB000C5FEA4F11000BDE810401DF097BE00BF57
:106BC000B82E002010B5054C20461DF07BFEA4F128
:106BD0000800BDE810401DF09DBE00BF9C2E0020A7
:106BE00020F00203C82B04D0A0F16403584258419E
:106BF000704701207047000008B503888B4203D816
:106C000004485E2127F022F943680C2000FB013084
:106C100008BD00BF995F050040F20173984216D08D
:106C20000ED840F21113984213D0B0F5E06F10D097
:106C300040F2091398420CBF08204FF0FF30704714
:106C4000B0F5785F0CBF08204FF0FF3070470C2084
:106C500070470820704700002DE9F04104462AF0F3
:106C60000FFB3A493A4D0B68FBB93A4A56071CBF2D
:106C70000732394B394E1ABF22F007029B1A4AF6E7
:106C800080431344083B23F0070300207060326008
:106C9000C3E90000981AC2E900300B60304B18605D
:106CA000304B18604FF000432B602F68274205D00F
:106CB0002AF0C2FB00263046BDE8F081002CF7D058
:106CC00004F1080360071CBF23F007030833002BFF
:106CD000EED0DFF89080D8F800509D42E8D31F4AEC
:106CE00014686068984201D226688EB90968A1428A
:106CF000DED0216816681160C21A102A06F1080653
:106D00000DD9E018410706D0C821174827F09EF892
:106D100022463446E5E742606360FFF7F5FA104922
:106D200062680868AD1A85424FF0000347EA02071F
:106D300038BF0D60C8F80050676023602AF07CFB04
:106D40007307B8D04FF48471DFE700BF84EB0020F5
:106D500080EB0020F03E002070EB002074EB002060
:106D600070EB00207CEB0020AC5F050038B5154BC4
:106D7000154A1A60154B164A1A60164B164A1A60C5
:106D80004820FFF769FF154B154D1D600446002193
:106D900027F0FAFA002104F1080027F0B3FA0022E4
:106DA000294604F12C0028F09DFB0E4B236003F1D3
:106DB00050029433E3620023A26084F83C306364A1
:106DC00038BD00BFBC2B0020BD5F0500B82B0020E4
:106DD000CB5F0500B42B0020D15F050070EC0020D4
:106DE000DD5F05001084050038B5044628B3134A5A
:106DF00050F8043C12681342A0F1080504D14FF486
:106E00008E710F4827F022F850F8081C11B140F29B
:106E10001D11F6E723EA020340F8043C2AF030FA99
:106E2000084A54F8043C116828460B441360FFF7E5
:106E30006BFABDE838402AF0FFBA38BD80EB00207D
:106E4000AC5F05007CEB00200B78007A032B22D886
:106E5000DFE803F002080F1610F0FB0F0CBF012053
:106E600000207047012818D0052818D8104B185C4E
:106E70007047022815D0431F584258418000704780
:106E800000F0FD03012B0ED002280ED0052814BF00
:106E900000200C207047FF20704702207047002020
:106EA000704704207047082070470C20704700BFCF
:106EB00090830500124B37B5024603604C3342F80D
:106EC000083F104B1D689542044601D1EB681BB189
:106ED0000D48642126F0BAFF032301A928468DF846
:106EE0000430FFF7B1FF0146284627F06DFF284622
:106EF00028F0D2FA2046FFF7C5FC204603B030BD8B
:106F0000A0830500EC3E0020EC5F0500A0F1080026
:106F1000FFF7D0BF10B50446FFF7CCFF20462BF09B
:106F2000DBFE204610BDA0F10800FFF7F3BF70475D
:106F3000704770474FF6FF7399420AD04068B0F827
:106F400064308B4205D9C36A062202FB0133184420
:106F50007047002070474FF6FF73994209D0406890
:106F6000B0F866308B4204D9036B03EB410318443D
:106F70007047002070474FF6FF73994209D0406870
:106F8000B0F868308B4204D9436B03EB810318449B
:106F90007047002070474FF6FF7399420AD040684F
:106FA000B0F86C308B4205D9C36B0C2202FB013365
:106FB00018447047002070474FF440310022C0E968
:106FC0000012704730B5837803F00C030C2B85B0AA
:106FD000044603D1AB21154826F038FF042B22D1FB
:106FE000C07806F09BFF05460AF0F6FF218803AA49
:106FF0002C3007F0F7F808B9B821ECE72B682846E1
:107000001B699847039A036800925D68626821884B
:107010000023A84760600028EED0A37823F01D036A
:1070200043F00903A370606805B030BD006005003F
:107030004379C28803F0F00343EA02407047F7B592
:10704000054617460C46A1B103689B68984706465B
:107050002846FFF7EDFF214603463A46304627F023
:1070600067FFADF806000DF1060028F099F803B0AF
:10707000F0BDC820FBE70A460121FFF7E0BF000092
:1070800010B504490446FFF7F6FF002384F83430B6
:1070900010BD00BF04840500A0F12C00FFF7F0BF75
:1070A00010B503490446FFF7E6FF0023237410BD23
:1070B00008820500A0F10800FFF7F2BF07B5ADF8A0
:1070C00006100DF106020121FFF7B9FF03B05DF8CC
:1070D00004FB10B54FF486710446FFF7EFFF002361
:1070E000237410BDA0F10800FFF7F3BFF8B5044604
:1070F000224A0F211030FFF7A2FF656B294604F1E9
:10710000300051F8542F002393421AD051F8047FD5
:10711000B84203F101062FD103F113008000013AB8
:10712000D21A05F10C06011D9200314430442CF0B6
:10713000B5FC6B6D5A1E113305EB83036A650022A3
:107140001A610F4A072104F12800FFF778FF40F287
:10715000071104F15800FFF7B1FF4FF4847104F1F7
:107160006000FFF7ABFF40F2111104F1C800FFF718
:10717000A5FF00232372F8BD3346C5E73070050034
:107180004E70050070B5036888B09B6804460E46D3
:10719000984705462046FFF74BFF05AC0146009493
:1071A00002AB320C284627F08BFEC82806D1BDF86A
:1071B0001E204FF6FF739A4208BFCC20ADF8140092
:1071C000204627F0EDFF08B070BD73B50368044694
:1071D0009B6816460D4698476379E28800921B0922
:1071E00032462946006A0AF031FD02B070BD38B55A
:1071F00003689B680D4604469847006A038CC3F3F6
:107200000E03AB4205D9E1882A46BDE8384008F0B4
:107210002DBB002038BD28F02DB927F0C3BF0000DA
:1072200030B590F83430022B85B004460D4606D0B8
:1072300040F2F71205B0BDE83040FFF7ECBFCB8855
:10724000B3F5CC4F0DD1436C019301A902A828F0EE
:107250001FFB02ABC82229462046FFF7DEFF05B020
:1072600030BD0248622126F0F1FD00BF995F0500A4
:1072700030B5CA8840F601539A429FB005460C4685
:107280004FD108AB0B2219460020013A43F8080BF6
:10729000FBD1274B27481B680293274B0A901B689A
:1072A000264803930C90264B26480E9026481B68D0
:1072B0001090264804931290254B2648089314906A
:1072C000012325488DF824308DF82C308DF834308A
:1072D0008DF83C308DF844308DF8543016908DF890
:1072E0005C308DF814301D4818900B23ADF8183021
:1072F0001B481C4B1A9000931B488DF84C2002AB86
:107300008DF864208DF86C201C908DF87420079106
:10731000C822019321466B462846FFF77EFF1FB027
:1073200030BD4FF4C8721FB0BDE83040FFF773BFE7
:10733000BC2B002015600500B82B00201D60050047
:10734000B42B0020286005003A6005004560050068
:107350000A60050053600500676005007460050061
:1073600083600500020D03009160050030B5B0F8A0
:107370006420C82A85B0044618D190F841301BB368
:1073800090F8401090F84250ADF80030194400F1E8
:10739000180301930E4B0293A942B8BF642202ABBB
:1073A00000F10801CDF80CD0FFF737FFB4F86420E6
:1073B000C82A04D004F108012046FFF72CFF6FF41F
:1073C0007F43636105B030BDCC23A0F86430EDE7A6
:1073D000070103002DE9F0414FF4CB7388B0A0F80A
:1073E000643004460AF0F8FDB4F81680277D05469F
:1073F00004AE406908F0D2F8334601AA414605F1CF
:107400002C0006F0B1FFC8284FEA171768690FD0A3
:1074100008F0D0F8237D62791B09B3EB121F4FEA05
:1074200012102DD1204608B0BDE8F041FFF79EBFF5
:10743000039B9B78C3F34303BB42E9D1BDF81820FB
:107440004FF6FF718A42E3D01B01002563F30F055D
:1074500062F31F4508F0AEF80F4B9D42DAD00F4B98
:10746000CDE904340E4B0693002307930AF0B4FDD4
:1074700062693346294608F0CFF8A4F86400C9E7EA
:10748000084B04930023059396E80C00214608B0AE
:10749000BDE8F04124F0C0BFF000FFFFA47005007C
:1074A000D96A02006D73020008B5FFF7D5FB18B961
:1074B00002481F2126F0CAFC08BD00BFA3600500DA
:1074C00020F00200A0F1C803584258417047000064
:1074D00008B50378012B03D00348802126F0B6FCC1
:1074E0000223037008BD00BFA360050090F82030A0
:1074F000828B03F00F031B0143EA02407047000038
:107500002DE9F041234B036086B005460AF064FD87
:1075100004464069AE8B08F041F8636A9BB395F866
:107520002130F3B1E36900930027DB688DF8047024
:1075300002934FF01508684607F0B1F888B10123AF
:107540004FF4FA7203A90C30CDF80C800497ADF813
:107550000E60ADF814700AF0ADFF684627F050FBDE
:10756000E9E7A06BC6F30E01083007F0A5FA28463C
:10757000FFF7BCFF276C0146384607F083FC206A02
:10758000314607F0D5FA606908F014F8284606B0CD
:10759000BDE8F0811883050010B50446FFF7B0FF81
:1075A00020462BF099FB204610BD00000A4B10B579
:1075B00003F15002036094330446826040F82C3F8C
:1075C00027F06AFF04F10800FFF79AFF2046FFF753
:1075D00059F9204610BD00BF10840500A0F12C0011
:1075E000FFF7E4BFA0F10800FFF7E0BF10B50446C5
:1075F000FFF7DCFF20462BF06FFB204610BDA0F10B
:107600000800FFF7F3BFA0F12C00FFF7EFBF000069
:10761000124B10B50446036000F560701AF062F872
:1076200004F55A7016F094F804F584700EF0F2F830
:1076300004F1480013F0EEF804F13C0012F0D0F928
:1076400004F12C00FFF7ACF804F1240027F018FD3A
:107650002046FFF755FF204610BD00BF68730500A8
:1076600010B50446FFF7D4FF20462BF035FB20462B
:1076700010BD000010B5054B03600446C06A07F05A
:1076800057FF2046FFF73CFF204610BD6C720500F7
:1076900010B50446FFF7EEFF20462BF01DFB2046F9
:1076A00010BD73B5036804469B680D46164698479F
:1076B000A38B009394F82030006A324629460AF0E2
:1076C000C5FA02B070BD000037B505460B783148E9
:1076D0008DF804300C4601A925F0A8F82E4B1A6845
:1076E000D20704D42D4A2E49116001221A60237852
:1076F0002A488DF8043001A925F098F8294B1B6819
:10770000DB0701D4FEF7DEFF237827488DF804302D
:1077100001A925F08BF8237824488DF8043001A9BD
:1077200025F084F8237822488DF8043001A925F04B
:107730007DF8012101AA02208DF8041009F0AEF8AD
:107740002378012B20D19DF8042082B12378194899
:107750008DF80030694625F069F82378012B01D1B6
:1077600085F8CC3B144B1B6824351D6010E0B5F840
:107770003C1C4FF6FF7399420AD142F21071284621
:10778000FFF78FFFA5F83C0C9DF80430002BDDD1EE
:1077900003B030BD102F0020D82E0020D02E0020A6
:1077A000B6600500F02E0020DC2E0020F42E002014
:1077B000682F002070EC00206831002038B5036885
:1077C0009B680D4604469847006A038CC3F30E037A
:1077D000AB4205D9A18B2A46BDE8384008F046B82F
:1077E000002038BD08B50378012B03D102482121C0
:1077F00026F02CFB08BD00BFBD6005002DE9F04F51
:1078000090468DB090F822201D46FF2A169B0193CA
:10781000044603680F4664D09B689847D0F828A0B8
:10782000DAF81830DAF820909E8894F822305E4317
:1078300009EB060B39F80620002A52D0BBF80220CB
:10784000BA424ED1642D3ED12C4A2D490892DBF824
:1078500008200125CDE905120AA805A9099527F0F8
:10786000FEFDE18B49B34A1992B2E2832046ABF8A0
:107870000210FFF73BFE40F201120592DBF80430E4
:10788000ADF816100022CDE9022303238DF8103045
:107890002368CDE906809B682046984702AB08AA7A
:1078A00005A90BF021FD0546FFF70AFE40B105A82A
:1078B000FFF798FF0DB0BDE8F08F02222946D4E70C
:1078C00005A8FFF78FFF002339F8067049F8063046
:1078D0000AF1100094F8221007F0EEF8FF2384F864
:1078E00022302368019A16929E6942462B463946F9
:1078F0002046B4460DB0BDE8F04F6047D082050089
:107900000D00030010B5054B044640F8083BFFF797
:1079100069FF2046FEF7B6FF204610BDB87005008F
:1079200010B50446FFF7EEFF20462BF0D5F92046B0
:1079300010BD00000D4B10B5044640F8C83B1BF0CD
:1079400053FA04F16000FFF7DDFF04F158001BF06B
:1079500055FA04F128001CF0BDFD04F110001BF0E5
:1079600057FA204627F098FD204610BD64700500A8
:1079700010B50446FFF7DEFF20462BF0ADF9204698
:1079800010BD000010B50A78012A03D03121194832
:1079900026F05CFA0478012C01D13421F7E702705B
:1079A0004C78427864F3030242704A8842808A68C5
:1079B00082604A6842604A784478C2F3001262F3F7
:1079C000041444704A78E4B2C2F3401262F34514DE
:1079D00044704A78E4B2C2F3801262F386144470B1
:1079E0004A78E4B2D20962F3C714002344700B70E2
:1079F00010BD00BFBD600500F0B5154642696FF4CB
:107A00007F439A4285B004460E4645D10023A0F834
:107A1000403080F8423003844362838683636B681E
:107A2000224A82614FF6FF71012B81830186C26277
:107A300006D92B8A23B1686927F0CAFC84F8400074
:107A400000270AF0C9FA009704F11402184BE968FC
:107A50000AF0ECFAC828024620D1314604F10800A9
:107A6000FFF790FF6379227D1B09B3EB121F4FEAEA
:107A7000121005D1204605B0BDE8F040FFF7AABCC2
:107A80000C4BCDE9023704AB13E90C00214605B0DD
:107A9000BDE8F04024F0C0BC40F2A71231462046B9
:107AA00005B0BDE8F040FFF7B6BB00BFB56105000B
:107AB000F000FFFFD5730200704710B50C2204469A
:107AC00000212CF005F8204610BD7FB5037843B1A6
:107AD00001A926F0F1F801A826F0D4F807B05DF866
:107AE00004FB1846FAE726F0E7B838B504460D4619
:107AF000FFF7EBFF38B10C22294620462BF0BEFFE2
:107B0000B0FA80F0400938BDF8B50C220E460021CD
:107B100005462BF0DDFF304626F0B4F828B330469A
:107B20002BF0B2FB033507463446A31B9F421CD9FA
:107B30000422002120462BF043FAB8B1001B431E5B
:107B4000032B03D8DFE803F034302D1200231A464C
:107B50001946032805F8031C05F8022C05F8013C1A
:107B600004F1040405F10305DFD8F8BDE3782F3BE9
:107B70009B00DBB20420A2782F3A43EA22131201C1
:107B8000DBB2D2B261782F3942EAA1028901D2B2C6
:107B9000C9B294F800C0ACF12F0C41EA0C01C9B293
:107BA000D7E703200023E6E7002302201A46E9E78F
:107BB000002301201A461946EBE700002DE9F041A9
:107BC0001F4603688AB0DB689DF84080164606AA07
:107BD00004469847C828054624D1314603A8FFF734
:107BE00093FFE668B06807F0D9FC009706AB224621
:107BF00003A906F10C0024F061FD104FB0B93888DC
:107C000084B2B06807F0D6FC3B88A34202D030466D
:107C100018F0D8F9119B1C803A8840F2FB13A2425D
:107C200008BF1D4628460AB0BDE8F081B8F1000F34
:107C300000D0306518F096FAE2E700BFCC2E0020A5
:107C40001FB50B4601680C6B0246141B0F4AC8682F
:107C5000A4105443012202FA04F193B103AC0023AF
:107C60000094039329F0AEFF039B43B1084B4FF000
:107C700080525A6040BFBFF34F8FBFF36F8F04B085
:107C800010BD04B0BDE8104029F030BFABAAAAAACD
:107C900000ED00E030B50C4D0A44914200D130BDFA
:107CA00011F8013B83EA000404F00F0455F8244066
:107CB00084EA101080EA131303F00F0355F8233001
:107CC00083EA1010E9E700BF88820500F8B518B90B
:107CD0000D21174826F0BAF829BB0E21F9E7035DFC
:107CE0000E5DA3F14107A6F14105192FEDB20ED8A3
:107CF000192D43F0200307D846F020050134A24295
:107D00000BD0AB42EBD008E0354636B1F6E7192D83
:107D100005D846F02005002BF0D1581BF8BD35469C
:107D2000002BF2D1F9E7002425462346E7E700BF00
:107D3000C96005002DE9F341144606460C200F46A4
:107D40009846FEF789FF022C98BF01340D49089B25
:107D5000836094BFE4B20024C0E900680346009445
:107D600005463A460848002E18BF3146FEF74AFE3F
:107D7000044610B9284625F081FF204602B0BDE830
:107D8000F08100BFB561050071690200002108B5EE
:107D9000084629F06FFDC0B2831E5842584108BD05
:107DA0002DE970430F4ED6E900231A4317D0D6E9C8
:107DB0000045FEF7A9FB4FF47A72A0FB020302FB19
:107DC0000131830A43EA8153B4EB0308064B65EBA8
:107DD0009129C3E9008900220023C6E90023BDE8F8
:107DE000708300BF883D0020803D002008B5FEF76D
:107DF000C3FB4FF47A7200232EF054F808BD000044
:107E000010B5FFF7CDFFFFF7F1FF054B1B680146EB
:107E100023B1044ABDE810401068184710BD00BFE8
:107E20007C3D0020783D0020FFF7E0BF38B50546D7
:107E300018B9BDE83840FFF7D9BFFEF79DFB4FF4F6
:107E40007A72002304462EF02DF8C0EB401300EBAD
:107E50008303A4EBC3042C8038BD08B5FEF754FBA4
:107E60004FF47A72A0FB020302FB0133800A40EA5E
:107E7000835008BD08B529F011FD012803D0BDE8E5
:107E8000084029F005BD002008BD10B504460AF0E1
:107E9000A3F82146C06926F080FF044628B1FFF709
:107EA000E9FF6469231A5842584110BD70B505694D
:107EB0000446FFF7DFFF2B689B68834204D0094824
:107EC0004FF4817125F0C2FFE2686168A368551024
:107ED00001EB6200D20748BF4A59BDE8704048BF75
:107EE000D3581847906F0500094B1B6843B90138F8
:107EF00042F2B63300BF013BFCD10138F8D27047E3
:107F000080024FF47A73B0FBF3F029F009BB00BF95
:107F100068F7002038B50568AB68044623B900232C
:107F200063600023236038BDFFF7A4FFAB68834282
:107F3000F5D0296B094AE868611A8910514300237A
:107F40000122636002FA01F129F0D0FD0120FFF760
:107F5000CBFF23689D42F9D0E3E700BFABAAAAAAF2
:107F600010B5044B036004464069FFF7D3FF204679
:107F700010BD00BFE082050038B5084B0360044621
:107F8000406848B14568FFF7C5FF002363601DB135
:107F90002B6828465B689847204638BD80820500DC
:107FA00010B50446FFF7E8FF20462AF095FE20466C
:107FB00010BD000010B5044B036004464069FFF794
:107FC000A9FF204610BD00BF4872050010B5044B44
:107FD000036004464069FFF79DFF204610BD00BFC7
:107FE0008470050008B527F0C3FF18B902481A21AC
:107FF00025F02CFF08BD00BFDA60050008B527F0AA
:10800000B7FF18B902482B2125F020FF08BD00BF9B
:10801000DA60050008B518B90548662125F016FF95
:108020000022114627F080FD431E5842584108BDEA
:10803000DA60050007B5ADF8000001916A4600213D
:1080400044F2020005F024FF2DE9F047834CD4E907
:1080500000329A4286B000F082800023C4F81832C1
:10806000BFF34F8F6068A56802902840033004EB8F
:10807000800002A9FEF7BEFA029B18B1D4F81822BC
:10808000002A68D005EA03029F1C013304EB820238
:108090002B4004EB8303D268DB68049302F00303F4
:1080A000022B039202976DD1BDF80E30C3F38918ED
:1080B000B8F1800FC14628BF4FF0800969F38F13D4
:1080C00009F10800ADF80E3025F088FF06460028BB
:1080D00000F0AC8008F01AFF00233046082203A904
:1080E00008F034FF25EA07030133B9EB830F4FEAA9
:1080F00083003FD95FFA89F9002837D005EA0701E4
:10810000C5B2A9EB050A0331A946554D04EB81011F
:108110005FFA8AFA08234A46304608F017FF35B15D
:1081200009F1080352462946304608F00FFF08F1CE
:10813000030807EB98070297D4F81832D4F81052C6
:10814000002B5ED0304608F0EEFED4E90030C01AB5
:1081500018BF012004E022689A4204D8626000201F
:1081600006B0BDE8F08705EA03007FE73C49054615
:108170008246CFE705EA0701033108234A4604EBAC
:108180008101D1E7012B51D1BDF80C30C3F383102D
:10819000062828BF062060F38913023000F00F0084
:1081A0008000ADF80C3025F019FF064600283DD0C0
:1081B00008F0ACFE0023082203A9304608F0C6FEF2
:1081C0000027BDF80C20C2F38312BB00BA4203F1B2
:1081D0000803B1D902994A1C29400331029204EBE9
:1081E00081010422304608F0B1FE0137E9E7EB686F
:1081F0005B7923B12B6831461B6828469847EB68AA
:108200001D68002DF3D1304608F08DFE0DF10700FA
:108210008DF8075025F036FED4F818320BB9029BC2
:1082200063609DF8070008F0FFFC8EE7D4F8106249
:1082300066B90C4B0C4D0D49ED1AED082D04334673
:10824000324645F0020000F013F87EE7336830460E
:108250009B689847F3681E68EAE700BF543B00201C
:10826000603B0020706C0600B86C0600EA600500F8
:108270002DE9F04F6E4C8BB0CDE90101994603F129
:10828000020A0DF1170000238DF81730A66803923B
:1082900025F0F8FDD4E9013527682B440133DB1BB9
:1082A00004F5077804F5057B9A452CD83D40052355
:1082B000033569F3891344F825309DF817000AEB5C
:1082C0000703236008F0B0FCB81C00224A4502EB0B
:1082D000000140F08380019B0025190C554B53E8A9
:1082E000000FAC4643E800CE9EF0000FF7D1524B92
:1082F000524D80F310005B1BB1EBD30F77D3504985
:1083000040F2A3103CE0012358E8002F02EB0301E8
:1083100048E8001090F0000FF6D14A4A52E8001FDA
:1083200041EA030042E8000C9CF0000FF6D15BE844
:10833000002F42EA03014BE8001090F0000FF6D145
:10834000606806902840033004EB800006A9FEF721
:1083500051F9069AB0B905EA020304EB8303D96820
:108360000791931C01322A4004EB820201F00301C1
:108370000129D2682BD0022907D031494FF4BF70B0
:10838000FFF758FE05EA0200DDE7BDF81E10C1F355
:1083900089110331120C03EB910300215BE8000FFC
:1083A00000EA010C4BE800CE9EF0000FF6D100B1C0
:1083B000636058E8003F03EB020148E8001090F0CA
:1083C000000FF6D163682B440133DB1B6CE7BDF86B
:1083D0001C10C1F38311120C0B44DEE7039B3140E8
:1083E00004EB810153F82230CB6001326EE77B1C35
:1083F000334004EB830341EA0041D960019BDB0079
:1084000003F0380343F0010343EA82133E40029A2B
:10841000033643EA822344F8263094F820321BB115
:10842000FFF712FE0028FBD10BB0BDE8F08F00BFB4
:10843000543B0020703D0020F86C0600706C060074
:10844000FB6005006C3D00202DE9F743424B434E95
:10845000F61A434BF60893F820923604804646F00D
:108460000506B9F1000F69D12AF00EFF3D4C01233A
:1084700054E8005F45EA030244E8002191F0000F50
:10848000F6D1002D65D1D4E90323D11A40292CD18E
:1084900054E8003F03EA050244E8002191F0000F90
:1084A000F6D12A46414638462AF0DAFD7B19216981
:1084B000002203F8012CA36801F14000C01AA84271
:1084C00029D32B44C4E9023354E8000F00EA020C1C
:1084D00044E800CE9EF0000FF6D1E0B15B1AAB424B
:1084E0001ED2214940F20E2018E003F03F0102F0B5
:1084F0003F078F4234BF4033C7F1400300F1010012
:1085000038BF9B1A984228BF1846184B02440546AC
:108510001F44E260C5E7144940F20A20FFF78AFDD4
:108520002944C4E90411124B53E8001F01EA020078
:1085300043E8000494F0000FF6D1B8460D49CDF899
:108540000480012301AA3046FFF792FE03B0BDE884
:10855000F083C846F2E700BF706C0600B86C0600F6
:10856000543B0020382E0020FB600500502E0020D8
:108570003C2E00200BFE0500BFF34F8F0549064B34
:10858000CA6802F4E0621343CB60BFF34F8F00BFB1
:10859000FDE700BF00ED00E00400FA0508B5FEF7B6
:1085A00045F840B14FF080537E4AD3F82433C3F3EB
:1085B0000423C2F84035FEF754F810B17A4B7B4AD9
:1085C0005A67FEF733F848B14FF080534FF08042BE
:1085D000D3F84432C3F34233C2F83C35FEF741F8D6
:1085E00030B1734AD2F8FC3023F08073C2F8FC300B
:1085F000FEF71CF840B14FF080430022C3F80C2175
:10860000C3F81021C3F83825FEF72BF820B14FF03E
:1086100080430322C3F8A025FEF723F860B1654B21
:108620000522C3F810260122C3F888260022C3F8C9
:1086300018263F22C3F814264FF0704393F8E02F1A
:10864000062A50D1D3F8E42F11074CD1D3F8E83FD4
:1086500003F0F003502B46D14FF08052564BD2F826
:108660000414C3F82015D2F80814C3F82415D2F85E
:108670000C14C3F82815D2F81014C3F82C15D2F82E
:108680001414C3F83015D2F81814C3F83415D2F8FE
:108690001C14C3F84015D2F82014C3F84415D2F8BE
:1086A0002414C3F84815D2F82814C3F84C15D2F88E
:1086B0002C14C3F85015D2F83014C3F85415D2F85E
:1086C0003414C3F86015D2F83814C3F86415D2F81E
:1086D0003C14C3F86815D2F84014C3F86C15D2F8EE
:1086E0004424C3F87025FDF7A1FF48B14FF0805333
:1086F0004FF08042D3F8583203F04F03C2F8E43E03
:10870000FDF794FF48B14FF08043D3F80024D2071F
:1087100044BF6FF00102C3F800244FF08053D3F838
:108720003021062A0AD1D3F83431062B01BF234A5F
:10873000D2F83C3743F48063C2F83C371C4AD2F885
:10874000883043F47003C2F88830BFF34F8FBFF313
:108750006F8F4FF01023D3F80C32DB071DD5184B69
:108760000122C3F80425D3F80024002AFBD04FF0DF
:108770001022D2F80C3223F00103C2F80C32104B55
:10878000D3F80024002AFBD00022C3F80425D3F834
:108790000024002AFBD0FFF7EFFE0A4B0A4A1A60BA
:1087A00008BD00BF0030014000C007400DF0ADBA69
:1087B00000ED00E00050004000C00040001000400C
:1087C00000E00140B02B00200090D0034FF08073F8
:1087D00040E90213054B40F80C3C6FF0020340F8EF
:1087E000202C40F8243C4438704700BFB98C02006C
:1087F00070B5EFF3108672B60C4A9468012384B901
:1088000093600B4B0B4DD3F8801029401160C3F8D7
:108810008050D3F8841051604FF0FF32C3F88420A9
:108820002346037006B962B6002070BD3C3B0020B1
:1088300000E100E0FC06FFBD084B9A6810B55AB194
:1088400050B9EFF3108172B6054A1C6814605C6879
:108850005460986001B962B6002010BD3C3B002016
:1088600000E100E00023435082B043580193019B94
:1088700002B0704770B518484FF4A071FFF7F2FFCF
:10888000EFF31186202383F311884FF48071D0F821
:108890000445FFF7E7FF28F0FBFC241A24F07F4390
:1088A00023F001036BB924F07F440025013C0ED274
:1088B00025B10A4B4FF080525A6040BF86F31188B1
:1088C00070BD28F0EBFF0228EDD00124EDE728F081
:1088D0001FFD0543EAE700BF0010014000ED00E086
:1088E000F7B506460DF10700FFF782FF08B108F063
:1088F0001FFA2D4CD4F8047528F096FF002848D0B4
:108900002A4DB54228BF3546EB1923F07F4301229B
:10891000C4F808234FF4A071C4F840352046FFF78F
:10892000A1FF4FF48033C4F80433BFF34F8F86B1F7
:108930001F4B1B7843B91F4A20BFD2F80031D2F831
:1089400004110B43F8D004E0FDF7A0FE08B108F0D5
:10895000EFF94FF480331448C4F808334FF4A07192
:10896000FFF780FF4FF48071FFF77CFF0123C4F80D
:108970000433D4F804050F4BC01B20F07F40A842FD
:108980004FF4003228BF2846C3F8802108B128F0F0
:10899000A7FC0020FFF750FF20B103B0BDE8F04076
:1089A00008F0C6B903B0F0BD00100140FDFFFF00A4
:1089B000383B002000E100E00748006880F30888A9
:1089C00062B661B6BFF34F8FBFF36F8F4FF4F07095
:1089D00080F3118800DF00BF00600200064B1968B9
:1089E0000868B0E8F04F80F30988BFF36F8F4FF04D
:1089F000000080F31188704768F70020EFF30980CA
:108A0000BFF36F8F144B1A681EF0100F08BF20EDD4
:108A1000108A20E9F04F10604DF8043D4FF020001F
:108A200080F31188BFF34F8FBFF36F8F28F0E2FD03
:108A30004FF0000080F3118808BC19680868B0E89E
:108A4000F04F1EF0100F08BFB0EC108A80F30988B9
:108A5000BFF36F8F704700BF68F7002000F1080375
:108A60004FF0FF32C0E9022343600361002303603B
:108A7000704700230361704743684B609A688A60BF
:108A8000516099600368086101330360704730B535
:108A90000C68631C0AD103695A684A6091608B6054
:108AA0005960036808610133036030BD00F10802BA
:108AB000134652681568A542FAD9EDE7914208B508
:108AC000416000610AD8D21A83699A420DD2084BDC
:108AD000011D1868FFF7DBFF002008BD9A4201D294
:108AE000994202D2034B011DF3E70120F5E700BFD5
:108AF000EC3A0020E83A0020D0E9011203698A60CC
:108B000051605968814208BF5A60002202611A68A8
:108B1000013A1A601868704770B50346007868B16A
:108B20001946002011F8014F02460130002CF9D1FE
:108B3000591E15461344AC1AA24200DC70BD11F850
:108B4000014F1E780E70013A03F80149F3E74068BF
:108B5000FFF776B880F8481C002100F54460FFF765
:108B6000F6BFA0F12400FFF7F5BF70470A460221C7
:108B7000FEF765BA08B1FEF737B9704708B1FFF7DD
:108B8000F9BF704710B50446FFF7F8FF204610BD47
:108B900010B50446FFF7F2FF204610BD10B504469D
:108BA000FFF7ECFF204610BD10B50446FFF7E6FFC7
:108BB000204610BD10B50446FFF7D2F92046FFF756
:108BC000DDFF204610BD10B504460430FDF78CFCD7
:108BD0002046BDE81040FFF7EDBF10B50446FFF793
:108BE000CDFF204610BD10B50446FFF7C7FF204655
:108BF00010BD10B50446FFF7C1FF204610BD10B5EB
:108C00000446FFF7BBFF204610BD10B50446FFF732
:108C1000B5FF204610BD10B50446FFF7CBF920463E
:108C2000FFF7ACFF204610BD10B504460430FDF739
:108C300068FD2046BDE81040FFF7EDBF10B50446C3
:108C4000FFF79CFF204610BD10B50446FFF796FFC6
:108C5000204610BD10B50446FFF7B8F92046FFF7CF
:108C60008DFF204610BD10B504460430FDF768FDA9
:108C70002046BDE81040FFF7EDBF0846FDF7ECBF0A
:108C80000846FFF777BF000008B50248422125F0EB
:108C9000DDF800BF4C61050008B500BE09F0D6F84C
:108CA00008B50A46202383F311880146022006F006
:108CB00033FFFFF7F1FF000008B5064B1B680133D7
:108CC00003D005489E21FFF7EBFF202383F3118893
:108CD000FEE700BF503B002057610500324B07B54F
:108CE0001A68324B9A4203D03148B021FFF7D8FFBF
:108CF000304B1A78D2B20192FF221A701B782E4A9A
:108D0000DBB28DF803309DF8033003F001031370DC
:108D10002A4A0723136000219DF80300000603F18F
:108D2000FF3437D401B1136013681F4C03F00703FD
:108D30001360019B1F4ADBB2E025137084F82250B8
:108D400025F0B6F81E4B1F22C3F808250122C3F8F0
:108D500004239A601A600222C3F84423194B4FF48B
:108D6000003283F811531A60174B00221A60D4F8AE
:108D70008830164A43F47003C4F88830536B43F0CC
:108D800040435363236943F010032361FFF714FE4C
:108D9000FFF792FF9DF803305B00DBB28DF80330E4
:108DA00001212346B8E700BF00ED00E041C20F41BA
:108DB0005761050000E400E04C3B0020483B0020E8
:108DC0000010014000E100E0503B002000EF00E017
:108DD00008B5202383F31188084A13680133012B57
:108DE000136009D1064B5B68C3F3080323B1054840
:108DF00040F21111FFF754FF08BD00BF503B0020A7
:108E000000ED00E057610500074A08B5136823B973
:108E100006484FF48C71FFF743FF013B13600BB919
:108E200083F3118808BD00BF503B00205761050047
:108E300070B50446FFF7CCFF94F8455004F12406C2
:108E40006DB2002D14DCFF2384F84530FFF7DCFF02
:108E5000FFF7BEFF94F8445004F110066DB2002DE8
:108E600012DCFF2384F84430BDE87040FFF7CCBF2C
:108E7000636A002BE7D0304628F04EFC08B128F09A
:108E8000CDFC013D6DB2DCE72369002BE9D0304613
:108E900028F042FC08B128F0C1FC013D6DB2DEE7CC
:108EA00038B5144DFFF794FF2C68DCB91249084619
:108EB000FFF7D4FD1148FFF7D1FD114B1960114B9D
:108EC000102118600A2027F019F8286050B10E4AC6
:108ED000234652F8334002EBC3013CB90B4C42F835
:108EE00033404860BDE83840FFF78EBF0133082BA0
:108EF000EFD1F7E7F43A0020D03A0020BC3A002046
:108F0000E83A0020EC3A0020F83A002064610500BD
:108F100008B5EFF30583C3F308030F2B0DD903F155
:108F2000E0230C4AF033127893F800339A4204D9C4
:108F30004FF4A9710848FFF7B3FE084B084ADB68F5
:108F40001268C3F302239A4202D24FF4B171F1E7DF
:108F500008BD00BF4C3B00205761050000ED00E05C
:108F6000483B00202DE9FF410446019120B940F221
:108F700091515448FFF794FE056C15B140F295519C
:108F8000F7E728F08BFC064630B32E46DFF8388131
:108F90000027FFF71DFFA36B23B3013BA3632368E7
:108FA00013B928F051FDA06023696BB104F11000E2
:108FB00028F0B2FB40B1444B4FF080525A6040BFA2
:108FC000BFF34F8FBFF36F8FFFF71EFF012004B079
:108FD000BDE8F0813546D9E7019B002BFAD040F27D
:108FE0009A51C6E7019B23B9002D67D040F2E151A9
:108FF000BFE716B902A828F0CFFBFFF705FF28F05E
:109000003FF9FFF7E5FE94F84430FF2B08BF84F8E2
:10901000447094F84530FF2B08BF84F84570FFF783
:10902000F3FE01A902A828F0C3FB68BBFFF7D0FE3E
:10903000A36B03BBFFF7E8FE23683BB9FFF7C8FE4D
:10904000A06828F03BFC0546FFF7DEFE019904F11D
:10905000240028F029FB2046FFF7EAFE28F0ECF96F
:1090600080B94FF08053C8F8043040BFBFF34F8F32
:10907000BFF36F8F06E0FFF7C7FE2046FFF7D8FE6D
:1090800028F0DAF9012684E72046FFF7D1FE28F020
:10909000D3F9FFF79DFEA36B13B1FFF7B5FEF1E720
:1090A000FFF7B2FE65B1FFF793FE616A19B1236B5A
:1090B0001968C1F10501A06828F07CFCFFF7A4FE47
:1090C000002084E770F1050000ED00E010B50446D3
:1090D00018B90648512124F0B9FE4FF4205120461A
:1090E000FFF740FF0128F8D110BD00BFDA6005008E
:1090F0000EB4F0B5384B1B7890B00646002B61D00B
:10910000364D2B6813B9FEF76DFF2860344F286881
:10911000FFF7DCFF16AB159A01934FF480713846C8
:1091200029F018FF002852DBFF284FF00004C4BFCD
:1091300087F8FF402B4CFEF759FE0023029007A949
:1091400002A803932AF0CCFA099B0A2293FBF2F1BE
:1091500002FB113330338DF81130089B01F13000E0
:109160008DF8100093FBF2F002FB103330338DF8D2
:109170001430079B3A218DF812108DF8151093FBCF
:10918000F2F102FB113300F13007303301F130000E
:109190008DF816008DF8173004A820238DF8137071
:1091A000ADF81830FFF750F90D48FFF74DF916B13B
:1091B0000D48FFF749F90A4816F00EF844B9286837
:1091C000FEF728FF10B0BDE8F04003B07047074C31
:1091D0002046FFF739F9F2E79C3D0020A03D002032
:1091E000A43D002069610500B36105008F610500A1
:1091F0002DE9F0472D4B1C685368C4B006460F4656
:1092000015463BB113892BB1D06826F01CF9002C10
:109210003BD018BB0DF1100843462025C246002262
:10922000013D43F8082BFBD14FF040090CB1202D34
:1092300018D1002C1E4B029308BFC82202AB18BFE6
:10924000642239463046ADF80050CDF804A0CDF880
:109250000CD0FDF7E2FF44B0BDE8F087431EE468A0
:1092600098B2D4E760682AF00FF809308144B9F564
:10927000E97F08F10808DCD8636848F8083C237ADD
:1092800008F8043CE4680135D0E7E86826F0DBF82C
:10929000084902460120FFF72BFF4FF4D0723946F0
:1092A000304644B0BDE8F047FDF7B5BFEC3E0020C6
:1092B00011010300B66105002B4B2DE9F341D2F8F3
:1092C0000C801D6806460F461446A5B9274942463C
:1092D0000120FFF70DFFE26825490120FFF708FF95
:1092E0004FF4CA7242F480323946304602B0BDE8CB
:1092F000F04126F0BFB86868414629F0EDFD08B19D
:10930000ED68E2E76169012201A829F0A9FE01A93F
:109310002846FDF799FDFF28014616D008B9C82256
:10932000E0E7284625F050FD0028F8D161690122C8
:1093300001A829F095FE9DF80420E3680D4901205D
:10934000FFF7D6FE4FF4FA72CCE76169012201A85B
:1093500029F086FE9DF8042007490120FFF7C8FE8A
:109360004FF4C872BEE700BFEC3E0020DF6105008D
:10937000FA6105001A620500466205002DE9F04F0A
:109380008DB0054690460491002979D003689B680A
:10939000984704462846FDF74BFEC0F303131946D1
:1093A000060C0546E069039325F074FD314620461E
:1093B00004F0A4FE814620B940F24D21314824F04A
:1093C00045FD606906F0EAF804F12C03C246002767
:1093D0000593D3460598BBF8001009AB06AA04F024
:1093E000C3FFC8280AF1020A064610D02B4642469F
:1093F0003946204625F09CFD606906F0DBF809A897
:10940000ADF8246025F0CCFE0DB0BDE8F08F089BD0
:10941000039A9B78C3F34303934202D040F25E2148
:10942000CCE7BDF82C104FF6FF7399421CD02046B4
:1094300004F064FE10B940F26321BFE706A804F00F
:10944000E2FF114A0192BBF80010009103460F4958
:109450000120FFF74DFE2B4642463946204625F0B7
:1094600067FD40F29316C7E7B9F80630ADF82C3027
:1094700009A804F097FF049B0137BB42A9D1BBE7C1
:10948000C820C1E78A5F0500B56105006C62050070
:1094900010B5064A01210446FFF770FFC82806BF31
:1094A000012084F83400002010BD00BF04840500B2
:1094B000A0F12C00FFF7ECBF07B5ADF806100DF1D9
:1094C00006020121FFF75AFF03B05DF804FB10B557
:1094D0004FF486710446FFF7EFFFC82814BF04233A
:1094E000012323740CBF0120002010BDA0F108004F
:1094F000FFF7EDBF10B5054A01210446FFF73EFF17
:10950000C82806BF01202074002010BD0882050075
:10951000A0F10800FFF7EEBF10B5154A04460F2171
:109520001030FFF72BFF134A072104F12800FFF743
:1095300025FF636B5A6D511C596503EB820304F1DF
:1095400030029A6540F2071104F15800FFF7B4FFAA
:109550004FF4847104F16000FFF7AEFF40F2111187
:1095600004F1C800FFF7A8FF0120207210BD00BF62
:10957000307005004E70050070B5856986B00446F0
:1095800035B92449012006B0BDE87040FFF7B0BDF1
:1095900004AE026903923046EB89FDF70DFD297C8C
:1095A000039AADF810100C2909D1AD69217B0595FE
:1095B00005292CD8DFE801F00D171B1F232701F028
:1095C000FD010D2903D114484E2124F03FFC18352C
:1095D000ECE7216800964D6921892046A8470023C1
:1095E000A36106B070BD216800968D69F4E721681B
:1095F0000096CD6AF0E7216800960D6BECE72168D4
:109600000096CD69E8E7216800960D6AE4E7034813
:10961000FD21DAE753A4050000600500A360050002
:10962000F8B504460E4608F0D7FC2146C06925F07F
:1096300025FC044627F024FE23694FF00C0C987893
:109640000023834208D327F0F7FE0B4A0B49012081
:10965000FFF74EFD00250AE0E16B0CFB03F28D18CD
:109660008F5837B90C346E608C5027F0E5FE2846D1
:10967000F8BD0133E5E700BFC3620500C76205001E
:109680002DE9F04F1F469BB090460446FDF72EFF94
:109690003B7A249E18F0800FC0F3400A1CBF08F0EC
:1096A0007F084FF0010A13F0020FC3F3800200F0AD
:1096B000010508BF01255B07C0F3800E48BF964631
:1096C000E28B44BF012384F82130C1F30F493B688A
:1096D000002A4BD002F1010C1FFA8CFCA4F81EC02A
:1096E00003B11A8045EA4A0545EA8E0520F0070CC9
:1096F00005F0070545EA0C0565F3070001258DF81F
:1097000010509DF81150ADF8122068F3030505F0D4
:109710008F056FF3C7158DF8115065680022CDE9EC
:109720000510A261002D76D06FF47F4CAA89002A23
:1097300071D02A78092A1DD0A2EB0800424242418A
:10974000B5F808E0BEF1000F03D02089013086454E
:109750000ADCB5F80AE06868BEF1000F0CD160457C
:1097600001D0814200D182B92835DFE74FF0020CE9
:109770000122B3E70122E3E7604501D08142F3D142
:10978000002AF1D022897245EED22289A5610132E8
:1097900092B22281A88918B9D321614824F056FBDE
:1097A00003B11A80EB8922890B91ADF830308DF826
:1097B0002880ADF82A20ADF82E900D950AAB0FCB7E
:1097C00004F10C0686E80F00182094F82070FDF7CD
:1097D0006BFE544B0360544BC0E90134534BC360E0
:1097E00000240646046101463846FFF719FF706100
:1097F00010B94FF48A71D0E704722146FEF720FABF
:1098000004A8FDF765FEAC8904A8FDF7EBFF204630
:109810001BB0BDE8F08FB8F1010F70D17368002B59
:109820006DD036F833300D2B69D194F82230FF2BF0
:1098300072D1236820469B689847D0F828A00AF187
:1098400010080021404608F0A5F9C0B2FF2884F8AE
:10985000220051D071684A1E06EBC101D1F804B054
:10986000BBF1000F02D140F2A11196E730490B92F3
:109870000A910DF128090025AA4209F1080932D8F8
:10988000DAF81820DAF82060958894F822205543F9
:109890007319BDF812205A8072537A68C3E9012BFC
:1098A0000023CDE9073203238DF8243023682046B6
:1098B0009B68984707AB0AAA04A909F015FDADF803
:1098C0000E00FDF7FDFD40B97051404694F822109E
:1098D00005F0F2F8FF2384F822300DF10E0025F098
:1098E0005FFC044690E7013506EBC501484601924E
:1098F00025F0B5FD019ABFE740F2FB1484E7236829
:1099000020469B6898473B46324604A909F0ECFC88
:10991000ADF828000AA8E2E740F2A71474E700BFF8
:10992000A3600500E0820500F4820500799502003D
:109930000883050007B5044B0093044BFFF7A0FE16
:1099400003B05DF804FB00BF5CEC002064EC002079
:1099500038B5044610490120FFF7CAFB94F83C30A3
:1099600073B104F108050522216C2846FFF7E2FFD8
:109970000246FDF735F938B908490120FFF7B8FB71
:10998000032384F8343038BD216C284627F01CF9B5
:10999000002384F83C30F3E7DD620500FE62050039
:1099A000A0F12C00FFF7D4BFF0B50446224987B0E0
:1099B0000120FFF79DFB94F83C70002F39D104F192
:1099C00008061E4904F14002304625F0C7FC054652
:1099D000FDF706F9D8B10DF10A03CDE903370323EA
:1099E0008DF81430164B0093216C03AB04223046E3
:1099F000FFF746FE0546FDF7F3F8B8B91149012017
:109A00002A46FFF775FB216C304627F0DDF8284623
:109A1000FDF7E6F820B90C492A460120FFF768FB5C
:109A20000223012084F8343007B0F0BD012384F80C
:109A30003C30CA25EBE700BF1F630500416305000A
:109A40005CEC00204D6305006C630500A0F12C0068
:109A5000FFF7AABF07B5090CB1F5206F06D1054B7A
:109A600000930549054B8022FFF70AFE03B05DF81D
:109A700004FB00BF5CEC00200F000537202F002006
:109A80007FB590F8483C63B10023CDE9033302234E
:109A90008DF81430044B0093044903AB8022FFF788
:109AA000EFFD07B05DF804FB5CEC00201F00013205
:109AB00010B5C82B8CB0044605D1C06A0CB0BDE807
:109AC000104006F0B5BD40F2AD1293422ED1194BB5
:109AD0004FF080525A6040BFBFF34F8FBFF36F8F7C
:109AE00090F828208DF80B2000230222CDE90333C3
:109AF00007920323104A8DF814300692436A0F4AE6
:109B00000DF10B010AA8CDE9082325F0D7FA06AB21
:109B100000930B4903AB01222046FFF7B1FDFDF78F
:109B2000CFFC28B93D21074824F090F94321FAE7FA
:109B30000CB010BD00ED00E05C7205000C000300ED
:109B40000F000C018C63050010B58AB090F8282036
:109B50008DF80F20022205920E4A436A04920E4AA3
:109B600004460DF10F0108A8CDE9062325F0A6FA59
:109B700004AB009309490A4B01222046FFF780FD00
:109B8000FDF79EFC18B907482D2124F05FF90AB0B3
:109B900010BD00BF5C7205000C0003000F000C013B
:109BA00064EC00208C63050043F20671B1EB124FA8
:109BB00004D103491A460120FFF79ABA704700BF43
:109BC0009E63050070B51D4C1D4D204626460021A4
:109BD00024F0DAFB1B4B46F8083B1B4A08232946B6
:109BE0000120FFF785FA3046002124F0CDFB174B0A
:109BF000174AA360294608230120FFF779FA04F1E8
:109C00001000002124F0C0FB124B23614FF6FF73BC
:109C1000238329461423104A0120FFF769FA0822FA
:109C200004F11C00002129F053FF0C4B0C480122C9
:109C3000BDE870401A6029F0A6BC00BFA82E002025
:109C4000D563050094710500C3630500D07105005C
:109C5000E56305000C720500F8630500A42E0020E2
:109C6000A16B02000C4B1B68DB0710B5044601D446
:109C7000FFF7A8FF40F20B110848FFF71DFC4FF457
:109C800085710748FFF718FC40F209110548FFF7F6
:109C900013FC0120207210BDA42E0020A82E00204D
:109CA000B02E0020B82E002038B5104B1B68DB0703
:109CB000054601D4FFF786FF0D4C40F20B112046FC
:109CC000FDF7FCF94FF4857104F10800FDF7F6F992
:109CD000218B04F11000FDF78AFA40F2091104F11A
:109CE0001000FDF7EBF900232B7238BDA42E0020E5
:109CF000A82E002070B5124C124E20462546002199
:109D000024F042FB104B45F8083B104A082331462B
:109D10000120FFF7EDF92846002124F035FB0C4B1C
:109D2000A3600C4A082331460120FFF7E1F90A4BF2
:109D30000A480122BDE870401A6029F024BC00BF27
:109D4000942E0020D5630500F47005000A64050018
:109D50003071050017640500902E0020C56B0200CD
:109D60000A4B1B68DB0710B5044601D4FFF7C2FF9E
:109D700040F20F110648FFF79FFB064A06480321F1
:109D8000FFF7FCFA0120207210BD00BF902E0020CA
:109D9000942E0020647105009C2E00200A4B1B6845
:109DA000DB0710B5044601D4FFF7A4FF40F20F1102
:109DB0000648FDF783F9064A06480321FDF73FF9F7
:109DC0000023237210BD00BF902E0020942E00208F
:109DD000647105009C2E002038B5044678B90C4803
:109DE0005F2124F033F84FF420512046FFF7BAF8F2
:109DF00028B1E368012803F10103E36007D0A568F7
:109E000027F046FD8542EED1E3680133E36038BDBB
:109E1000DA60050010B520B90D4840F2B771FEF7C1
:109E20003FFF0C4A002352F8331088424FEAC30424
:109E300009D1094A002142F8331022445160BDE89B
:109E40001040FCF7D1BF0133082BECD1F7E700BF7E
:109E500070F10500FC3A0020F83A002007B5FFF742
:109E60001FF80B4B1B6823B90A484FF48971FEF7A2
:109E700017FF094B01930423009308490848002366
:109E80005A2227F087F80028EED003B05DF804FBD3
:109E9000F43A00202A640500F03A002033640500FB
:109EA0003D9F02002DE9F047DFF88C80064627F041
:109EB000EFF9D8F800308342054609D91B4F3B68BB
:109EC0001A6862B91A4A116839601360012300E008
:109ED00000233360C8F800502846BDE8F087DB68EF
:109EE000DC68D3F8009004F1040A5046FEF704FE43
:109EF000636A20469847E369012BE0D1A3694B448C
:109F0000994506D23868636024615146FEF7BFFD6B
:109F1000D5E700234A461946204625F09BFE002837
:109F2000CDD1044840F27231FEF7BAFEE83A002083
:109F3000EC3A00202A640500E43A002080B5DFF8FE
:109F4000D08288B0AD4D2B681E6876B3DB681E6882
:109F5000002427F095F904A8FFF7A4FF049BA84F5D
:109F60008146002B62D174BBB04232D327F064FA31
:109F70002B68DB68DD68281DFEF7BEFDEB69012B51
:109F800015D1A96933464A4631442846FEF796FD65
:109F900068B1234632462146284625F05BFE30B99B
:109FA0004FF4F4719748FEF77BFE0124D1E76B6A0A
:109FB0002846984700263C680196002C64D14FF44F
:109FC000A0619148EFE7914B1B681C68B4FA84F4D8
:109FD00064093D68FEF7FCFE95F84430FF2B04BF92
:109FE000002385F8443095F84530FF2B04BF00234B
:109FF00085F84530FEF708FFAB6B33B92246A6EB78
:10A00000090105F1240027F069FB2846FEF710FF3F
:10A0100027F012FA0028CDD17D4B4FF080525A60C4
:10A0200040BFBFF34F8FBFF36F8FC3E727F004FA32
:10A03000C0E7A169059B20461944FEF73FFD0028B3
:10A04000B9D0636A20469847E369012BB3D10599DB
:10A05000A26900230A442046194625F0FBFD00288A
:10A06000A9D140F201319DE70599A16111B94FF4E1
:10A07000467197E7034601442046FEF71FFD9AE725
:10A080002046FCF7B1FE96E727F008FC20B9019BBB
:10A0900013B140F2095194E7FEF79AFEA56B002D2B
:10A0A00052D0226C5AB1E368A16813448B42E3603A
:10A0B00024BF2368E360E16804A828F0D1FF013DD4
:10A0C000A56323696BB104F1100027F025FB40B1B3
:10A0D0004F4B4FF080525A6040BFBFF34F8FBFF3DA
:10A0E0006F8FFEF791FE049B002B07DA059BDDE9DD
:10A0F00006019847049B002BFFF65DAF069C636941
:10A1000013B1201DFEF7F8FC6846FFF7CBFE049B59
:10A110000246092B3FF64FAF01A151F823F000BFD3
:10A1200033A0020033A0020033A00200B79F020058
:10A1300069A0020081A0020033A0020033A0020047
:10A14000B79F020069A00200019B7BB302A827F021
:10A1500023FBFEF759FE27F093F8FEF739FE94F83B
:10A160004430FF2B08BF84F8446094F84530FF2B3F
:10A1700008BF84F84560FEF747FE01A902A827F052
:10A1800017FB70BBFEF724FEA36B93B1FEF73CFEFA
:10A190002046FEF74DFE27F04FF9FEF719FEA56B9E
:10A1A000002D7FF47EAF019B002BD2D1FEF72CFE59
:10A1B000C8E6FEF729FE019904F1240027F074FA9D
:10A1C0002046FEF735FE27F037F90028E5D14FF09D
:10A1D0008053C8F8043040BFBFF34F8FBFF36F8F79
:10A1E000DBE72046FEF724FE27F026F9FEF7F0FD18
:10A1F000A36B002BDAD0FEF707FECEE7E83A00208B
:10A20000F43A00202A64050070F10500EC3A0020C1
:10A2100000ED00E008B5084B08483822002908BFC7
:10A22000194628F06DFF064B002283F83F20054AAF
:10A230005A60FEF731FD00BF3B64050098FF002027
:10A2400090FF002004870EFEF0B5002485B0204664
:10A2500001341BF0C1FF202CF9D1744B744E5A69A4
:10A2600042F400725A615A6942F010025A617F2327
:10A27000B3600023C6F81832C6E900336D4AC6F849
:10A280001432012386F820326B4B136003231168CC
:10A29000481C10600B70013BDBB2FF2BF7D1674B02
:10A2A000674D684900245C60C3E904441C609C60FD
:10A2B000DC600123C5E90434634B1471AB61C5E96B
:10A2C0000B43624B624AEA61C5E90D344FF40072F8
:10A2D000AC622C64EC636C64E81D2A626C6228F04A
:10A2E00005FE5C49284628F001FE2023AB71D6F814
:10A2F00010321A46002A55D15749584A0C71002B82
:10A300005CD1C6F810220B60554B186801244FF43D
:10A31000007322464C718068524928F0BDFF5249B3
:10A320002046FEF7E5FE51481BF0BAFB504B1B7868
:10A33000002B48D106F054FC08B106F0F9FC4FF0B0
:10A3400080430022C3F8042101229A60D3F804213B
:10A35000002AFBD0D3F818254649474E0120FEF7C6
:10A36000C7FE05F081FF454B454A1860454B1A6012
:10A37000327852BB01233370434BC3F80C254FF4A2
:10A380007022C3F804250221102006F0EFFB3F4B9A
:10A390004FF480321A603478012C1AD03C498A205C
:10A3A000FDF748FED26811798C4201D01268A1E70E
:10A3B00001340A2C9DD137494120F1E7DB68186848
:10A3C00008601A60A0E78520B7E7082006F0B0FC17
:10A3D000E1E7314D00230DF10F008DF80F3023F030
:10A3E00051FD2B78072B13D82C4A13705A1C2A7056
:10A3F000254AD2F808159C400C43C2F808459DF840
:10A400000F0006F011FC2B7853B921497220C7E7E1
:10A410009DF80F0006F008FC042006F089FCF2E726
:10A420003578012D3CD01A497320B9E700ED00E0E2
:10A43000543B0020302E00202C2E0020382E0020EF
:10A440008C3800204C640500436405008C360020E5
:10A450008C36002050640500A82B0020346D0600C7
:10A46000182C0020BC38002057640500F881050036
:10A4700078360020726405007036002074360020A3
:10A4800061DE02006C3600200000014000E100E0C7
:10A490008C6405005D660500713600207236002070
:10A4A000674B6849C3F804531D6002233370284684
:10A4B000654EFEF71DFE052333704FF08043634960
:10A4C000D3F8204528462246FEF712FE604B04F0E2
:10A4D0007F021A7014F0FF0318BF337033789C4268
:10A4E0005C4C15D05C490120FEF702FE32785B49D6
:10A4F0000120FEF7FDFDFF2101200DF071FA21780A
:10A5000001200DF06BFA564902460120FEF7F0FDDE
:10A510005449002501202570FEF7EAFD4FF08043E5
:10A520005149D3F81C250120FEF7E2FD4F4B1D6079
:10A530004F4B00200021C3E900012820FCF78CFBD1
:10A54000044660B1FEF7ACFC4A4B23604FF48062D6
:10A550000123C4E90623484B25626362656126F046
:10A5600097FE02462046454C4FF0FF33012125F06F
:10A5700071FBD4E900014FF47A7200232BF092FCB6
:10A5800002460B4601203E49FEF7B2FDD4E90031F8
:10A59000082200255D40013A4FEA132343EA016394
:10A5A000EDB24FEA1121F5D1364E37493378374FA6
:10A5B0002A460120FEF79CFDD4E90032134302D065
:10A5C0003378AB422AD032490120FEF791FD0022B8
:10A5D0000023C4E900237B23337017A3D3E90023AE
:10A5E0002C490120C7E900230124FEF781FD2A49F7
:10A5F0004FF480620120FEF77BFD00234FF4806260
:10A60000264900942648FCF7FDF920462549FEF727
:10A610006FFD26F0F9FD002005B0F0BD22490120B4
:10A62000FEF766FDD4E9001440F634000A1844F140
:10A630000003D5E7AFF3008000B0CAA24A010000D2
:10A6400000000140D164050069360020E464050083
:10A65000A62B002068360020F96405002E65050051
:10A6600040650500596505006E650500983D0020B0
:10A67000903D00208A650500017E020088FF0020D1
:10A680008F65050080FF0020AB650500803D002040
:10A69000BF650500066605001B660500506F0500D6
:10A6A00031AA02004C660500ED6505007047704751
:10A6B0000CB4F0B597B01CAB0D46124953F8042BFF
:10A6C0000C68009302AE50210746304628F042FC49
:10A6D0000D490196012301AA0420FDF7C9FD54B1DB
:10A6E000237C022B07D15FB9E37E23B13246294692
:10A6F000204614F0EDFC17B0BDE8F04002B0704702
:10A70000237FF2E7602F0020B666050000000000FE
:10A710002DE9F04F2DED028B0C0CB7B04C49804663
:10A72000154601202246FEF7E3FC43F602339C4225
:10A7300040F083802846FCF745FC43A7D7E9006733
:10A740009FED448ADFF824A1054600F104090024A6
:10A75000AB889C4204D337B0BDEC028BBDE8F08FD0
:10A7600021464846FCF748FAD0ED027A90ED007A8F
:10A7700067EE887A27EE087AFDEEE77A8346CDED1C
:10A78000017AD0ED017A67EE887A5246FDEEE77ADB
:10A790000321CDED007AFDEEC77A012017EE903A45
:10A7A000FFF786FFDBED010A9BED000A27F0AAFA0E
:10A7B000DFED297A60EE277A17EE900A2BF058F831
:10A7C00032463B462BF0D6F92BF044FB0FFA80FBC8
:10A7D000224A5B4603210120FFF76AFF204B2149F3
:10A7E0001A68342041F822B0013292FBF0FC00FBE1
:10A7F0001C221A609AB9D02202A828F031FC0A2241
:10A8000036A902A823F0AAFA12A902A823F085FA11
:10A8100011A92522013A04D11C9BC8F84430013407
:10A8200096E751F8040F0B4653F804CC604501DB62
:10A830001860EFE743F804C9F6E70B48C52123F099
:10A8400005FB00BFAFF30080182D4454FB210940E5
:10A85000BF66050000007A44000034431B67050012
:10A8600058EC002088EB0020995F0500F166050098
:10A87000A0F10800FFF74CBFF0B587B01F460123D9
:10A8800004460D4603930C99074B029304A8164601
:10A8900024F0FEFF02AB009332463B462946204699
:10A8A000FEF7EEFE07B0F0BDD08205002DE9F04FB7
:10A8B00043F2057187B0B1EB124F0446109849D1AD
:10A8C000C82B05AE28D1FCF77DFBB0F800804568A9
:10A8D000B8F1000F20D0DFF898B0DFF888A0DFF8DB
:10A8E000949000272B7B1BB91C48352123F0AEFA2E
:10A8F0002A69039259460120FEF7FAFB039A059252
:10A90000009653460322494620460137FFF7B4FF1D
:10A91000B84505F11405E5D8114B00930322114BFE
:10A9200011492046FEF7ACFE0223314620468DF841
:10A930001430FCF78FF80323314620468DF814308D
:10A94000FCF788F809490522204607B0BDE8F04F1A
:10A95000FEF7F0BF07B0BDE8F08F00BF906F0500B5
:10A960005CEC002064EC00200F0001371F00000A9F
:10A97000386705000F000637037C013BDBB2037428
:10A9800013B903685B68184770472DE9FF41437CA2
:10A99000012B05461FD003681B6B9847C8281BD1A5
:10A9A000EE6801236B74B06804F0F8FD06F1140141
:10A9B00002A815F0BCFB06F10C080027029BBDF8AD
:10A9C0000C20DB899A420AD1B06867B304F0F2FD2B
:10A9D000304615F0F7FAC82004B0BDE8F08102A8AF
:10A9E00003F0C3FA90F827300446C3B9C36A9D4206
:10A9F00015D1837B012BDFB210D1FDF72EFA022394
:10AA0000A373E37B206143F01003E3733A4601AB89
:10AA1000214640468DF8047015F00AFC012702A873
:10AA200024F071FACAE704F0C5FDD4E77047704717
:10AA30002DE980489849DDB00120FEF759FB974B7E
:10AA40000124C8201C70FDF74FFA95480268224087
:10AA50002ED19449944B0B603C21D980A02159817F
:10AA60004FF44871998140F2FF31D9814FF6FF715F
:10AA700019839985A3F84010FF211A615A621A8040
:10AA80005A809A801A81C3F813205A839A83DA83F2
:10AA90001A845A84C3F82720DA851A865A869A8639
:10AAA000DA86A3F84210A3F8482083F84A2004600D
:10AAB0007E490B6813F0010307D17D4AC2E90033D8
:10AAC00093607C4B1A6001230B607B490B6813F089
:10AAD000010308D1794A7A4810607A48C2E9013303
:10AAE000012302600B6005F0BDF84FF4FA237649AC
:10AAF000D3F8009007460120FEF7FAFA4FF08041A4
:10AB0000D1F80026D1F80436D1F81006D1F8141681
:10AB1000CDE900016D490120FEF7EAFA6C481AF010
:10AB2000BFFF1F201AF0DAFD6A4B1B78EBB906F065
:10AB300007FF02466849694D0120FEF7D9FA022352
:10AB400000936749674800234FF4DC72FBF75AFF14
:10AB500000242B786BB90220FDF7C6F9632C06D1CF
:10AB6000614840F26F1123F071F90822E2E70134E5
:10AB7000EFE762005D490120FEF7BAFA5C49012067
:10AB8000FEF7B6FA5B485C4B0360002117F0ECFF60
:10AB9000059020B159494FF4AA70FDF74BFA05F022
:10ABA00063FB574B186018B954494FF4AC70F4E785
:10ABB00005F05AFB534B186018B950494FF4AE706A
:10ABC000EBE7514E3378F3B905F04EFB4F4D28605B
:10ABD00005F04AFB4E4B4FF4FA241860286805F044
:10ABE000A5FB22684B4B9A42224631D14A490120AB
:10ABF000FEF77EFA286805F01BFD012333704749F4
:10AC00000120FEF775FA4648464C1AF049FF0DA898
:10AC100005F04EF84FF0FF3005F04CF894F84E3048
:10AC2000002B40F0A48004F12702FF210133DBB2A6
:10AC3000202B02F8011FF9D13A4A00234FF0FF31CF
:10AC400002F14000072B42F8041B20D80133F9E73A
:10AC500035490120FEF74CFA344B059A1A8005F06D
:10AC600001F860B932490120FEF742FA3149204625
:10AC70001BF05AF830490120FEF73AFABFE72F4996
:10AC80000120FEF735FA059803F07CF8F2E7092B6E
:10AC9000C15455D00923D5E7596705009C3D0020D4
:10ACA00064360020043100201836002014360020BD
:10ACB000083600206831002004360020F8350020D6
:10ACC000487F050000310020796705008F67050087
:10ACD00058800500383B0020CA6705006C31002011
:10ACE000E167050015160300E8670500F067050039
:10ACF0000A680500E82C0020807F05001868050020
:10AD000004300020003000201430002010300020DB
:10AD10000C3000206516775E4A6805000E69050054
:10AD200050800500183000206C68050008300020B5
:10AD30008B68050085DD0200D4680500AF6805005A
:10AD400004220021544828F0C3FE544BE02283F82B
:10AD5000062340221A604FF4BE701BF031FC504BAA
:10AD60004FF00042C3F80423012384F84E3000233F
:10AD70004C4A194642F823100133202BFAD14A4994
:10AD80004A4D0120FEF7B4F949481AF089FE4948B6
:10AD90001AF086FE48481AF083FE48481AF080FEF2
:10ADA0002C781CB140F225214548DCE6FDF71AF964
:10ADB000DFF82881C8F8000010B940F22921F3E734
:10ADC000012021F09FFD0126D8F80000ADF8884051
:10ADD0002E70FEF77BF93B4B1C780DF1880B6CB1A4
:10ADE000D8F80000FDF716F937490120FEF780F981
:10ADF00004F0CCFE002875D1FDF74EFF30461BF065
:10AE000009F8DFF8DCA025461423CDE9016319AB6E
:10AE100000931AF8011B02235A4601201BF04AF93D
:10AE2000A04001342844042CC5B2EDD101201BF010
:10AE300065F8D8F80000254CFDF7ECF80C2D0CD087
:10AE40000D2D12D0012D1ED1214B25704FF4003253
:10AE50001A60204B00221A70C6E71D4B26704FF473
:10AE600080221A601B4B1E70BEE7194A0223237012
:10AE70004FF400331360174B002119704FF48021F9
:10AE800051605E70B0E714492A460120FEF730F9A0
:10AE900000232370A8E700BF6230002000E100E03B
:10AEA000006000406830002024690500FC3000206C
:10AEB0001880050008800500D07F0500B87F0500D8
:10AEC00034690500F53000205C690500F43000208D
:10AED000EC300020E83000203D690500F83000200B
:10AEE000A07F050004F052FE002885D00D9C9CBB7D
:10AEF00016201AF0FCFBC4490120FEF7F9F87D2367
:10AF00005846239322948DF88E40ADF890408DF8EA
:10AF10008F408DF892400BF069F922462146584641
:10AF20000BF0E6FB23F037FD80B1B849B84C0120A7
:10AF3000FEF7DEF840F6B83544F001044FF47A40ED
:10AF4000A04723F028FD002840F0308358460BF03E
:10AF5000DDF958460BF08CF919AC20460CF014FDC5
:10AF6000AC49AD4AAD4E002818BF0A462346AC494D
:10AF70000120FEF7BDF83378022B00F03C835846E1
:10AF80000CF0ECFC0546002840F035830146112208
:10AF9000A44828F09DFDA8465B4613F801AB069334
:10AFA000504627F051FF069B9E4A10B9BAF1000F98
:10AFB00002D102F805A0013508F10108B8F10C0F23
:10AFC000EBD13378022B0ED02021584623F04CFDD4
:10AFD00003229549584628F081F8584628F054F93C
:10AFE000924B934A1A608F4A92490120FEF780F8EB
:10AFF0000122914B914923601046A123FEF778F876
:10B000000C220021584628F063FD012522688DF8A6
:10B0100088504FF47A73594620208DF88A50ADF845
:10B020008C3005F0F9F8024618B185492846FEF73C
:10B030005FF80C220021584628F04AFD01252268BD
:10B040008DF88950002359464020ADF88A3005F02C
:10B05000E3F8024618B17B492846FEF749F80C226E
:10B060000021584628F034FD012522688DF88850CB
:10B07000A12359462320ADF88A3005F0CDF80246C9
:10B0800018B171492846FEF733F80C2200215846C2
:10B0900028F01EFD22680623594601208DF88830CD
:10B0A00005F0BAF8024618B168490120FEF720F809
:10B0B0000C220021584628F00BFD22684FF4ED6366
:10B0C0005946A120229305F0A7F8024618B160491D
:10B0D0000120FEF70DF80C220021584628F0F8FC5C
:10B0E0009DF88830226843F001035946A0208DF86E
:10B0F000883005F091F8054638B1024655490120DF
:10B10000FDF7F6FF284605F013FE204605F08AFD00
:10B11000002840F07982504B01221A7010AE1123A2
:10B12000002133701C2223A8229128F0D1FC204654
:10B1300022F0C0FC20B93E491322204627F0E0FF50
:10B14000DFF8E080454ACDF800801F2123465846AD
:10B1500028F056F9584628F097F8594682B23046FA
:10B1600005F058F808B105F0E3FD9DF850300DF1F9
:10B1700051006FF347038DF8503004F0C1FB28B144
:10B1800014A805F043F808B105F0D2FD344B354959
:10B190001D680120FDF7ACFF334B186810B1036840
:10B1A0001B689847022300934FF448724FF4C8730A
:10B1B0000C214FF6FF7022F0A5FCAB7BFF2B02D1D8
:10B1C000284604F021FE284604F08AFD274B1D681E
:10B1D0004FF4FE235A46D3F81CA004210023092073
:10B1E000229305F05BFB229B9A4504D0C5F808A08A
:10B1F000284605F0D3F91E4D40220021584628F07C
:10B2000067FC284636E000BF6C6905007E690500D2
:10B21000B07F05004E6705005367050069360020C2
:10B22000086A05006D310020216A0500742B00209A
:10B23000256A05002F6A0500702B00203A6A050078
:10B24000556A05009B6A0500E76A05002E6B05003C
:10B250007A6B0500CB6B0500FD3000201E6C0500ED
:10B2600004310020266C05000031002068310020E8
:10B270003C6C050028F008F8ADF88800BD4823951F
:10B2800028F002F841F60A03ADF89800BA4ACDF862
:10B290009C80012014A98DF8C4008DF85200ADF8EF
:10B2A000503006F0D7FA002840F0BD81BDF8882064
:10B2B000002A40F0AC81BDF890205AB1AF4B00930A
:10B2C00025999DF8C43042F6242006F0C5FA0028DE
:10B2D00040F0A981BDF898205AB1A94B0093279955
:10B2E0009DF8C43042F6252006F0B6FA002840F05A
:10B2F0009A81BDF8A0205AB1A24B009329999DF8DC
:10B30000C43042F6272006F0A7FA002840F08B81CF
:10B31000BDF8A8205AB19C4B00932B999DF8C430DE
:10B3200042F6262006F098FA002840F07C81BDF80D
:10B33000B0205AB1954B00932D999DF8C43042F638
:10B34000282006F089FA002840F06D812E9BEBB191
:10B350001A6822701A68120A62705A88A270DA7823
:10B36000E2705A6822719B6863711A0A1B0CE371C0
:10B37000874BA2712146009308229DF8C43042F603
:10B38000232006F069FA002840F04D812F9961B121
:10B39000804B0A79009309689DF8C43042F62A2050
:10B3A00006F05AFA002840F03E81309BD3B11A785B
:10B3B00022705A886270120AA2709A88E270120A89
:10B3C0002271DB8863711B0AA371734B0093072200
:10B3D0009DF8C430214642F6502006F03DFA002880
:10B3E00040F02181DFF8C0A110220021304628F072
:10B3F0006FFB6A4B6A4A336001200021CAF80030B3
:10B4000040F2FF13C6E90212AAF81030307141F67B
:10B410000F030AF104020EA98DF83A00ADF8383096
:10B4200006F012FA0546002840F09E80337B8DF826
:10B430002B3001462022584628F04AFB42F61923B9
:10B44000ADF888300DF12B084FF00113CDE923380A
:10B450009AF811309DF89520BAF804001B0143F0CA
:10B46000020322F0120203F0120313438DF8953009
:10B47000B37B8DF89B300AF10602737B8DF899300F
:10B48000594606F03CF9054600286DD1B368002BFB
:10B4900000F0CF801A788DF82C205B788DF82D3055
:10B4A0000146142214A828F013FB42F60813ADF845
:10B4B0005030F37B8DF85630294602230DF12C08CD
:10B4C00014222046ADF85A30ADF85E30CDF86080D9
:10B4D000BAF8068028F0FCFA9DF852209DF8560034
:10B4E000012A38BF01220FAB0CAD236029468DF82D
:10B4F0003E20BDF85020ADF83C2006F0EBF89DF85A
:10B5000057000DF1310106F0E5F89DF858209DF83F
:10B5100055306560013202F0030243EA42039DF8B0
:10B52000532043EAC2039DF8542043EA02139DF8D6
:10B53000322003F01F0322F01F0213438DF8323034
:10B54000BDF85A302381BDF85C306381BDF85E30B0
:10B55000A381189B23610AF10E022146404606F0A2
:10B56000B7F80546002866D00E492A460120FDF7A7
:10B57000BFFD60E06D3100205031002040310020DF
:10B5800038310020303100202831002020310020C7
:10B59000183100201031002008310020A1D1020014
:10B5A0004D010101636C050054310020013D7FF421
:10B5B000C5AC62490120FDF79BFD0A2501263146F5
:10B5C0001F201AF047F986F001064FF064084FF487
:10B5D0007A40A047B8F10108F9D123F0DCF938B975
:10B5E00057490120FDF784FD05F0ACFB04F04EFB4C
:10B5F000013DE4D1AAE44FF08053524A1B6E5248F9
:10B60000102127F0FDFEDCE405F092FB86E54F4BB0
:10B61000009323999DF8C43042F6292006F01CF9C6
:10B6200000283FF448AE024649490120FDF760FD7D
:10B63000D8E6AAF80E304749DFF838810120FDF737
:10B6400057FD1F201AF053F8434A106851682346EB
:10B6500003C3002314212046CDE91B331D9323F09F
:10B6600003FA01210FAA08468DF83C7005F016F97F
:10B67000A9EB080253425341054600939DF83C2034
:10B68000364903460120FDF733FD002F51D09DF8C8
:10B690003C3023B101210FAA084605F0D7F91C223E
:10B6A0000021584628F014FA012727498DF8A17087
:10B6B000584623F009FD9DF83C3029498DF8A0300B
:10B6C0005A4638462794FDF713FD264A264D13683F
:10B6D00013F0010F16D164232B806B80C823AB803D
:10B6E0002023EB800423AB81EB812B826B834023EF
:10B6F0000821AB830223E982EB8328218823298355
:10B700002B841760194BAA8D1A8006F065FC4564DE
:10B710000446FCF773FC04F10803606159461846BF
:10B720000693FCF7F1F9636933BB1148DB21FFF79E
:10B730001ABAC145B3D0002DB1D1ABE7B469050049
:10B74000F8690500186A05006D31002048310020B5
:10B75000436C0500836C0500BC8405009A6C0500F1
:10B76000CF6C050080310020782B0020EC350020C4
:10B770008A5F05006516775EB64FB74BD5F8162081
:10B78000B64938464FF0000940F8043B23F0DAF997
:10B7900007F14C00D5F81A20B14923F0D3F907F18D
:10B7A0009400D5F81E20AF4923F0CCF96B8CADF88E
:10B7B00050304FF40073ADF8523007F1DC00149AAA
:10B7C000A94923F0BFF9A94AA949149207F5927033
:10B7D00023F0B8F9AB8CADF850304FF40273ADF8EC
:10B7E000523007F5B670149AA24923F0ABF9A24B78
:10B7F0006762A24FE361C3E90099C3E9029904F1CA
:10B8000014033B609E4B9F4AB5F808809E49C7E9E8
:10B8100001394FF004133B613B4607F1140043F834
:10B820000C2FC8F30E0200933B1D23F06BF94FEA77
:10B830008800FBF711FA78641FFA89F24245C0F0DC
:10B84000DF80DFF8B482914BC8F80C304346904A51
:10B8500043F8082FDFF8289227620027C8F80090E5
:10B86000C8F80470009308F110004346AA8989497A
:10B8700023F048F9C4F82880DFF88082864BC8F8A6
:10B8800000304FF0041AC8F804A0CDF8008008F189
:10B890000800824B6A88824923F034F9C4F8348066
:10B8A000DFF85C827F4BC8F80030C8F804A0CDF800
:10B8B000008008F10800794B2A887B4923F022F99F
:10B8C000C4F83880DFF83C82784BC8F80C30434627
:10B8D000774A43F8082FC8E90097009308F1100051
:10B8E0004346AA88734923F00DF9C4F83C80DFF879
:10B8F0001882714BC8F80C304346704A43F8082F41
:10B90000C8E900970093EA886D49434608F11000A2
:10B9100023F0F8F86B4BC4F84080DFF8F081C8E9F9
:10B920000034FCF76BFB684BC8F818304346674A95
:10B9300043F8142FC8E90209C8F810700093EA8987
:10B94000634908F10C0308F11C0023F0DBF808F14F
:10B950000803C8E91337069BC8F864305D4B5E499D
:10B96000EA7CC8F87070C8E91A375C4BC8F87C30BC
:10B9700043464FF6FF7943F8781FC8E91577C8E9C1
:10B9800017775749C8F8749008F18000009308F1C0
:10B99000680323F0B7F8297DC8F8B070084606F0B0
:10B9A00087FAC8F8BE70EB8CC8F8B83098F8C13088
:10B9B000A97C2A8DC8F8B40043F00203C8F8C2700D
:10B9C00088F8BF10A8F8C220414608F1BC0208F16F
:10B9D000C80088F8C130A8F8C670A8F8BC9024F058
:10B9E00029FAD8F8B430C8F81C7188F82471C8F85E
:10B9F0002071002B40F08C803A489F21FFF7B3B8AC
:10BA00007B6C07932820FBF727F94FEA890A0890F7
:10BA1000E0B1FDF745FA0898334B0360334B4362BE
:10BA20000122079BC0F82090C0E906220022426153
:10BA300043F829007A6C52F80A2009F10109002A1A
:10BA40007FF4FAAE2A483D21FFF78DB829480D2131
:10BA5000FFF789B838340020CC80050020DB0500D2
:10BA600004660500D3DA0500E46C05000200380026
:10BA7000E86C0500F06C050028340020E03300205D
:10BA800070810500E4800500F96C05000C000400DD
:10BA9000F8800500186D05000C8105006433002056
:10BAA000206D0500208105002A6D050006000200BA
:10BAB00034810500326D050018000400488105003E
:10BAC000376D0500B4810500400004005C8105006D
:10BAD000416D05009C810500888105002800040057
:10BAE000486D0500526D0500B561050099260300FB
:10BAF0000A6D0500006D0500A033002068330020AA
:10BB00002C330020EC320020AC32002084310020A5
:10BB100008F1C80005F0C0FFD8F85430DFF8D8921B
:10BB2000C4F818805A1CC8F8542008EB8308D9F8C8
:10BB30000430C8F85840002B00F02481012B00F09D
:10BB40002181B3F87250002D71D02820FBF7ACFC96
:10BB5000E26B636B958BA74A9B8AC0E900298046FC
:10BB6000C5F30E05C3F30E037A1C002B59D1D9F887
:10BB70000420FFB288F80870B2F87200591C002D3A
:10BB800052D11F44FFB2C8F80C0078431F3040095F
:10BB900088F810708000FBF75FF8C8E908554FF689
:10BBA000FF73C8F81400C8F81C506069A8F8183072
:10BBB00003F0F4FC14AA294604F12C0002F0F5FA73
:10BBC000C82840F0D780D8F804707B68B3F8743088
:10BBD00006934FF0010A069B0AF10105AB425AD8C1
:10BBE000D8F80C3098F81020D8F814005A431F32B7
:10BBF00052099200002127F06BFF14990B68002274
:10BC0000002B5CD1002A5DD1C1F80080226B002A94
:10BC10005BD1002B5CD1C4F830800023A8F8183029
:10BC200009E05B0817469FE76D080B46A6E76069C9
:10BC300003F0B4FCA846D9F80430E5691A6993F812
:10BC400056A013442A78524502D22A7A002A75D186
:10BC5000069399460027FAB252453CD32B785345B8
:10BC600016D24FEA8A00FAF7F7FF2A78696892003D
:10BC7000074627F0F5F92878AAEB00029200002188
:10BC800007EB800027F024FF686821F0F7FF6F6062
:10BC9000DFF88C91F6E05146384623F013F808B1EE
:10BCA000236B13B95FFA85FA95E7586807935146F5
:10BCB00023F008F800285DD1079B5B6AF1E71A467C
:10BCC0001B6A9DE7C2F82080A0E71346526A9EE7F0
:10BCD000C3F82480A1E7B9F800104748CDF82090B8
:10BCE000FAF756FB014618B944486E21FEF73BBFF0
:10BCF0002B78934271D9BB0007936B6853F82720C8
:10BD0000002A6AD0D9F804303D48034205D03D49A5
:10BD10003A460120FDF7ECF910E0506E099127F04A
:10BD2000DBF80999002858D06B68079A9B58009156
:10BD30005B6E35493A460120FDF7DAF9B8F1000F9C
:10BD400000F0A980B8F8181014AA04F12C0002F031
:10BD50002CFAC8280ED114982022414622F0A8FEC1
:10BD60002422414604F1300022F0A2FE4FF6FF7378
:10BD7000A8F81830606903F01DFCD8F80030404680
:10BD80005B689847214B3360214B7360214BCDF8A2
:10BD900058B0CDE9143606F01FF90021C06922F031
:10BDA000FCFF0446A0B1FCF765F80122002105461E
:10BDB00025F054FD23695B79DB0709D5A5613DB109
:10BDC00014A86561FAF774FC04F10C0007F05CFA42
:10BDD00011494FF48170FEF7E0BE089A92781E2A4E
:10BDE00007F1010309F10C0902D90C493A4690E721
:10BDF0001F4630E770800500F03500206E6D0500AD
:10BE00000001FFFF866D0500AB6D0500EC810500AC
:10BE100049BF0200D88105001A6E0500EC6D0500CF
:10BE200080800500069B1E4A5B68134224D0069B57
:10BE30001C481988FAF7ACFA07907020FBF734FB1E
:10BE4000074606F0C9F8184B069AC7F80090C7E9EC
:10BE50000130394607F10C0023F0ECFF079B87F80F
:10BE600060807B660023C7E91A33059A6B68384601
:10BE700043F8227005F04AFE059B01330593069BAB
:10BE80000C3306939DF81480C245CBD82B785345CC
:10BE900001D285F800A0606903F08CFB72E700BF57
:10BEA0000001FFFFF0350020B8800500F0B5B0F8C4
:10BEB0003C3C8B428BB0054638D11D491D4F0120BB
:10BEC0000124FDF715F9B5F83C1C2846FBF776FC74
:10BED0000DF10A022146022006AE8DF80A4004F058
:10BEE000B5FD03A908A88DF80C400794069723F028
:10BEF000E5F82246104B114900962846FDF7C0FB95
:10BF00000023CDE903330DF10B01032308A88DF8BD
:10BF10001430CDE906748DF80B4023F0CFF80849B2
:10BF2000009603AB22462846FDF7AAFB0BB0F0BDF6
:10BF30004A6E0500D082050064EC00201F00030B50
:10BF40001F000009000000002DE9F04F2DED028BCD
:10BF5000C64BC7491C78C74BC74A1B780A608DB0CF
:10BF6000C6490093054623460120FDF7C1F80A2C77
:10BF700002D0102C40F0A8801C22002105A827F038
:10BF8000A7FD0127BE498DF82C7005A823F09CF869
:10BF9000BC4B0A9305A824F041F905200BF022FDC3
:10BFA0004FF4AB60FAF758FE0021044622F0AAF9DC
:10BFB0002046B54B40F8243B24F052FE04F12C00FF
:10BFC00023F04CFC04F13C0022F08CFC04F148000E
:10BFD00023F0B4FA04F5847023F054FB04F55A708E
:10BFE00023F03CFB002104F5607022F08BF9002166
:10BFF00004F5697022F0C8F9A449002204F56B70B9
:10C0000023F070FAA24BC4F8803303F15C0298333A
:10C01000C4F8AC3304F20C4300260025C4F8A42372
:10C02000A4F8C053C4F80454C4F808541E605E60F9
:10C030009E6004F5836304F586601E605E609E600A
:10C0400004F224431E605E609E6022F0CEFA04F586
:10C05000976022F0CAFA04F5A963C4F84055C4F801
:10C0600044551E605E609E608A4BC4F8C8338A4B9C
:10C07000C4F8CC3343F23443C4E9F4354FF07E5373
:10C08000C4F8EC338548A4F8BC531323C4E9F6552F
:10C09000C4E9FC35C4F8C453C4F8E053C4F8E463FD
:10C0A000C4F8E86384F8F85384F8545504A98DF86B
:10C0B000107020F0BBFB7A4B18680DB0BDEC028B02
:10C0C000BDE8F04F03F04ABE0B2C4DD11C220021DD
:10C0D00005A827F0FDFC01256A4B69490A9305A8CC
:10C0E0008DF82C5022F0F0FF05A824F097F80520D9
:10C0F0000BF078FC4FF49870FAF7AEFD002104467F
:10C1000022F000F92046674B40F8243B24F0A8FDBC
:10C1100004F12C0023F0A2FB04F13C0022F0E2FB2E
:10C1200004F1480023F00AFA002104F5847022F09B
:10C130002BF95D4904F58870002223F0D3F95B4B9D
:10C14000C4F808314C33C4F8103103210023C4E98A
:10C15000481384F8283184F8293184F82A31544866
:10C160008DF8105004A9A4E7284624F057F84FF49E
:10C170004560FAF771FD0021044622F0C3F84D4BEB
:10C1800023604833636204F1280024F069FD04F160
:10C19000300023F063FB04F1400023F0CFF90022CC
:10C1A0004549DFF8348104F5807023F09BF904F5EC
:10C1B0008877424BC4F800310121384622F0E4F878
:10C1C000012104F58C7022F09DF83D49012204F50F
:10C1D0009E7023F087F93B4BC4F8103103F15C02E9
:10C1E000C4F8182103F1A002C4F83C2103F1C002F5
:10C1F000E033C4F854310123002684F85D3184F81B
:10C2000064314FF0000A304B84F85C61C4F84C2173
:10C2100084F85E61C4F85831C4F868A1C4F850616C
:10C22000C4F86061C4F86CA1C4F87071C4F874817A
:10C23000142094F81591FBF737F9244B036004F5AB
:10C24000AC734360224B06614FEA1919C0E902360C
:10C25000054601464846FDF7E3F9C4F87801286130
:10C2600000283BD11B48D72121F0F0FD6936002082
:10C27000702B0020A62B0020776E05007D6E050038
:10C280006D310020256A050068730500A26E050067
:10C29000B0720500C3F51C410000C8422C2F0020DD
:10C2A0000431002018740500B16E0500AC73050060
:10C2B000482F0020F47E0500BC6E0500D47E0500EA
:10C2C000B6600500E87D0500707D05005C7D050019
:10C2D000712C0400ACEA0500808205000672C4E9F6
:10C2E0006066C4F888614FF4C673E6540C33B3F546
:10C2F000137FFAD17F2384F84C32DF4BC4F85832D5
:10C30000DE4B84F84D621D6884F850624FF6FF7969
:10C31000A4F84E92C4F85462A4F85C6284F85E6299
:10C320001DB1D7496020FBF785FE1F6004F51A7028
:10C3300004F5996784F8605223F0A4F93846012186
:10C3400022F022F80122CF4904F59A6023F0CAF8BE
:10C35000CD4BC4F8C834A4F8E0944C3304F59D697F
:10C36000C4F8D03484F8E2540121C7F81CA0484630
:10C3700022F00AF8C549012204F59E6023F0B2F8C4
:10C38000C34BC4F8E8344C33C4F8F034C4F8008527
:10C390001420FBF789F8BF4B0561C0E90039BE4B9B
:10C3A0000746C0E9023501460120FDF739F9C4F816
:10C3B0000405386110B9B948D72155E77D230572C6
:10C3C000A4F80C354FF08073C4F87C35B44B84F876
:10C3D0000E65C3F80090B34B84F80F6562222946BE
:10C3E00004F5B16AA4F80855A4F80A55A4F8105544
:10C3F00084F81265C4F88055C4F8145584F818659B
:10C4000004F21A501D6027F063FB2946504621F0C4
:10C41000BBFFA5492A4604F5B26023F063F8A34B9D
:10C42000C4F888359FED928B4C33C4F890352022A8
:10C43000294604F5B46027F04BFB04F5BE6B2022BF
:10C44000294604F5B86027F043FBC4F8E055C4F86A
:10C45000E45584F8E86514208BED008BC4F8F8559A
:10C46000C4F8FC55C4F80056C4F80886FBF71CF85D
:10C470008F4B0561C0E9003A8E4B0746C0E9023593
:10C4800001462846FDF7CCF8C4F80C06386110B90F
:10C490008948D721E8E60123067284F81D3684F81E
:10C4A0002436864BC4F8183694F8303684F81C6667
:10C4B00065F3010384F830360A2384F87D3684F866
:10C4C00084367F4BC4F878367E4B84F81E664FF076
:10C4D000FF39C3F800A004F5D06384F87C66C4F883
:10C4E00028B684F8346684F8406684F87E66C4F81A
:10C4F00088B6C4F81096A4F81496C4F82056C4F868
:10C500002CA6C4F88056C4F88CA6C4F8905683EDC7
:10C51000068B04F5D66303936B4BC4F8B0366B4BB4
:10C5200084F8A866C4F8A056C4F8A456C4F8B45653
:10C53000C4F8B856C4F8E036039BC4F8E436644B3C
:10C5400084F8CC66C4F8E836C4F8BC56C4F8C056C3
:10C55000C4F8C456C4F8C856C4F8D056C4F8D45663
:10C56000C4F8D856C4F8DC56C4F8EC56C4F8F096B3
:10C57000C4F8F49604F5DF600FF0BEF904F214700D
:10C580000FF0BAF904F5DC6604F5E66704F5356BDF
:10C590007D72BD72FD723D737D73BD733D707D70A4
:10C5A000BD70FD703D717D71BD71FD713D7207F112
:10C5B0001000F022002127F08BFA07F5847747F866
:10C5C000089C07F8045CBB45E2D1C4F8505BC4F892
:10C5D000545BC4F8585BC4F85C5B30460FF0EAF972
:10C5E000002104F5386021F0CFFE002239493A4F8E
:10C5F00004F6883022F076FF002104F6983021F00E
:10C6000081FE364BC4F8803B03F14C026C33344955
:10C61000C4F8882BC4F8983B002204F6BC3022F002
:10C6200061FF304B84F8CC5B04F53D65C4F8BC3B3E
:10C630000121284621F0A8FE2B49012204F6D8301A
:10C6400022F050FF294BC4F8D03B4C33C4F8D83B00
:10C65000D7F80090264BC4F8E83B062384F8EC3B5F
:10C66000B9F1000F48D023482521FDE5AFF3008044
:10C6700000000000000000000000FFFFFC2F002071
:10C68000C36E0500665F0500F07C05006E5F050067
:10C69000847C0500707C050025690300A8A70500BF
:10C6A000F82F0020F42F00207A5F0500047C05009D
:10C6B000F07B0500954303003F9F0500687B050064
:10C6C000E47A0500F02F0020947A0500847A0500B2
:10C6D000297E02000B6F0500A42F0020D4790500ED
:10C6E000176F0500B4790500216F05004879050032
:10C6F000A82F00202A6F0500012104F53F603D604E
:10C7000021F042FE0122C64904F6F83022F0EAFE8A
:10C71000C44BC4F8F03B04F608454C332846C4F833
:10C72000F83B012121F0EEFDBF4BC4F8083C50332B
:10C73000C4F82C3CBD4BC4F8349C1D60BC4BC4F801
:10C74000383C02251620C4F8305C18F0D0FF386859
:10C7500030B105AA04F62C418DF8145009F018FBED
:10C760004FF6FF73A4F83C3CC4F8408C1420FAF751
:10C770009BFEB04B0027C0E90034AF4B8360C0E99B
:10C780000377054601463846FCF74AFFC4F8440CD7
:10C79000286110B9A948D72166E50772A84AA949B6
:10C7A00084F8487C0120FCF7A3FCA74B1B6803B16D
:10C7B00098477C20FAF750FAA44DA54F2B68DFF874
:10C7C000D09247F823908346002121F09BFD002161
:10C7D0000BF1240021F0D8FD002249460BF12C007A
:10C7E00022F080FE9B4BCBF8003003F160029C33BB
:10C7F000CBF82C30039BCBF82420CBE90F366FF419
:10C800007F43CBF85C30CBF86C30CBF86030CBF8A2
:10C810007030CBF86430CBF87430CBF86830CBF89C
:10C8200078302B684FF001094B444FF0000A0B2B76
:10C830008BF854A08BF844908BF848A08BF8559057
:10C84000CBF858A02B6003D983494FF482706AE576
:10C85000A020FAF701FA2968804B47F82130834677
:10C86000514621F04FFD51460BF1240021F08CFD83
:10C870007A4B524619460BF12C0022F033FE784BCE
:10C88000CBF8003003F16C01A833CBF82C30039BBC
:10C89000CBF82410CBE90F36CBF844801420FAF7FC
:10C8A00003FE704BC0F810A0C0E9003B6E4B06467B
:10C8B000C0E9023A01465046FCF7B2FECBF8480008
:10C8C000306110B9D7216948CEE4694B80F808A0DF
:10C8D0001E68ABF84CA0CBE91CAAABF86CA00EB15B
:10C8E0006621F0E7C3F800B02B68CBF8686001332D
:10C8F0000B2BCBE91466CBE91666CBE918662B60E7
:10C9000003D9554940F207100DE51C20FAF7A4F9A8
:10C91000DFF880B12B688246494647F823B021F002
:10C9200033FD4A4659460AF1080022F0DBFD514B1F
:10C93000CAF800304C33CAF808302B688AF81860FF
:10C9400001330B2B2B6003D9434940F20F10EAE46B
:10C950002820FAF781F9DFF840A12B68814631469B
:10C9600047F823A021F010FD514609F10800324696
:10C9700022F0B8FD404BC9F800304C33C9F80830FC
:10C980003E4B89F8186093E807002B684FF6FF7A52
:10C990000133A9F81AA00B2B09F11C0989E807003B
:10C9A0002B6003D92C494FF48970BCE44C20FAF772
:10C9B00053F9DFF8E8B02B688146314647F823B0D9
:10C9C00021F0E2FC5946324609F1080022F08AFDC6
:10C9D0002B4BC9F8003003F15402C9F8082003F1C9
:10C9E00074028033C9E90736C9F81820C9F82480D1
:10C9F0001420FAF759FD234B0661C0E90039224B98
:10CA00008346C0E9023601463046FCF709FEC9F804
:10CA10002800CBF81000002842D11C48D72123E47D
:10CA20003C6F050014820500D8780500A02F002077
:10CA30000000FFFFC4780500819A0200906F050096
:10CA4000446F05005C6F05009C2F0020982F00208C
:10CA5000682F00205C740500756F0500AC6F050041
:10CA60002C7505001875050049990300B26F050083
:10CA70005C2F0020F475050060760500D084050069
:10CA8000E0760500CC760500ADA40300E7AF050015
:10CA90006D6F0500BE6F0500C56F0500CC6F05000A
:10CAA00005230672C9F82C30C9F8306040F26310D3
:10CAB000C9F83460C9F83860FAF7CEF8C9F83C0014
:10CAC000FBF790FA2B68C9F8400001330B2BA9F84B
:10CAD00044A0C9F848602B6003D9744940F215108E
:10CAE00021E41820FAF7B8F8DFF8F8A12B6881469E
:10CAF000314647F823A021F047FC3246514609F160
:10CB0000080022F0EFFC6A4BC9F800304C33C9F83A
:10CB100008302B6801330B2B2B6003D963494FF48A
:10CB20008C7000E4634B93B91820FAF795F82B68E2
:10CB3000614A47F8232022F091FD2B6801330B2B2B
:10CB40002B6008D9594940F21B10FFF7ECBBAFF33B
:10CB500000800028E8D11C20FAF77EF8DFF88891E1
:10CB60002B680646002147F8239021F00DFC49462A
:10CB7000002206F1080022F0B5FC504B33604C3324
:10CB8000B3602B6801334FF000090B2B86F8189027
:10CB90002B6004D9454940F22110FFF7C4BB4C205B
:10CBA000FAF75AF8DFF844A12B680646494647F8D9
:10CBB00023A021F0E9FB51464A4606F1080022F085
:10CBC00091FC3F4B33604C33B3603E4BB361062264
:10CBD0007823C6E90A234FF0010AFF2386F8323092
:10CBE00086F81CA0A6F830904820FAF735F8306295
:10CBF000F06AFAF731F8336A70621BB93A213248A9
:10CC0000FFF732BB08B93B21F9E74FF48043338784
:10CC10004FF0FF33C6E90F39C6F84480C6F83490A8
:10CC200086F83A901420FAF73FFC284BC0F8109091
:10CC3000C0E90036264B8046C0E902390146484625
:10CC4000FCF7EEFCB064C8F8100008B9D721D6E7AD
:10CC5000204B80F808901A680AB14421CFE71E6083
:10CC60002B6801330B2B2B6004D910494FF49770BC
:10CC7000FFF759BB05A9204647F823208DF814205B
:10CC8000FAF722FD05A920468DF814A0FAF71CFD3D
:10CC9000114904222046FCF74DFE104B10491A683A
:10CCA0005046FCF725FAFFF706BA00BF756F05007E
:10CCB0006C77050000000000DA6F0500D8770500EA
:10CCC00058780500FF020101FC6F0500447805005B
:10CCD0004DDB0300602F00201F00000A7CEB0020CA
:10CCE0000D700500D36F0500EB6F0500F56F0500B3
:10CCF00010B5064B044640F8343B0EF021FE04F11B
:10CD000018000EF01DFE204610BD00BF847A0500FD
:10CD100010B50446FFF7ECFF204625F0DDFF204666
:10CD200010BD000038B5254B03604833044643620C
:10CD300000F54460FBF720F904F6084009F050F8CC
:10CD400004F53F60F9F7E4FD04F53D600AF0B6F83C
:10CD500004F6BC30F9F71AFD04F5386012F04CFA0D
:10CD600004F5DC60FFF7C4FF04F5B1600BF0EEFFE3
:10CD700004F59D6009F086FA04F51A7504F59960CA
:10CD800008F0E4FF284608F045FD04F588700CF033
:10CD900007F804F580700EF023FD04F140000DF05B
:10CDA00039FD04F13000F9F7FBFC04F1280022F012
:10CDB00067F92046FAF7A4FB204638BDF47E05004B
:10CDC00010B50446FFF7AEFF204625F085FF20464C
:10CDD00010BD10B5C3684FF6FF719BB28B4201D1F5
:10CDE000012010BD934203D0846834F81330F5E776
:10CDF0000020F6E78B689B8853430A69D0580038B7
:10CE000018BF0120704710B541685409012302F092
:10CE10001F0203FA02F251F82430134341F8243080
:10CE200010BD416810B55409012302F01F02934060
:10CE300051F8242013420CBF0120002010BD704780
:10CE400070470B68136070470B68136070470023CE
:10CE5000013A01F10C0100D2704741E9023321F897
:10CE60000C3C21F80A3CF3E7134607C983E80700A6
:10CE7000704701EB820200230F20914200D17047DE
:10CE80000B7048704B800431F7E70B6813607047F4
:10CE90000B6813608B88938070477047084810B503
:10CEA0006FF000436FF47F44013A01F1180100D2A2
:10CEB00010BD41E9060441E9043341E90233F3E7D7
:10CEC000F000FFFF30B50D4614460FCD0FC495E8B6
:10CED000030084E8030030BD806803689B6818473E
:10CEE00080680368DB681847806803681B69184717
:10CEF000806803685B69184710B589680B68044649
:10CF00009B699847204610BDD0E9023292884FF6BF
:10CF1000FF718A4209D05868B0F86A30934204D948
:10CF2000836B03EB4203184470470020704790F86E
:10CF300060007047406E70470C30704710B50B783A
:10CF40001370013B152B20D8DFE803F02B2B0B0BC4
:10CF50000B0B0B0B1F1F20202020202020203236FF
:10CF6000393C0B8953804B6853604B7890F86000D4
:10CF70004C8803F00F0300F00F0143EA0113002176
:10CF800063F30F0164F31F41916010BD0B8953805F
:10CF90004B7853704B88D3804B6893604B89938058
:10CFA000F3E74B88486853701B0A93705060ECE7B6
:10CFB0004B8853804B68F2E74B685370E5E74B882A
:10CFC0005380E2E74B8853804B685360DDE7C06EC7
:10CFD00010B103689B6818476FF0010070478368C1
:10CFE000586A7047A0F10400FFF7F9BF00207047AE
:10CFF0000020704700487047DC840500C830704747
:10D0000090F83830022B05D090F83800C31E5842F3
:10D0100058417047012070477047D0E90123C1682B
:10D0200002EB610018470846FAF752BA0846FAF7C9
:10D030004FBA7047704730B5CC89002398B284420C
:10D0400002D84FF6FF7007E08A680D6992885A434C
:10D050000133AA58002AF1D130BD8B689B88534315
:10D060000A690021D15070470120704708461146D7
:10D07000026810B494681A4623465DF8044B1847BA
:10D0800030B408469DF80C50046811461A46029BBD
:10D090000295A468A44630BC604708461146026861
:10D0A00010B454681A4623465DF8044B184730B450
:10D0B00008469DF80C50046811461A46029B0295DA
:10D0C0006468A44630BC604770470430704708303D
:10D0D00070470C307047103070471430704718306C
:10D0E0007047203070471C30704700000048704780
:10D0F000E4840500C820704740F2F710704740F202
:10D10000F7107047082A10B513D90022885CA0F1E7
:10D110003004092C03D9A0F14104052C07D89854F8
:10D120000132082AF2D100221A72C82003E000213D
:10D1300099544FF4C87010BD41DF7047F0B500231B
:10D140000A260746B0FBF6F506FB15043034092F16
:10D15000CC5428461C4603F10103F2D80020C854E1
:10D160001068C01A106001EB53030A19994200D1EC
:10D17000F0BD0878147801F8014B02F80109F5E7D1
:10D1800033DF70473CDF70473DDF704776DF704725
:10D19000AFDF7047B1DF7047B3DF7047B5DF70476F
:10D1A000054B1B68186830B109780368B1FA81F142
:10D1B0001B6849091847704768310020024B1B68FB
:10D1C00000229A60704700BF6831002072DF70470C
:10D1D00074DF70477FDF704786DF70478ADF7047F4
:10D1E000A5DF7047B5DF704767DF7047704730B520
:10D1F000062285B002238A704FF6F3520B70ADF809
:10D200000420012301AA4B700230144630F8025F5B
:10D2100025B10133052B22F8025FF7D15B00DBB2A9
:10D220005A1C0846CA70022200F8042F0246033A2C
:10D23000521A14F8015B00F8015F9342F6DC0533E3
:10D24000D8B205B030BD000038B5074C051E04F15A
:10D25000080318BF1C4623682BB11A6822605B685C
:10D2600028469847F7E738BD8036002020B9054B9F
:10D2700001225A70FFF7E8BF012802D1014A9070DD
:10D28000F8E770477836002020B9034B01225A7026
:10D29000FFF7DABF704700BF7836002061DF7047C4
:10D2A000AADF704713B503460846D1B1CBB11A883F
:10D2B000502A16D14A7CA2B1D9884289914210D114
:10D2C0001A8A022A0DD104685CB15A8A9B88ADF88B
:10D2D000063002F0010282F001028DF8042001A95B
:10D2E000A04702B010BD10DF7047000008B502680B
:10D2F0009378D27802F0030243EA022342689A420A
:10D3000003D00248CE2120F0A1FD08BDE88405002D
:10D31000C98910B51F31446849110022914202D1D8
:10D320004FF6FF7018E054F822300BB90132F5E7E0
:10D33000B3FA83F3C3F11F03DBB203EB4213C3F36E
:10D340004A1198B2012203F01F039A4054F8213089
:10D3500023EA020344F8213010BD08469200002160
:10D3600026F0B6BB13468288184625F079BEF7B57D
:10D370000C46D0E900130546C87816468A7800F0B6
:10D380000300DF1C42EA002297421ED80633032224
:10D39000194401A825F064FE6B6803336B60BDF887
:10D3A00005304FF6FF72934205D16FF47F4323603F
:10D3B000012003B0F0BD9DF8041066700A0942EA2E
:10D3C00001125BBA22706380F2E70020F1E70000EF
:10D3D00037B5C1F303130446C1F3030043EA001356
:10D3E0008DF80430D4E900030A0C090E8DF80510FD
:10D3F0008DF80620C178827801F00301DD1C42EA35
:10D400000122954203D90748A92120F01FFD0633C8
:10D41000032201A9184425F023FE636803336360E7
:10D4200003B030BDE884050037B5C1F38003C1F314
:10D4300040025B01044643EA8213C1F30000C1F3DA
:10D44000031242EAC01213438DF804300B0C8DF81E
:10D450000630D4E90003090E8DF80510C1788278F2
:10D4600001F00301DD1C42EA0122954203D907487D
:10D47000C02120F0EBFC0633032201A9184425F05B
:10D48000EFFD63680333636003B030BDE8840500DB
:10D490002DE9F84F1E460A9B13431F2B8146174662
:10D4A00042D82248DFF890E00578214CB5FA85F59E
:10D4B0006D0905701F482368D4F808A0B4F804B0BB
:10D4C000B4F80C80C5EB4515284475442060A56070
:10D4D000A9B125F0C5FD1FFA87FB99F80F30A068A8
:10D4E000A4F804B0C3F3400376B1ABB10A9A314655
:10D4F00025F0B6FD0A9BA3810120BDE8F88F5A46AE
:10D50000194625F0ADFDE8E733B14246514625F016
:10D51000A7FDA4F80C80EFE74246514625F0A0FD98
:10D520000023A381A360E7E70020E6E75CED00208D
:10D53000C02B00201EED0020E0EC00202DE9F74379
:10D5400000F1040816460F46434600246FF00042DF
:10D5500053F8041F914219D00134042CF8D17B6890
:10D56000354623447360164B45F8483B4FF000099D
:10D57000A1450DD306EBC40400257B689D4204F150
:10D58000080415D3304603B0BDE8F083E4B2E6E703
:10D5900058F8043F2946684645F8043B09F101095B
:10D5A00022F076F9694606EBC90021F058FFDFE763
:10D5B000013507EBC501204621F051FFDDE700BF33
:10D5C0005499050010B5044625F086FB204610BD91
:10D5D00010B5044625F080FB204610BD10B504466A
:10D5E00025F07AFB204610BD10B5044625F074FBEB
:10D5F000204610BD10B5044625F06EFB204610BD38
:10D6000010B5044625F068FB204610BD10B5044651
:10D6100025F062FB204610BD10B5044625F05CFBEA
:10D62000204610BD10B5044625F056FB204610BD1F
:10D630008068F9F77FBC00004B7A70B505460C4650
:10D64000164623B9074840F2A14120F0FFFB0846E7
:10D65000F9F73EFFA869044B32462146BDE8704009
:10D6600014F0F4BA8A5F0500E43E002013B5A1F57A
:10D67000FA240444B4F5805F2CBF00240124024640
:10D680000B46009403490120FBF732FD204602B00F
:10D6900010BD00BFFE84050008B538B102B971B9EC
:10D6A00009490120FBF724FD002008BD12B941B152
:10D6B0000649F6E700290CBF04200120F5E7032006
:10D6C000F3E70520F1E700BF1F850500458505004C
:10D6D00070B58EB205460C463046A121FFF780FD9D
:10D6E000034618B1112802D1A5F8406070BD22464A
:10D6F0000249BDE870400120FBF7FABC6D850500CA
:10D7000038B50D4611B132B1002402E01AB1546AA5
:10D710001CB9204638BD4468FAE76068294621F004
:10D72000D1FA0028F5D1646AF2E710B50446FBF798
:10D7300025FA204610BD10B50446FBF71FFA204617
:10D7400010BD8068F9F717BCC36880685988F9F77D
:10D7500002BC0346BFF35B8F53E8000F013043E880
:10D760000002002AF8D1BFF35B8F704738B5084D2F
:10D77000084C2B6813F0010F04D1FAF76EFB01235C
:10D7800020602B60FAF769FB2368C01A80B238BDAD
:10D7900050EE00204CEE00200846114617F0A2BBC8
:10D7A000084611461A469DF8003017F0E7BB000006
:10D7B0002DE9F04399460B6887B00E461B680F9D14
:10D7C0000446084690469847336807465B683046EB
:10D7D00098470DF11603CDE90253BDF838300246E3
:10D7E000CDE9009300211FFA88F3384617F0D8F9E5
:10D7F000109B1860E0B14379BDF81610083303445C
:10D80000B5FA85F2DD78987805F00305063940EA27
:10D81000052081424FEA521203D90748882120F09F
:10D8200015FBC4E900312272204607B0BDE8F08341
:10D83000C4E900002072F7E7E884050070B58AB0FB
:10D840001D46DDE90E431646002B2FD01A78002A1C
:10D850000CBF06221F2206A8CDE9013000910B2340
:10D860000632214607A8FFF7A3FF079B03B3314603
:10D8700007A8FFF7ADFD294607A8FFF7D5FD07A8C4
:10D88000FFF734FD012305AA8DF815309DF84030CF
:10D890008DF8143023680192092200929D68069A3F
:10D8A00000230B212046A8470AB070BD0622D2E70C
:10D8B00040F2FB10F8E700002DE9F04310468BB072
:10D8C000DDE912890E4617461D4625F0DDFCFF28CE
:10D8D000044659D8B9F1000F2AD099F80030002B2E
:10D8E0000CBF06211F2106AB221DCDE901930A447E
:10D8F0000A230096414607A8FFF75AFF079B002B13
:10D9000045D0294607A8FFF78FFD079E8DF81440E4
:10D91000089DF278B37805F1010902F003024C4446
:10D9200043EA02239C4205D91A488E2120F08EFA40
:10D930000621D8E705ACA81D21460122304425F078
:10D940008FFBE81D9DF814203946304425F088FBF4
:10D950009DF8143007A84B440893FFF7C7FC012338
:10D960008DF815309DF850308DF814300922D8F814
:10D970000030009201949C68069A00230A214046D8
:10D98000A0470BB0BDE8F0834FF4CF70F9E740F249
:10D99000FB10F6E7E88405002DE9F0418AB00D465A
:10D9A000DDF8408017461E46B8F1000F18D098F8F1
:10D9B0000030002B0CBF06241F24063421463846B5
:10D9C00017F062FB2218B2F5007F44D86B7803F0A1
:10D9D0000F03052B06D923484FF4947120F036FA33
:10D9E0000624EAE72049CC5C06ABCDE901836B88CD
:10D9F00000933146234607A8FFF7DAFE079B6BB377
:10DA00006B7869685B0648BF012307A848BF8DF89B
:10DA10002430FFF7DDFCA96807A8FFF705FD3946AC
:10DA200007A817F047FB07A8FFF760FC012305AA2A
:10DA30008DF815309DF844308DF81430336801921C
:10DA4000092200929D68069A002321463046A84785
:10DA50000AB0BDE8F08140F29D10F9E740F2FB10FA
:10DA6000F6E700BFE8840500E897050010B5064B0F
:10DA700000221A60054B036004460146C06812F09C
:10DA8000BBFA204610BD00BF44EE00206897050099
:10DA900010B50446FFF7EAFF2046FBF76FF8204673
:10DAA00010BD000010B5134631B913482C2121F0E8
:10DAB00027FB4FF4C87010BD0022885CA0F1300431
:10DAC000092C03D9A0F14104052C0ED89854013239
:10DAD000082AF2D100221A725A729A72DA721A73F2
:10DAE0005A739A73DA73C820E5E701200349FBF7FC
:10DAF000FFFA4FF4CB70DEE7AE850500BD8505006B
:10DB000008B531B909485E2121F0FAFA4FF4C8701E
:10DB100008BD074B1B6833B14FF491700549FAF704
:10DB200089FAC820F4E74FF4CA70F1E7AE85050022
:10DB300044EE0020DB8505002DE9F74F99469DF85E
:10DB40003030009388469346064618B92349B620DC
:10DB5000FAF770FAB6F806A072790AFB02F2043AF4
:10DB60004A4505D81D490192C420FAF763FA019A83
:10DB7000DBF8007007EB0901914209F1040488BF4A
:10DB8000A2EB0907B4FBFAF5CBF800700AFB1544C9
:10DB900045B9AAEB040BBB4528BFBB462FB903B060
:10DBA000BDE8F08F3668013DF2E7009B043408EBD6
:10DBB000050034445A466BB12146A7EB0B0725F00C
:10DBC0004FFABA455D443668D3464FF0000428BF8B
:10DBD000BB46E3E701462046EFE700BF07860500A6
:10DBE00010B40A46044691FAA1F162B1B1FA81F18A
:10DBF0000B294FEAA10306D99900CA405DF8044BEE
:10DC0000044925F031BC204603495DF8044B25F05A
:10DC10002BBC00BF51860500F20606002DE9F34734
:10DC20000024154D0C6081460F4690469A462B788D
:10DC3000FF2B06D1BAF1000F1BD1204602B0BDE880
:10DC4000F087A5F5FA23B3F5805FF3D26A4601A900
:10DC5000284617F031FC019B009E994506D12A18F1
:10DC6000C8F800603A60D8F80040044406443544DF
:10DC7000DDE7CAF80050E0E710D007002DE9F04FCB
:10DC800089B083460F460120394900920DF11008F2
:10DC90001E46FBF72DFA10220021404625F018FF02
:10DCA000344C2378FF2B04D0A4F5FA23B3F5805F1E
:10DCB00027D3DFF8CC90304C2F488022FF2100255D
:10DCC00025F006FFA246A9F8005018F80500A8B1F3
:10DCD00058452FD15EB100993A4620463C4425F084
:10DCE000BFF920461299324625F0BAF9344401357D
:10DCF000A4EB0A03102DA9F80030E6D109B0BDE865
:10DD0000F08F02AA03A9204617F0D6FB039A4146DA
:10DD1000002311F8015B954204D03DB920336B44D8
:10DD200003F8102C029B18440444BAE70133102B6B
:10DD3000EFD1F7E7002302AA03A90293FFF76EFFD2
:10DD4000029902460029D2D0039B1944A4EB0A038E
:10DD50007F2BA1EB000103DD0848AA2120F076F813
:10DD60000190204625F07CF9019A1444BFE700BFDA
:10DD70005786050010D00700B8ED00207986050011
:10DD80000830002010B5124904460120FBF7B0F915
:10DD90001CB11048D92120F059F80F4A1368DB074D
:10DDA0000DD40E4B0E491960012103F8041FFF2109
:10DDB00001340B2C03F8011FFAD101231360BDE8D5
:10DDC0001040084B054910224FF4FA2017F076BE98
:10DDD0008686050079860500B0ED0020A0ED0020C4
:10DDE0006516775ED109030070B590B003A80D46A3
:10DDF00014461FF05FFE20B91549132203A825F031
:10DE00007FF9144B144A00931D2103AB08A825F099
:10DE1000F7FA08AA064611490120FBF769F9A01E86
:10DE2000B04228BF3046431C2A462B70092302F813
:10DE3000013FC0B208AB511B0139884202DC0230FD
:10DE400010B070BD13F8011B02F8011FF3E700BF0B
:10DE5000998605006D3100201E6C0500A086050026
:10DE600008B523F015FD23F019FA074C01463822B6
:10DE7000204625F045F9002384F83730034B44F859
:10DE8000043CFAF779FB00BF98FF002005870EFEDF
:10DE900007B544F20101884203D1116850681FF0B0
:10DEA000D5FF44F20201884201D11188F6E73823F8
:10DEB00001AA06490193FFF741F9054B002283F8B7
:10DEC0003F20044A5A60FAF757FB00BF98FF002032
:10DED00090FF002006870EFE0D4A08B5D36A002B7E
:10DEE00013DB0C4B0C495960D16A9960916AD96077
:10DEF000516B1961926B43F8142F021F1C3052F8BA
:10DF0000041F43F8041F8242F9D1FAF735FB00BF22
:10DF100000ED00E090FF002001870EFE092808B503
:10DF200003D003482D211FF091FF024808BD00BF18
:10DF3000BE8605007CEC0020034640680A46016866
:10DF400010B48C68194623465DF8044B184770B529
:10DF500004460E461546FFF7EFFF28B1A3689A88DE
:10DF6000236906FB02332B6070BD036880889A68C2
:10DF70001B69928800FB0230704702880378418851
:10DF800022F00F0203F00103134343EA01407047FC
:10DF90004FF6FF7399421FBF8369006A9B8801FB9C
:10DFA000030008BF0020704707B5806B01AAC1F3CA
:10DFB0000E010830FFF7CBFF08B1019B186803B0D2
:10DFC0005DF804FB2DE9F0410D0C2946DDF81880C1
:10DFD00016461F46FFF7E8FF30B92A460749BDE855
:10DFE000F0410120FBF784B803685C6A3A46434677
:10DFF0003146A446BDE8F041604700BFCC8605002D
:10E00000A0F10400FFF7DEBF2DE9F743B1F80A9055
:10E010004F780D46494616469846FFF7C5FF07F06C
:10E020000F07044640B92F494B463A46012003B03A
:10E03000BDE8F043FBF75CB8BB1FDBB2012BD5F8A2
:10E04000049016D8284901EBC30251F83370526886
:10E0500069884FEA620C00EB6200D20744BF54F8B3
:10E060000C30DF594A463346BC4603B0BDE8F043A6
:10E070006047042F15D01D4A02EBC70352F83770D2
:10E080005B68591000EB6300DB0744BF6358DF593E
:10E09000CDF80080698833464A46B84703B0BDE8EA
:10E0A000F083AB685A0707D40368CDF80080DF69B6
:10E0B000698833464A46B847B8F8003033B1236818
:10E0C00042465D6A0A4B49462046A84794F82130EB
:10E0D000002BE3D1A6F1C8035E425E4184F82160C3
:10E0E000DCE700BFFB860500BC9805008C980500A6
:10E0F0005CEC0020A0F10400FFF786BF07B5406B81
:10E1000001AA0830FFF723FF08B1019B186803B08C
:10E110005DF804FB07B509894FF6FF73994205D0F6
:10E12000406B01AA0830FFF712FF18B9002003B0B6
:10E130005DF804FB019B1B681879F8E70346486803
:10E140000978C90759BF00EBC202D2E9000130F8D3
:10E150001210198054BFC3E900015A601846704775
:10E160002DE9F8434FF6FF79494507460D46164617
:10E1700002D10020BDE8F8834FEA11280022414671
:10E18000FFF7BEFA044630600028F2D060682946E6
:10E1900020F07AFD28B18378DB07EBD403884B4568
:10E1A000E8D1224641463846EAE713B5034614460D
:10E1B00019B92360C82002B010BD01AAFFF7D0FF33
:10E1C00050B18378DA070AD59B0708D4019B027AFD
:10E1D000DB6903EB8203ECE74FF4CA70EBE74FF423
:10E1E000C870E8E74FF6FF7399422DE9F041064603
:10E1F0000D46174602D10020BDE8F0814FEA1128F4
:10E2000000224146FFF77CFA04460028F3D06068FC
:10E2100003682946DB68984710B163683B60EBE709
:10E22000224641463046EDE707B541684FF6FF7399
:10E2300099420AD003680DF10602586820F001FDEA
:10E24000BDF8060003B05DF804FB0846FAE7F7B531
:10E250000C0A01686846154620F074FD4FF6FF77FA
:10E260006846FFF7E1FFB84202D14FF4CA7008E0F8
:10E27000009B5E682146304620F024FD18B12E60D8
:10E28000C82003B0F0BD684620F03FFDE8E700007D
:10E2900010B5044B0360044640691FF0EFFC2046B4
:10E2A00010BD00BF7080050010B50446FFF7F0FFF9
:10E2B0002046FAF763FC204610BD2DE9F843D0F85C
:10E2C0000490089D0646484690461F460C4620F09E
:10E2D000B8FC8378DA0701D59B072FD5B8F8003052
:10E2E0003B80C7E90190C5E90064377C4FF0FF33FC
:10E2F0007C43C7F12002D34004F01F017269640916
:10E300004FEA840C52F82400C840C1F120018F422A
:10E3100089BF6244034052688A4088BF0243317A11
:10E3200088BF134001228A40013A1A40CB40013A8B
:10E33000013B2A816B81C820BDE8F8834FF4C87087
:10E34000FAE71FB50B4641684FF6FF74A14207D0AC
:10E35000009200680DF10E02FFF7AFFF04B010BD90
:10E360004FF4CA70FAE700007FB5154601AA1E46B1
:10E37000FFF7F6FE88B1019B5A685468A26C1444FA
:10E38000001B074A40105043CDE90230324629466F
:10E3900002A8FFF7D6FF04B070BD4FF4CA70FAE7C9
:10E3A000B76DDBB6F0B5438904680133227A267C69
:10E3B0009BB293400289013292B213434268C6F184
:10E3C000200572434FF0FF3002F01F01E840520970
:10E3D000656955F8224000FA01FC24EA0C0403FAAE
:10E3E00001FC44EA0C0445F822409700C1F12002E8
:10E3F000964207D93C1DD0402959D34021EA00015B
:10E4000019432951F0BDD0E90102036811889B68C6
:10E410001847D0E9013252894FF6FF718A420AD07B
:10E420005868B0F86E30934205D9036C0C2101FB9B
:10E4300002331844704700207047F8B50E4616F4B2
:10E440007F4F07461546194602D001242046F8BDE5
:10E45000FFF760FE04460028F7D1C6F30311F86900
:10E4600020F00CFD06462846FFF7D3FF0028EDD02C
:10E470009DF8183030F813106868F8F78CFD002804
:10E48000E4D032698368926893430CBF012400246E
:10E49000DCE7000070B505460E461446FFF7B9FFED
:10E4A00068B130F816606D6831462846F8F773FD9C
:10E4B00028B1034B2360C4E90250A680012070BD3F
:10E4C0005C98050037B56D46044608314FF6FF737A
:10E4D00028460091ADF8043020F015FD95E80300C2
:10E4E00084E80300204603B030BD30B585B00C464B
:10E4F00000F1080102A81546FFF7E4FF029BBDF8F2
:10E500000C20DB899A4202D1002005B030BD02A860
:10E51000FFF72BFD0368CDE900436340FF2B02D8D2
:10E520004368AB42F1D002A820F0EDFCE6E737B536
:10E530006D46044608314FF6FF7328460091ADF84A
:10E54000043020F0E0FC95E8030084E80300204656
:10E5500003B030BDF0B585B00D4600F1080102A84A
:10E5600016461F46FFF7E3FF029BBDF80C20DB8930
:10E570009A4203D10024204605B0F0BD02A8FFF75F
:10E58000F4FC04460068CDE900506840FF280AD832
:10E59000E388B34207D11022394604F1080025F080
:10E5A0006DFA0028E7D002A820F0ADFCDCE70000FF
:10E5B0000146006810B518B9044843211FF046FC15
:10E5C0000368BDE81040DB68184700BF25870500D9
:10E5D00010B5054B03603833436004460C3020F01F
:10E5E000E7FA204610BD00BF8080050010B5044644
:10E5F000FFF7EEFF2046FAF7C1FA204610BD0000F3
:10E6000003682DE9F041DB6A06460C46984705464B
:10E6100020BB154818211FF019FC336835F8171076
:10E620001B6A3046984750B10378DB0705D403884E
:10E63000B4EB530F03D1BDE8F081002CFBD00137C0
:10E64000002335F8132042450CD19F42E5D3012029
:10E6500006492246FAF74CFD0020ECE700274FF66A
:10E66000FF78EDE70133ECE73F87050056870500AB
:10E6700010B500210446FFF7C3FF70B1018821F0F7
:10E6800001039BB24FF6FE72934206D0A068C1F31D
:10E690004E01BDE81040F8F75EBC002010BD0268D6
:10E6A00003791178994286BF526852F82300806836
:10E6B000704730B5054685B0F9F7DCFBEB6901938F
:10E6C0000022DB688DF808200446039301A8FFF7B9
:10E6D000E6FF50B143699C4203D190F8600005B059
:10E6E00030BD01A820F08CFAF0E70F20F7E700001A
:10E6F000836810B50446FBB1006803689B689847BF
:10E70000144902460120FAF7F3FCF9F7B3FBA368BA
:10E71000834216D0022384F8383020461FF0E8FDEB
:10E7200094F83830022B08D0206BFAF723FAE2680D
:10E730000023236302B1E36010BD0120F9F7D4FB8D
:10E74000EEE7032384F838302046BDE810401FF080
:10E75000CFBD00BF738705000378013B012B37B5A0
:10E76000044613D80A4B80780193FFF7D7FB036860
:10E770005B6898476268016853798D680833134471
:10E7800001A96278A8476068FFF712FF03B030BDA7
:10E79000009805000E4B10B5044640F8043B20F0ED
:10E7A000F5F904F14C0020F0F1F904F1940020F0A7
:10E7B000EDF904F1DC0020F0E9F904F5927020F0A5
:10E7C000E5F904F5B67020F0E1F9204610BD00BF70
:10E7D000CC80050010B50446FFF7DCFF204624F08E
:10E7E0007BFA204610BD38B505460C462B682188BB
:10E7F000DB682846984740B10378012B05D1238870
:10E800000D2B02D083882380F0E738BD70B5044615
:10E810000D46FFF7E8FF50B10378042B07D12368BA
:10E82000418829802046DB68BDE87040184770BDEC
:10E8300038B50C4609881546FFF7D4FC50B103786B
:10E84000012B07D18388238028682146BDE8384002
:10E85000FFF7DCBF38BD13B5ADF806100DF10601AA
:10E860001446FFF7D3FFBDF80630A34210D048B1DD
:10E8700003784BB98378ADF80630BDF80600031B6A
:10E880005842584102B010BD042BF6D14388F2E73C
:10E890000120F7E72DE9F04F8FB08246DDF8609058
:10E8A000884614461E46B9F1000F33D000254FF6B6
:10E8B000FF7339F815209A421CD100270DF1180B6F
:10E8C000AF4219D1B8F1010FD4F8049024D1B9F1B5
:10E8D000010F21D123890D2B1ED1EDB10EAB03EB1E
:10E8E000850353F8243C9B880D2B15D101200FB0D4
:10E8F000BDE8F08F0135DCE739F817105046FEF718
:10E9000097FE18B9504838211FF0A0FA4BF827009D
:10E910000137D5E74D46D5E773194B4506D24B492C
:10E920004A460120FAF7E4FB0020E0E7A6B904EB31
:10E93000C6040027AF42D9D006ABBA1953F827B0A6
:10E940004A45BBF8041042D319B19BF80220002AB3
:10E950005DD101370834EDE74E452BD8A37A9A07ED
:10E9600022D52089A8F104070021FFB20A4601310F
:10E9700004EBC1039B789B0713D5012F34F831308A
:10E9800003D9062B05D03249CBE7062B01D0002B4B
:10E99000F9D198420BD02F4900900120FAF7A8FB3B
:10E9A000C2E74FF6FF73EEE74FF6FF70DAE78E42ED
:10E9B000DCD1BCE7A8F10403012B02D8B9F1000FA8
:10E9C000B5D0254932460120FAF792FBACE7A27A8E
:10E9D000930713D44FF6FF729142BAD0BBF80410DC
:10E9E00003925046FFF737FF0028B2D1039ABBF8D5
:10E9F00004300093194913463A46CEE722898A42E9
:10EA0000A7D09BF80200A8B9002AE7D1A1E7B8F186
:10EA1000010F0DD16A1E97420AD1ADF8161050466B
:10EA20000DF11601FFF7F2FEBDF816200D2A90D069
:10EA30000022D3E7B8F1010FD0D1681EB842CDD182
:10EA4000002AEAD0CAE700BF3F8705008A87050091
:10EA5000AD870500EB8705001E8805006E88050060
:10EA600070B586B0114B0293154602AA06460C46B5
:10EA7000FFF710FD58B90E490120FAF739FB0120C4
:10EA80000C492246FAF734FB002006B070BD02A8FC
:10EA9000FEF75AFEB3689B7800905B092A46214630
:10EAA00002A8FFF7F7FE0028EFD1E4E75C98050025
:10EAB0009C880500BA88050070B500F1140304466F
:10EAC0000D46BFF35B8F53E8001F013943E8001286
:10EAD000002AF8D1BFF35B8FA0682169868803689C
:10EAE00005FB06111B6801229847606803682A46E7
:10EAF00021465B68BDE870401847000038B5436C9C
:10EB0000044653F821000D4618B9084829211FF082
:10EB10009DF94FF0FF330321002221F09BF8294695
:10EB200004F11400BDE83840FFF7C6BF006D0500D2
:10EB3000F0B585B000F1140302AF029304464FF61E
:10EB4000FF7338460E46ADF80C3020F0DCF997E83C
:10EB500003006D4685E80300009BBDF80410DB89C7
:10EB60008B4201D105B0F0BD2846FFF7FEF943887E
:10EB7000B34202D12046FFF7C1FF284620F0C3F977
:10EB8000EAE7036AC91A836910309B88B1FBF3F185
:10EB900089B2FFF791BF08B5036AC91A83691030BB
:10EBA0009B88B1FBF3F189B2FFF786FF012008BD16
:10EBB0002DE9F04F06460846C0B28DB014469A467D
:10EBC000C2F30318C2F307274FEA124906F10801FE
:10EBD000002847D10AA8FFF775FC032524F00F068B
:10EBE0000A9BBDF82C10DB89994214D1032D10D15A
:10EBF0004FEA1A430193CAF303130093CDE9038943
:10EC000054490297CAF307230AF00F020120FAF7CA
:10EC10006FFA284614E00AA8FFF7A7F904F00F04DA
:10EC200003683443CDE908346340FF2B16D84368AA
:10EC30009A4513D1037813F0010104D04FF001007D
:10EC40000DB0BDE8F08F032D04D040F219114248F9
:10EC50001FF0FCF843F0010303700D460AA820F0F2
:10EC600052F9BDE70AA8FFF72DFC24F00F03002599
:10EC70000693CAF30F43AB4607930A99BDF82C00DD
:10EC8000C989884207D1BBF1000F50D0B5FA85F58C
:10EC90006D096D00BDE70AA8FFF767F9069B0146FD
:10ECA00004F00F0400681C43CDE908406040FF28D1
:10ECB00002D84868504509D00868CDE9084060404E
:10ECC000FF282BD90AA820F01EF9D6E7BBF1000FC8
:10ECD00002D040F23511BAE70878C30713D44FEADF
:10ECE0001A430193CAF3031300930120CDE903896A
:10ECF0001A490297CAF307230AF00F02FAF7F8F944
:10ED00004FF003009CE76BF300008207087002D508
:10ED10003046FFF740FF4FF0010BD3E7C888079B51
:10ED20009842CFD10978CB0748BF0135CAE74FEAEF
:10ED30001A430193CAF303130093CDE903890849E9
:10ED40000297CAF307230AF00F020120FAF7D0F95D
:10ED500003255EE7DE880500C788050055890500A4
:10ED6000DC8905002DE9F04F074689B00C461546B1
:10ED700000210F2204A807F10808B3F802A09DF8AB
:10ED800048901E4624F0A4FE414602A8FFF79AFBD5
:10ED90004FF0010B029BBDF80C20DB899A4209D190
:10EDA00004AB002213F8011B21B301320F2AF9D161
:10EDB00000205DE002A8FFF7D8F80368CDE9005312
:10EDC0006B40FF2B12D8C38853450FD1037903F052
:10EDD0000F030F2B0AD020336B4413F8102C1AB1F9
:10EDE0002748CD211FF032F803F810BC02A820F00C
:10EDF0008AF8CFE733686360256062F3030361F349
:10EE0000030523712570B9F1000F03D0EBB243F075
:10EE100002032370414604A8FFF754FB04F10808DD
:10EE2000049BBDF81420DB899A421BD004A8FFF78D
:10EE30009CF8844205461ED003682268CDE9002371
:10EE40005340FF2B17D8C288E3889A4213D110226F
:10EE50004146083024F012FE68B921463846FFF7D3
:10EE60009AFE2C462279337862F303033370012033
:10EE700009B0BDE8F08F04A820F045F8D0E700BF46
:10EE8000C788050030B500F1080485B00D4602A81A
:10EE90002146FFF717FB0834029BBDF80C10DB89F5
:10EEA0008B4201D105B030BD02A8FFF75EF80368C0
:10EEB000CDE900536B40FF2B02D82046FFF7FCFD45
:10EEC00002A820F020F8E7E70B79482202FB0300B4
:10EED0001C300369C91A83689B88B1FBF3F189B2BE
:10EEE000FFF7EABD2DE9F04707461C4804680020FB
:10EEF0009A4606464FF02C0E4FF0010C1CB9CAF88A
:10EF00000060BDE8F087964225D3884223D20EFBED
:10EF100000F907EB0905B4F80E80A5F80680B4F8EF
:10EF20000C80236A2B81C8F30E082368A5F804809F
:10EF300047F80930E3692B61E36AAB61636A2B62CE
:10EF4000A36A85F80CC085F814C085F81CC085F844
:10EF500024C0AB620130A4690136CFE748EE00203F
:10EF6000704770477047704770477047437803F0A9
:10EF70001F031A2B9ABF024AD05C0020704700BFC3
:10EF800054EE002070470000F7B50C46D0E900139E
:10EF90000546C87816468A7800F00300DF1C42EA6E
:10EFA0000022974228D806330322194401A824F0EE
:10EFB00057F86B68BDF8052003336B604FF6FF739D
:10EFC0009A4204D10D4B2360012003B0F0BD9DF89F
:10EFD0000430667052BA6280DA0942EA0312227083
:10EFE00026B921789A0962F34101217022785B09E0
:10EFF00063F382022270E7E70020E6E7F000FFFFFC
:10F000002DE9F04F85B0DDE90E85DDF840A0994689
:10F010006FF47F43C8F8003000270F3B2B60084691
:10F02000AAF800701646FFF7A1FF5FFA80FBBBF15C
:10F03000050F044602D0BBF1000F01D1204613E0BA
:10F0400091F901204B780291002A10DB03F01F0395
:10F050000A2B039715D13246294602A8FFF794FFE1
:10F060000028EBD14FF0000005B0BDE8F08F8A78A2
:10F07000C97801F0030142EA0122182AF2D91927BE
:10F08000E4E70022414602A8FEF771F90028E9D022
:10F090000022294602A8FFF777FF0028E2D00BF1F3
:10F0A000FF33012B1DD9BBF1030F88F8016085F8F0
:10F0B0000190C3D1DDE90213C8788A7800F003001B
:10F0C0009D1C42EA00229542CCD806331944022204
:10F0D0000DF1060023F0C4FFBDF80630AAF8003099
:10F0E000ACE788F801906E70A8E707B50B461146AB
:10F0F00093F901200093002A9A78DB78B4BF1F208F
:10F10000062003F00303033842EA0323984207D89A
:10F11000019000226846FFF737FF03B05DF804FB5B
:10F120000020FAE707B501AAFFF7DFFF18B19DF845
:10F13000040000F0010003B05DF804FB70B50D465B
:10F14000D0E900130446C8788A7800F003005E1CFA
:10F1500042EA0022964201D9002070BD06331944CC
:10F160000122284623F07CFF62682068511C616000
:10F170002B78C5780B44817805F0030541EA052119
:10F180008B42E9D8073210446360E6E707B50B46C7
:10F19000114693F901200093002A9A78DB78B4BFD6
:10F1A0001F20062003F00303033842EA032398429A
:10F1B00006D801906846FFF7C1FF03B05DF804FB75
:10F1C0000020FAE770B504460846D4E90015CB786C
:10F1D0008A7803F0030342EA0322AE1D237A521B0E
:10F1E000314415F0CBFE63680344636070BD2DE9C4
:10F1F000F0478AB0DDE91297DDF850A00D46904641
:10F200001E46BAF1000F49D09AF80030002B0CBF0F
:10F2100006241F2406342146304615F063FE0444BC
:10F220002146484615F030FF2218B2F5007F37D846
:10F2300006AB0024CDE901A300940123394607A8B9
:10F24000FEF7B6FA079B73B3414607A8FEF7C0F86E
:10F25000294607A8FEF7E8F8314607A8FFF7B2FFEE
:10F26000494607A815F026FF07A8FEF73FF89DF8C6
:10F2700054308DF8143005AA3B680192ED43092201
:10F2800005F0010500928DF81550069A9D68012140
:10F2900023463846A8470AB0BDE8F0870624B9E7F8
:10F2A00040F29D10F7E740F2FB10F4E72DE9F04F34
:10F2B0001E464B7803F00F038BB0072BDDE9148B50
:10F2C0000D46924603D9D52138481EF0BFFD384A75
:10F2D00012F80390A9F10207FFB2BBF1000F34D07E
:10F2E0009BF80030002B0CBF06241F24012F04F1D3
:10F2F000080407D92146304615F0F4FD0444B4F55E
:10F30000007F4CD806ABCDE901B36B880093224651
:10F310004B46414607A8FEF74BFA079B002B41D00E
:10F32000696807A8FEF754F8A96807A8FEF77CF8F3
:10F330000798089BC178827801F003019D1C42EA7E
:10F340000122954203D99721BEE70624CEE7063372
:10F3500005AC022221461844ADF814A023F080FE2B
:10F36000012F089503D9314607A8FFF72BFF07A8FF
:10F37000FDF7BCFF01238DF815309DF858308DF84E
:10F3800014300922D8F80030009201949C68069A43
:10F39000002349464046A0470BB0BDE8F08F40F23D
:10F3A0009D10F9E740F2FB10F6E700BFE884050086
:10F3B000EE9705007047000030B54578047805F0F9
:10F3C000010544EA0524146044780A4DC4F342045C
:10F3D0002C5D1C7043780398C3F3001404700498E8
:10F3E000C3F340130370136802338B428CBF0020B9
:10F3F000012030BDE09705002DE9F041012A86B0DB
:10F4000007460C4615461E4619D934F8028BADF84E
:10F41000108040F6031304A9ADF81230059420F0D3
:10F420001EF83B880D2B14D00E2B1BD80C2B44D16F
:10F430000223336033680133AB42336003D90020C9
:10F4400006B0BDE8F08114F8013B002BF2D1012099
:10F45000F6E7082DF3D935603068A8428CBF00204C
:10F460000120EDE7022D05F1FF31E8D00DF10D038C
:10F4700001930DF10E03009304AA0DF10F03204632
:10F48000FFF79AFF0028DAD0B8F1FF0F9CBF0123E5
:10F490008DF80E309DF80D309DF80E2043F00403DA
:10F4A00043EA4203BA7803F00F0322F00F0213433A
:10F4B000BB70049B04333360CEE72146384615F019
:10F4C00011FD3060C8E773B504460846D4E900155D
:10F4D000CB788A7803F0030342EA0322AE1D01AB26
:10F4E000521B3144FFF788FF18B16368019A134437
:10F4F000636002B070BD20B110F8013CC01AF9F78A
:10F5000039BB704708B518B908481F211EF09EFC8A
:10F5100089024FF0FF334FF47A72B1FBF2F204210B
:10F5200020F098FB431E5842584108BD006D05006D
:10F5300008B518B9034814211EF088FCBDE808403E
:10F54000FAF768BC5C8A050008B518B903481121B0
:10F550001EF07CFCBDE80840FAF75CBC6A8A050036
:10F56000054B10B50360283304464360406908B179
:10F57000FFF7EAFF204610BD1099050010B50446BC
:10F58000FFF7EEFF204623F0A7FB204610BD00004A
:10F590000148FFF7E5BF00BF78EE002008B518B9B5
:10F5A000034817211EF052FCBDE80840FAF714BCCE
:10F5B0006A8A050008B518B9034823211EF046FCE5
:10F5C000BDE8084020F06ABB6A8A05002DE9F041D9
:10F5D000D1E9017807F00F030F2B04460D4610D038
:10F5E0004069FFF7DBFF266C41463A463046FEF79E
:10F5F0007CFF014610B13046FFF7CDFA6069FFF796
:10F60000D9FF29462046C822BDE8F041FEF714B8CC
:10F61000A0F10400FFF7DABF2DE9F04FA1B01F46BB
:10F6200004AB0093154602F00F0907AB120C064617
:10F630001FF046FCC828804672D1BDF81A10F06B46
:10F64000FEF7A6FC099B9B785B0904465ED1DFF8B8
:10F65000E0A0002C5CD03B68A01CD3F808B0FEF7FB
:10F660008CFC69F303050246534629463846D847C1
:10F670002188F06BFEF78CFC0446EAE74FF00009A6
:10F68000A31CCA4602937069FFF788FF0298D6F858
:10F6900040B0FEF772FC69F3030501462A4658465E
:10F6A000FEF723FF00283FD0037813F0010B3BD077
:10F6B0001F490AAAFDF742FF03907069FFF77AFF1E
:10F6C0003A680298D2F808A0FEF757FC039B02465E
:10F6D00029463846D047DA4609F10109B9F10F0F3A
:10F6E000D1D1BAF1000F0CD13B680298D3F8089041
:10F6F000FEF743FC45F00F0502460D4B2946384600
:10F70000C8472188F06BFEF743FC0446002CB5D1B6
:10F71000BDF81A204FF6FF739A4208BF4FF0CC088D
:10F72000404621B0BDE8F08F7069FFF743FFD3E793
:10F730005CEC00202DE9F04705468CB00E46686968
:10F74000FFF72CFFE96A68461FF0FCFA00244FF629
:10F75000FF796846FEF768FD484559D002AA05A919
:10F760006846FEF7EEFDC82803D068461FF0CDFAC4
:10F77000EFE7BDF81210E86BFEF70AFC002702461F
:10F78000BA462AB9002FF0D002A8FEF70BFEECE72C
:10F79000079B31789B78C3F3430399422ED173784A
:10F7A00013BBD37853B3B178994227D11388BAF1F8
:10F7B000000F20D1ADF81230E86B1146FFF7E1F9E8
:10F7C0007778012F21D104F101080CAB03EB44043D
:10F7D0005FFA88F8BDF8103024F8103CB8F1080F33
:10F7E0003BD052464446CCE7012B07D1D3782BB906
:10F7F00091887388D8E7AAF80030DDE71188E86BB4
:10F80000FEF7C6FB92460246BBE752460127B8E721
:10F8100001276869FFF7CEFE24B9002F8FD00CB006
:10F82000BDE8F087013CE4B20CAB03EB440328468F
:10F8300033F8101CFEF762FC20B90B4840F6BF01FC
:10F840001EF004FB036871881A6B337803F00F0312
:10F850001B0143EA01419047DEE702A8FEF7A2FD43
:10F8600044460027D5E700BF8A5F0500F8B5064685
:10F87000154656F8143B044618680F46FFF78EFEEF
:10F8800030462946FEF758FB0646C8B1E3699A8818
:10F89000636A05FB02335B88BB4209D129462046D7
:10F8A000FFF72CF923681868FFF784FE3046F8BD8F
:10F8B00005493B462A460120F9F71AFC0026F1E7E4
:10F8C00002493B462A46F6E77D8A05009C8A0500E8
:10F8D00008B518B9034816211EF0B8FABDE808406B
:10F8E000FAF77ABABE8A050008B518B9034822218A
:10F8F0001EF0ACFABDE80840F8F78CBBBE8A0500E4
:10F900002DE9F04FBBB00646684608F027F818B15D
:10F9100000203BB0BDE8F08F6D46804682468146B0
:10F920000127287B23F036FB5FFA80FB687B23F0FE
:10F9300031FBC4B2584623F0A3FA0028E8D0204691
:10F9400023F09EFA0028E3D0BBF1390F94BFABF14E
:10F95000300BABF1570B392C94BF303C573C5FFA5E
:10F960008BFBE4B244EA0B14E4B206F80940A4B9F4
:10F9700007FA09F34AEA03035FFA83FA09F1010976
:10F98000B9F1060F05F10205CBD1BAF13F0FBFD097
:10F99000B8F13F0018BF0120BBE7FF2C01BF0123D6
:10F9A00003FA09F348EA03035FFA83F8E6E7000085
:10F9B00010B5084B1C78084B1B78022B03D0074965
:10F9C0009F20F8F737FB064B064A04F5C07443F84E
:10F9D000242010BD72360020703600208C64050093
:10F9E000000001403546526E08B5F8F72DFB00289F
:10F9F000FBD1F1EE103A23F09F03E1EE103AF1EE65
:10FA0000103A064B4022C3F88421054A136801339B
:10FA10001360BDE80840FDF78FBB00BF00E100E0C8
:10FA200038EE00202DE9F047314D324A6B6823F063
:10FA3000FF0393428AB006460F4615D12E49DFF8E0
:10FA4000D080DFF8D0A00120F9F752FB05F10409BE
:10FA5000002459F8043F58F8042B51460120013482
:10FA6000F9F746FB0C2CF4D1D5E90B128A4295BF6D
:10FA7000891A511A2B232D23009105A81F4923F021
:10FA8000F3FCAB685B0008D41D4A05AB3946304631
:10FA900023F0B6FC0AB0BDE8F087EC6814F0FF086C
:10FAA0000DD002AC29692046FEF79AF8CDE900484E
:10FAB000144A05AB3946304623F0A2FCEAE714F4B9
:10FAC0007F4F0CD00DF1080869694046C4F3072444
:10FAD000FEF786F8CDE900840B4A05ABEAE7240C73
:10FAE0000A4A009405AB3946304623F089FCD1E739
:10FAF00090FF002000870EFEC88A0500E28A0500FC
:10FB0000E98A0500ED8A0500F98A0500058B0500E4
:10FB100018970500D48A050073B5174B04460029D1
:10FB200014BF0D461D461046382301AA1349019300
:10FB3000FDF704FB019E12491048721E23F0B9FA2A
:10FB4000284623F0A1FB0E28C4BF0E382D18B21E84
:10FB500029460A4823F0ADFA08490020F9F7C8FA07
:10FB6000084A002382F83F300134074BE4B22343B4
:10FB7000536002B070BD00BF3B64050098FF0020D9
:10FB80000E8B050090FF002000870EFE70B5294CFB
:10FB9000294963685A1E22F0FF00884292B005D0BE
:10FBA0000022DBB222606360012021E012F0FF023C
:10FBB00004D0511E04291DD9204905E0182102A8AE
:10FBC000FFF730FF1E4902AA0120F9F791FA2379C5
:10FBD000636023681B4A23F0FF01914226D1DBB208
:10FBE0000133022B23D901201749F9F781FA0020AC
:10FBF00012B070BDDA1ED2B2032A9EBF1349144B55
:10FC00008D5C144E94BF53F82230134B134A009668
:10FC100088BF4125402102A823F0F2FB104A00963C
:10FC20002B46402102A823F0EBFBCBE70123134333
:10FC30002360B9E790FF002000870EFE1E8B0500B1
:10FC40000BFE0500007C01FA418B0500A49605001F
:10FC50000897050098FF0020AF960500108B05005F
:10FC6000198B0500084A4FF4FA239342186805D00F
:10FC7000013003F10403F8D0012002E0013018BF85
:10FC8000012080F001007047FCDF0700BFF34F8FB9
:10FC90000549064BCA6802F4E0621343CB60BFF328
:10FCA0004F8F00BFFDE700BF00ED00E00400FA0544
:10FCB00034DF704735DF70476DDF704773DF7047A3
:10FCC00075DF704776DF70477ADF70477CDF7047FB
:10FCD0007DDF70478BDF70478FDF704790DF7047A5
:10FCE00070B5194E0446306892B020B9174840F2FA
:10FCF00017111EF0ABF803681F225B680AA998472A
:10FD00000546306803681F229B6802A9984710497E
:10FD100006460120F9F7ECF902AB2A460AA900963B
:10FD20002046FDF7B5FB00220A4904F10E00FDF75D
:10FD30004DFA024630B101200749F9F7D9F9002000
:10FD400012B070BD0120FBE7003100206A8B050076
:10FD50007C8B0500C02B00209D8B0500027822B90A
:10FD600040F2011202801EF05DBE704703782BB195
:10FD700000230370C370807BFDF72ABA7047000030
:10FD8000F7B51C46037906460F4615461BB1FFF72B
:10FD9000A1FF00233371184A1368DB0715D4174BF2
:10FDA00019784FF47A7067F382011970454340F275
:10FDB00071214443B5FBF1F5B4FBF1F4BDF820101B
:10FDC0005D809C80D980012313600D4B00930B480C
:10FDD0001F236946ADF80430FDF700FA044620B150
:10FDE000024608490120F9F783F9B4FA84F0400982
:10FDF000307103B0F0BD00BFDCEC0020CEEC002081
:10FE0000AEEC0020C78B050030B5424989B00446EE
:10FE10000120F9F76DF91822002102A823F058FEFD
:10FE200000238DF81C30E38803B96370E17BA07870
:10FE3000C1F3400201F00101FDF72EFCE37B5D07F9
:10FE4000C3F3800208D500285BD133490120F9F7BC
:10FE50004FF9002009B030BDD90701D59B0710D458
:10FE60000028F2D09DF809308DF8080062F30003F5
:10FE70008DF809306378002B39D1A3890493238945
:10FE800038E0A3786BB304F13803039303238DF8B0
:10FE90000830638904936423204DADF8143002AA1E
:10FEA000294604F10E00FDF791F9024600282FD0F3
:10FEB0001B490120F9F71CF9AB890193AB8800932A
:10FEC000AB682A6817490120F9F712F99DF8093043
:10FED0009DF80820144903F001030120F9F708F9FF
:10FEE000B7E7627801238DF80830002AC5D063890E
:10FEF0000493E38803EB830303EB83039B009BB230
:10FF0000CAE7A0F10A03DBB2012BABD907499DE791
:10FF100001209FE7F18B0500088C0500C02B002015
:10FF2000648C05008C8C0500C18C0500308C0500AC
:10FF30002DE9F04F99B0CDE904129DF898B00293E5
:10FF40009DF8943003939DF888A09DF89C309B49C0
:10FF500006930093039ADDF88C809DF890900546F7
:10FF60005B460120F9F7C4F8029851461CF02CFAC0
:10FF7000002877D0494640461CF026FA074600285C
:10FF800070D0049B203B9BB243F6E072934269D849
:10FF9000059BB3F5004F65D8EE7BC6F340035B4588
:10FFA00024D1039A06F0010393421FD1069BC6F3A6
:10FFB00080065E40AB89049A934219D12B89059A39
:10FFC000934218BF3E46029BA3B9B8F1000F67D118
:10FFD0007B4B1868036820225B6810A99847794B0F
:10FFE00099888842024612D0444619E03E46E1E72D
:10FFF0003E46E8E7734B9B88534543D00024B8F155
:020000023000CC
:10000000000F4ED184F00104E3B2002415E019681A
:100010000029E9D010A823F031FDB0FA80F464097A
:10002000674B1868036820229B6810A99847654BA6
:100030009A8982421BD03B463C465A460399A8788F
:100040000793FDF729FBEA7B079B12F0040F03D10E
:10005000D10701D592073BD4002839D15A49012054
:10006000F9F746F80027384619B0BDE8F08F9968CF
:100070000029E0D010A823F001FD0028DBD184F096
:100080000103D9E7514B02981978514BC1EB41114B
:100090005246194423F0F2FCB0FA80F46409AEE74A
:1000A0003C46484B9B894B4501D03B46ADE7474B0F
:1000B0001978484BC1EB41114A461944404623F098
:1000C000DDFC0028F1D184F00103DBB20446B4E783
:1000D000B8F1000F04D0BBF1000F01D13E49BEE7DB
:1000E00016B9AA7BFF2A1ED128460793FFF73EFECA
:1000F000059BEA7B2B81049BAB81039B6BF3410245
:1001000063F30002069B63F38202EA73079B002CF1
:1001100047D0DFF8AC80D8F8000018BB2F484FF468
:1001200085711DF093FE3CB12846FFF7D9FD0028EC
:1001300098D00023EB8096E70299CDF800904346D3
:1001400052462846FDF7A4F922461E4905F10E0045
:10015000FDF73CF802460028EBD021490120F8F7D2
:10016000C7FF7FE703681F225B6808A9984704461A
:10017000D8F8000003681F229B6810A9984710ABAD
:100180000090224608A92846FDF782F920B109E02F
:100190002846FFF739FE38B900272846FFF7DEFD6D
:1001A00061E723B9002EF3D10023EB80F5E7029934
:1001B000CDF8009043465246E5E700BFDD8C0500D0
:1001C00000310020C02B0020088C05005CED0020D1
:1001D0001EED0020E0EC0020238D05006A8B050059
:1001E0009D8B0500008B4FF6FF73C01A18BF0120CE
:1001F0007047038B8B420CBF103000207047008B80
:100200004FF6FF73C01A18BF012070476CDF7047AC
:100210006DDF70477CDF704769DF7047044B9A6B76
:10022000F1EE103A136C23F09F031364704700BF84
:1002300000EF00E01EF0040F1CBFEFF309800AE09E
:10024000EFF308800549064A884201D8904202D857
:100250008D464FF00000034B1847000080FF002040
:1002600080FB0020D9DE020010B5002101201FF024
:1002700045FE044618B9054825211DF0E7FD00227A
:1002800011461FF051FC204610BD00BF518D0500E6
:1002900008B589024FF47A73B1FBF3F1F8F762FE07
:1002A000431E5842584108BD08B518B903482021DB
:1002B0001DF0CCFDBDE80840FFF7EABF5C8A0500F1
:1002C000F8B5114604464068FFF7EEFF38B3154F06
:1002D0004FF6FF76E36898B203EA0701B04201F5F2
:1002E000803103D110483B211DF0B0FDA2689DB2C2
:1002F00032F81520BFF35B8F0A4304F10C0151E87B
:1003000000CF9C4504D141E8002EBEF1000FF6D18C
:10031000BFF35B8FDED1A36823F81560F8BD4FF6FD
:10032000FF70FBE70000FFFF658D050010B5044678
:1003300042F210712046FFF7ABFF0028F8D010BD45
:1003400008B518B903481A211DF080FDBDE8084022
:10035000FFF7ECBF5C8A050090B593B002AFBA60BE
:100360007B600346FB810B46BB815F4B1B7883F0B0
:100370000103DBB2002B04D04FF49E715B481DF0EB
:1003800065FD7B685A4A934204D05A4B1B68184655
:10039000FFF7CCFF584A7B681360BB895F2B04D9F9
:1003A0004FF4A27151481DF051FD00233B62002320
:1003B000FB610023BB6107F1180307F11C0207F181
:1003C0002001F889FDF72AFCB98907F11002FB89A1
:1003D000184615F009F87863BB897A6B13443B63C0
:1003E000BB69396B1846FDF741F9034687F82F3092
:1003F00097F82F3083F00103DBB2002B10D07B6B1A
:1004000099B2BC8907F11002F889BB6800932346B2
:10041000FDF734FC39494FF4FA2015F085FC5DE016
:10042000BB699BB203F00303BB857B6B9AB2BB89AC
:1004300013449AB2BB8D13449BB203339BB223F097
:1004400003037B850023FB6307E02D4AFB6B13440A
:10045000FF221A70FB6B0133FB63BB8DFA6B9A4270
:10046000F3D3BB8D264A134407F110017A6B18466B
:1004700022F0F6FDBA8D7B6B1344214A1344BA89EE
:10048000B968184622F0ECFD0023BB630CE0BA8D7E
:100490007B6B1A44BB891A44BB6B1344184AFF2177
:1004A000D154BB6B0133BB63BB6B032BEFD9F98911
:1004B000B889BB69BA6812780192009303460A466C
:1004C00010490120F8F714FEBB6923F003037B6297
:1004D0007A8D0D4B0A49786A15F0F0FA0123184617
:1004E0004437BD4690BD00BF14300020798605001A
:1004F000250A030010300020B4ED002085DD020045
:10050000B8ED0020748D050099090300037973B5D7
:1005100004460D46FBB100230DF10600ADF8063090
:10052000FCF73AFE024690B9ADB243F203064FF62D
:10053000FF72BDF806102846FCF72AFEB0420246BC
:100540000BD1BDF806300133ADF80630EFE71049A6
:100550000120F8F7CDFD02B070BD43F2014398428F
:10056000F9D030B1BDF806300A490120F8F7C0FDD6
:10057000F1E7A3682071002BEDD0074B04F10802CE
:100580000421092002B0BDE87040FFF7E5BE00BFBE
:10059000A98D0500DA8D0500BDD10200012303718C
:1005A000044B1B68198B4FF6FF73994201D0FFF77C
:1005B000ADBF70470431002010B506490120F8F79F
:1005C00097FDBDE81040044B044A17210720FFF7B0
:1005D000C3BE00BF1D8E05000906030080ED00208C
:1005E00010B506490120F8F783FDBDE81040044B23
:1005F000044A01210520FFF7AFBE00BF2B8E050086
:10060000C915030097ED002010B506490120F8F741
:100610006FFDBDE81040044B044A02210820FFF79B
:100620009BBE00BF3F8E0500E1050300ACEC00203F
:10063000002208B511461FF077FA431E5842584170
:1006400008BD4268034600680244986810B4B2FBD3
:10065000F0F400FB1422DC680C2000FB024407C904
:1006600084E807005A6801325A601A7F22B118697B
:100670005DF8044BFFF7DCBF5DF8044B704710B525
:100680000446406803689B689847A068F7F742FCF7
:10069000E068BDE81040FFF7CBBF2DE9F74F0446F7
:1006A000806A01930D469046FFF712F9636CAB42E6
:1006B0007ED101332669D4F814A0636400254FF07D
:1006C0000C09BAF1000F0FD1002D68D0019B4BB17E
:1006D00004F110004146FFF7B4FF013D2046EDB2A2
:1006E0001DF006FE01265BE0E16909FB06F3CA186E
:1006F000CB5C022B3FD1D2F804B09BF805700837D1
:100700005F447B7803F01F03012B34D15088000A2B
:10071000FDF704FC03685B689847036839461B696A
:10072000984740B35846FDF743FF6369D4F818E093
:10073000013B6361676923691F444FF00C0BB7FBF2
:10074000FEF30EFB137733469F4204D10135EDB221
:100750000AF1FF3AB5E703F1010CBCFBFEF20EFB18
:1007600012CCE2690BFB03230BFB0C2207CA83E8C4
:1007700007006346E8E76369002BE9D021696369F4
:10078000A2690B44013BB3FBF2F102FB11339E4221
:100790001EBF0136B6FBF2F302FB1366D8E72E4606
:1007A000A06AFFF7A1F835B9304603B0BDE8F08F75
:1007B00000250226F4E7206C013DFFF739FFEDB27A
:1007C000F1E700002DE9F04F05468BB0806E9DF8F3
:1007D00054A0059190469946002832D11D480368DF
:1007E0001B68984705F1040B00240368149A0092D3
:1007F000CDE901B4CDF80CA09B6805991F4642468F
:100800004B460646B84740F2FB13984216D12346A2
:10081000296D099407AA05F10C00CDE90744FFF7FB
:100820003CFF3368149A0092CDE9024ACDF804B037
:100830009C6805994B4642463046A0470BB0BDE840
:10084000F08F0468149E0096A468A0470028C5D0C5
:10085000C820F3E77CEC0020F0B40F4D560000F107
:100860000C04C1688368995301EA050303F58033DA
:100870001343BFF35B8F54E8007F8F4204D144E8F9
:10088000003CBCF1000FF6D1BFF35B8FE9D1F0BCA7
:100890004068FFF7CDBE00BF0000FFFF214B1B7873
:1008A0002DE9F34704460E4615461BB91E48542150
:1008B0001DF0CCFADFF87C900027D9F80000FFF794
:1008C00035FD3B466A4601A920460097FDF7A6F98B
:1008D000DDF804A0BAF1000F22D008B3DDF80080E3
:1008E000B8F1000F1CD0B04504D0104922460120B9
:1008F000F8F7FEFB0E492B7822460120F8F7F8FBAB
:10090000B0454246514628BF3246284622F0A8FB51
:10091000D9F80000FFF78CFE009802B0BDE8F08720
:100920000097F5E71430002079860500508E050009
:100930007A8E05001030002010B533220446FF21C6
:1009400023F0C6F822461C210620FFF7A7FF04F17A
:100950001C021721BDE810400720FFF79FBF0000D1
:1009600010B50A480A4CFFF7E7FF0A4A4FF6FF7333
:100970000221082013802370FFF790FF22460121F7
:10098000BDE810400520FFF789BF00BF64ED0020DF
:1009900097ED0020ACEC002070B50A490446012018
:1009A000F8F7A6FB084B00221D681A60074B186871
:1009B000FFF73EFE25B120462B46BDE870401847A4
:1009C00070BD00BF908E0500B4ED002010300020F7
:1009D00010B50D4904460120F8F78AFB1CB10B48FD
:1009E000C5211DF033FA0A4B1A8832B1BDE8104018
:1009F000084B0949094815F061B81046FFF7CCFFCC
:100A0000074B01221A7010BDA48E050079860500DF
:100A10000830002099090300B8ED002010D007002D
:100A20001430002080B582B000AF7860054A7B6842
:100A30001360054B1B681846FFF7FAFD00BF083727
:100A4000BD4680BD78EC00200C30002080B584B01D
:100A500000AF03463A60FB800B46BB80344B1B78EB
:100A600083F00103DBB2002B04D040F27311314854
:100A70001DF0ECF9304B1B681846FFF757FC2F4B65
:100A80001B6800211846FFF703FC034683F00103AF
:100A9000DBB2002B04D04FF4BC7126481DF0D6F910
:100AA000B988F888264B3A68FFF756FC0346FB7373
:100AB000FB7B83F00103DBB2002B05D02149012031
:100AC000F8F716FB00232EE01C4B1B6840F6B831EC
:100AD0001846FFF7DDFB0346BB73BB7B83F00103C6
:100AE000DBB2002B08D018490120F8F701FB40F2D7
:100AF000871110481DF0AAF9144B1B68BB600F4BFF
:100B00001B681846FFF794FDBB68002B05D0FA88D8
:100B1000BB680F490120F8F7EBFABB68002B0CBF4C
:100B200001230023DBB218461037BD4680BD00BF4D
:100B30001430002079860500103000200C30002091
:100B4000250A0300BC8E0500E08E050078EC00202D
:100B5000108F05004109044A00F01F000123834063
:100B600042F82130704700BF00E100E038B58B1E2D
:100B7000012B04460D4606D94B1F022B03D90B4906
:100B80006B20F7F757FA002CACBF04F16044084B18
:100B90004FEA4515B8BF04F00F04EDB2AABF04F543
:100BA00061441D5584F8005338BD00BF3F8F0500D8
:100BB00014ED00E013B5084CD4F800314BB1074BED
:100BC0001B6898470023C4F80031D4F80031019322
:100BD000019B02B010BD00BF000001406C36002038
:100BE00038B50C4D00236B60AB602B61EB600A4B9A
:100BF0001C7964B9094A1A6001229A80084B1B7853
:100C00000BB915F0DFFD01232B70204638BD85247C
:100C1000F4E700BF78360020A4EC00206DD202007B
:100C2000383B002060DF704710B50446EFF30583C2
:100C3000C3F308033BB9EFF31483DB0703D504497F
:100C40005120F7F7F7F92046BDE81040F7F7F4BD5B
:100C50007D8F0500012813B508D003281CD018B9D2
:100C60002D4B0122C3F8802002B010BD2B4C002375
:100C70000DF107008DF807301DF004F923780BB94A
:100C8000FFF7AEFFE3680133E3600123A3709DF833
:100C90000700FFF7C9FFE7E7204C23787BB315F087
:100CA00091FDE36823B91E4940F20B10F7F7C2F932
:100CB00000230DF107008DF807301DF0E3F8E3681D
:100CC000013BE360E368002BE1D1164B1B781BB1BD
:100CD00013497920F7F7AEF9134B1B791BB9134968
:100CE000F320F7F7A7F94FF080420123D360D2F841
:100CF0001834C3F30041DB03F9D4A170C7E70849F6
:100D000040F24520F7F796F915F05CFD04494FF4E1
:100D10008570F7F78FF9C4E700E100E0783600202E
:100D2000CC8F0500383B0020A4EC00201590050076
:100D30001FB50021039001AA44F20100CDE9011181
:100D4000FDF7A6F8F7B52B490120F8F7D1F90023F4
:100D50004FF0FF32CDE90023274B8BB101A9684644
:100D6000AFF30080019B013304D10AF027FD009B03
:100D7000C01A0190DDE9003220490120F8F7B8F9E6
:100D80000AF01CFD00241E4F060A2546AE420BD178
:100D90001C490120F8F7ACF94FF0FF310020FCF7B7
:100DA000F3F9F8B1FFF7C4FF009BA3420CD8019AF6
:100DB0001344A34208D92A4639460120F8F798F986
:100DC000013504F58074E1E74FF4807120460AF0A4
:100DD0004FFC15F00F0F0CBF012100211F2014F054
:100DE00039FDEDE7B121FCF7CDF90028DAD103B0E8
:100DF000F0BD00BF5C900500000000007190050090
:100E00009B900500B490050038B50D6804461DB9E7
:100E10001D492820F7F70EF92388522B20D006D839
:100E20003A2B2ED03B2B08D0102B2AD038BD552B77
:100E300021D0562BFAD1154900E015490120F8F7C9
:100E400057F9A48813212046FCF7A0F94FF6FF7349
:100E50009C42EBD021462846BDE83840FFF756BB00
:100E6000A4880022032311462046FCF793F90028AA
:100E7000ECD0FFF75DFFA088A121BDE83840FCF76A
:100E80008DB9A488E2E700BFE9900500359105001F
:100E9000219105002DE9F743477905467A1E04465E
:100EA00000239342246806D30026B046B74204D8F4
:100EB00003B0BDE8F0830133F3E7D5F8009064B9DF
:100EC000114940F24710F7F7B5F80DF107008DF81A
:100ED00007401CF0D7FF2368FFDE0DF107008DF8F7
:100EE00007801CF0CFFF23681A68511C1960E36863
:100EF000218AEB1AB3FBF1F313709DF80700FFF79B
:100F000093FE01364D46D1E74991050010B50430F6
:100F1000012350E8002F02EB030140E8001494F095
:100F2000000FF6D110BD30B4031D012153E8004F6E
:100F3000A4EB010243E8002595F0000FF6D1D2B2F0
:100F400012B930BCFFF7A6BF30BC70471FB51446BE
:100F500003920022009203AAFCF7EEFD039BA3423A
:100F600006D00449F62004B0BDE81040F7F762B897
:100F700004B010BD078605001FB514460392012278
:100F8000009203AAFCF7D8FD039BA34207D00549B2
:100F90004FF4807004B0BDE81040F7F74BB804B0D0
:100FA00010BD00BF0786050070B50B4D0B4C002629
:100FB000641B1423B4FBF3F4A64201D1002009E022
:100FC0002B6813B901361435F6E7DB6928469847D4
:100FD0000028F7D070BD00BFE82C0020FC2C0020BA
:100FE000C37810B504463BB1FFF7DEFF20B92046B9
:100FF000BDE810401DF016BD10BD00002DE9F04FFA
:101000000C6899B005461CB959219D481CF01EFF7B
:1010100003883A2B31D80F2B35D9103B2A2B32D8E5
:10102000DFE813F046009F00E100B3010702310042
:1010300031003100310030027202310031003A01DA
:101040003100DC003100A2028002EF000601310015
:101050001601310031003100310031003100310022
:1010600031003100310031003100310031003100F8
:101070003100310031003100FC00502B00F0DF80E6
:10108000552B00F0C380B4F840104FF6FF75A9420D
:1010900008D02046FFF7B3F820B12046FCF718FB34
:1010A000A4F84050204619B0BDE8F04FFFF798BFB4
:1010B00000F1080704F138088688072239464046BF
:1010C00022F0DCFC10B9A063C4F83B00228B4FF681
:1010D000FF73D21A18BF0122142303FB02432046D8
:1010E0001E83A9681961B9889982B9799975172100
:1010F00059831B2183F8221084F84220FFF772F8ED
:1011000001282AD1A07BFCF763F894F843305BB147
:10111000002108220BA822F0DBFC04F143030BA9F9
:1011200022200B93FCF760F80C224FF4C873114691
:101130000093304602231CF0E5FC20463146FCF7C4
:10114000C7FA504B186800289DD0036832461F68C4
:10115000012105F10903B84795E720461DF062FC1F
:10116000D3E781882046FFF744F8064610B940F2DD
:10117000DF514AE70368A3638388A387837984F8F0
:101180003E3094F8492040490120F7F7B1FF94F828
:1011900049304BB13D490120F7F7AAFF3C4B3D4A8E
:1011A0001C210620FFF7D8F823782BB10123A37068
:1011B000637020461DF036FC324B186828B1036876
:1011C000AA881F680021731CB847228BAB889A42FB
:1011D0007FF459AF4FF6FF73238354E700218088D3
:1011E000FEF76EFD4FE781882046FFF702F80028E2
:1011F0003FF449AF2B898381AB89C381EB8903829B
:1012000041E7808800211DF0EFF83CE7C188808825
:10121000A129A8BFA121FBF7E5FF34E7818820467B
:10122000FEF7E7FF6B89A12BA8BFA12343812AE723
:1012300081882046FEF7DDFF2B89837423E794F92C
:101240004230002BFFF61FAFFF2384F842301AE72D
:10125000027A012A7FF417AF2378002B3FF413AFF3
:10126000A37833B10023A370627020461DF0DAFB2F
:1012700009E76278002A3FF406AF6370F5E700BF24
:101280006A8B050098ED002093910500B091050050
:10129000B905030064ED00202379002B3FF4F3AE81
:1012A000DFF8FC92D9F80070002F3FF4ECAE037A1F
:1012B0000026C3F3C0031A2231460CA804930B96F0
:1012C00022F006FCB5F824A005F10B03BAF11F0FBC
:1012D000059310D8AAF102032F6A0693B2451BD8D2
:1012E000D9F800709DF82C603B6895F91B20D3F865
:1012F00000802EB147E03B6895F91B20D3F80080B1
:1013000095F8243002932B6A0193049B009305996E
:1013100033463846C047B6E617F80680069ABB192A
:10132000921BA8F102015B788A4228BF0A46082B6B
:10133000934613D19DF82C3063B9B11C39440BA8E6
:10134000079321F0DDFE0BF160030DEB0302079B19
:1013500002F8343C08F101084644BFE7092BF9D1F3
:10136000B11C39440BA821F0CBFE0BF160030DEB4F
:101370000302D9F80070002302F8343C3B6895F969
:101380001B20D3F800800BAEBAE7794E794932784A
:101390000120F7F7ADFE3378AD88012B08D194F822
:1013A0004A305BB91A4685212846FBF713FF6AE6E7
:1013B000022B03D11AF0E4FF0028F0D16E4E332245
:1013C0000021304622F084FB0522002109A822F0EA
:1013D0007FFB099B694A0B961A40694B134309939B
:1013E0009DF8283043F002038DF8283006F11C03E5
:1013F000109394F84330ABB99DF82430032262F384
:1014000006138DF8243009AA0BAB00212846FBF700
:10141000E1FE024600283FF436AE5A490120F7F7B4
:1014200067FE30E69DF8243023F0720343F0020398
:10143000E7E7FFF795FA504B2E8A5A8AB71A7E4291
:101440007E41143305F1120205F1190126B11E780F
:101450001078301A4642464101328A4203F10103B4
:10146000F4D156B948490120F7F742FE33463246D7
:101470003146A888FBF7B0FE05E6444A0023A2F1F6
:101480001C01F6E7027A0AB14149C7E7384B1B78DD
:10149000032B31D194F84A3073BB0DF12C08404630
:1014A000FFF74AFA0123DFF8D0C02D221E46194665
:1014B0001CF8027018F802000132B84214BF002173
:1014C00001F00101FF2F14BF002606F00106002FD6
:1014D00014BF002303F00103332AE9D166B95BB9D5
:1014E00051B92C490120F7F703FEFFF739FAA88814
:1014F0000E21FEF7E7FBC6E527490120F7F7F8FDC7
:10150000012384F84930BEE5007A030900F00F009A
:1015100001287FF4B8AD012B7FF6B5AD1F49F7F771
:10152000E7FDB0E5837A027A990702D4437A9B07F4
:1015300017D52A2A18D0002A7FF4A5ADAD882046F9
:101540002946FEF756FE00283FF49DAD4189837C75
:1015500017297FF698AD1B2B7FF495AD11462846D1
:1015600051E62A2A7FF48FADA8881AF0FAFE8AE5A0
:1015700097ED0020C391050064ED0020FE0000FE01
:1015800001101001ED9105001392050080ED00207F
:10159000429205006B9205009A920500B9920500EF
:1015A00060ED002008B50346086818B905486021B9
:1015B0001CF04CFC023B012B03D8BDE80840FFF7B0
:1015C0000FBD08BD6A8B050008B50246044901201D
:1015D000F7F78EFD034B1868BDE80840FFF700BD24
:1015E000EB9205000431002038B5056804461DB9AA
:1015F00007496420F6F71EFD63683BB1AA681344EF
:1016000063606A68934204BF0023636038BD00BF13
:101610000C9305000E4B0F4C0F4D104E012283B55D
:101620001A700F4A0F4F944208BF002428683946A9
:10163000FEF72EFE0028F9D0CDE90064019B002BB7
:10164000F4D0D3E9002090476846FFF7CDFFF5E7D7
:101650006C310020606C060074360020E8950500AF
:10166000706C060080EE360070B5124A124C134EB4
:10167000D6B0944208BF00244FF4A6750DF10201C4
:1016800003A8ADF80250FBF709FE60B9CDE901648B
:10169000029B002BF2D003A8D3E90021904701A8B8
:1016A000FFF7A2FFF4E7052801D0FFF741FB56B092
:1016B00070BD00BF286C0600E86B0600DC950500D5
:1016C000024B1B780BB1FFF7CFBF7047FD300020F6
:1016D000ABDF7047002301380B70042806D8DFE821
:1016E00000F00306080A0C0011230B707047212339
:1016F000FBE73123F9E71223F7E72223F5E7F0B5FB
:101700008B7891B0012B0C4638BF012302AF8DF8C6
:101710000E3005460B88ADF80C30002116463846D1
:10172000032222F0D5F9607C3946FFF7D3FFA07C75
:101730000DF10901FFF7CEFF227D237B013202F07C
:10174000030243EA4203E27B43EAC203227C43EA08
:1017500002139DF80A2003F01F0322F01F02134317
:1017600000211C2209A88DF80A3022F0B1F9637B10
:1017700013F0300F15D003220021684622F0A8F99B
:10178000E07C0DF10101FFF7A5FF11238DF800307A
:101790009DF80230CDF838D0012262F342038DF873
:1017A0000230637B8DF824301422A37B8DF8253022
:1017B000002104A822F08CF903ABCDE90437A388FB
:1017C000ADF81C30A3681BB1E288ADF8182008936F
:1017D000A36973B301AF03220021384622F078F9E0
:1017E000A2691388ADF82C305388ADF82E305368B9
:1017F0000D97107B0A933946FFF76CFF0DF1050139
:10180000507BFFF767FF937B117A013303F00303EB
:1018100041EA4301937A41EAC301D37A41EA0311D1
:101820009DF8063001F01F0123F01F0319438DF8C6
:101830000610E36903B10C93334604AA09A92846AC
:10184000FBF72EFD11B0F0BDA8DF7047ACDF70478D
:10185000AEDF7047A8DF7047F0B5074689B0144681
:101860001E460D4611B90020FFF762FA002AFAD091
:1018700020220021684622F02BF99DF80D300E9AA7
:10188000ADF8007043F002038DF80D30064BADF853
:1018900004401888ADF80640694602958DF811603D
:1018A000FFF72DFF09B0F0BD503100204309044976
:1018B00000F01F0001222033824041F823207047AE
:1018C00000E100E011DF704713B50C4B0C4A0093A8
:1018D0000C4B934208BF002304460193019808B9BA
:1018E00002B010BDD0E900312046984718B16846D3
:1018F000FFF77AFEF2E71120F2E700BFD09505006E
:10190000506C0600486C060013B50A4B0A4A009357
:101910000A4B934208BF002304460193019B0BB975
:1019200002B010BD2046D3E9002190476846FFF77A
:101930005BFEF3E7C4950500606C0600506C060082
:1019400037B5214D012300202B70FFF7BDFF112873
:1019500036D00020FFF7D8FF1C4B186801900023F9
:101960000DF103008DF803301CF08CFA184901A822
:10197000FBF7B9FC174B0446B0FA80F04009187029
:101980009DF80300FFF750F9DCB913492C7091F86A
:101990001623EC2352091341DB0706D50F4B9A6837
:1019A0003AB94FF480030B6007E042F20200FFF700
:1019B000BFF91A6842F480021A600120FFF7A4FF01
:1019C0000024204603B030BDA0EC00205C99050047
:1019D00091DE0200383B002000E100E03C3B0020AB
:1019E0002DE9F74F1C461F3317464FEA631B1F3282
:1019F0005B09B3EB521F80464FEA62164FEA521A58
:101A000030D94FEA8B094846F5F726F905460028F4
:101A10003FD0D8F80410B30041B11A46019321F029
:101A20001FFBD8F80400F7F7A5F8019BC8F804508D
:101A3000ABEB06029200FF21E81822F049F8A9F169
:101A40000409D8F80410644251F8093004F01F0466
:101A50004FF0FF32E24013404FEA4A1A41F8093092
:101A60001FFA8AF4E41BA4B294B106F18043D8F8BB
:101A70000410013BC4F120044FF0FF32E24007F0B4
:101A80001F0702FA07F751F823203A4341F82320B1
:101A9000012003B0BDE8F08F37B543689A7804465B
:101AA00052B102EB420295002846F5F7D5F82A46D6
:101AB0002063002122F00CF863685B7913F00103C6
:101AC0001DD1206884F8383003689B6898476368A4
:101AD0005A79D9880B4B0094C2F38202F6F72AF99F
:101AE000A060A3683BB9084840F203111CF0AEF9AE
:101AF0000120F6F7F9F994F83830002BF8D00120DE
:101B000003B030BDD53203006F9305000C30FFF7F2
:101B1000C3BF83682DE9F041DE880446042E98880F
:101B200038BF042601FB00600F46F5F795F835181D
:101B300076423540281A05F8010C5DB16068E289EB
:101B400003682146DE683B46B047064630B9284662
:101B5000FDF7D1FC00263046BDE8F081216949B18E
:101B6000A368E2899B8828465A4321F079FA2069C4
:101B7000FDF7C1FCA068E38902688188D2F8008083
:101B8000A7EB030C1FFA8CF203FB0151C047256140
:101B9000E781E0E7F8B5C2894369934204460D4600
:101BA00011D0F6F75AF90746606803682A461B68A1
:101BB000214698474FF6FF73984205461CD14FF6D1
:101BC000FF752846F8BD90F90D20002A11DA73B18F
:101BD00003EB53039BB2A089C0F30E01994228BFC7
:101BE00019462046FFF795FF0028DAD1E7E71023D2
:101BF000F1E70029D5D1E2E704F11400FBF7A9FDD4
:101C0000064604F11C00FBF7A4FDF6F726F9BFF326
:101C10005B8FC01B04F1240353E8001F014443E819
:101C20000012002AF8D1BFF35B8FA36A8342236AB4
:101C300038BFA062B342E38938BF2662B342C0D145
:101C400004F12C00FBF785FDBBE700002DE9F8430C
:101C50000546994655F8143B044618680F469046C9
:101C6000FDF79CFC28460021FFF794FF4FF6FF7319
:101C7000984205461CD0E3699888636A684328F057
:101C800002081E5C06F00206191846EA08021A54F9
:101C9000BDF820304B80636C81F8019053F825002B
:101CA0003946FDF72FFC18B90548A1211CF0CEF8E4
:101CB00023681868FDF77EFC2846BDE8F88300BF5E
:101CC0000A6D05002DE9F0411F46530706461546EB
:101CD00003D03A2124481CF0B9F8FF2A01D93B214E
:101CE000F8E73A44012992B22CD002292ED091BBB8
:101CF00000F11803482404FB01F0185A083880B298
:101D0000824204D901310429F5D14F21E2E7CCB256
:101D1000482000FB0460069900F104081C30FFF71E
:101D200039FF4FF6FF7398421BD0D8F82030D8F80F
:101D300028209B884343D018D65004714571C78032
:101D4000BDE8F081382A08D95321C3E7B2F5027FF4
:101D500005D95721BEE75B21BCE70424D8E7052459
:101D6000D6E70020ECE700BF658D050070B508469A
:101D7000164632B92E4854211DF0C2F94FF4C870EE
:101D800070BD2C4B1B68002B4FD013F014FB2A4B5B
:101D900053F8204094F860328BB304F1080013F03C
:101DA0000AFB264B01461868FEF723FA00B140896A
:101DB000033885B2D4F8440220B1F6F7DBFE0023E5
:101DC000C4F84432C4F848522846F4F745FFC4F832
:101DD000440210BBD4F8482219490120F7F788F9CA
:101DE0001420C4F84802F4F737FFC4F8440218B9C5
:101DF00014494A20F6F71EF9002384F86032F2886D
:101E0000C4F85C6206F1080104F5137017F07AF863
:101E10000023C4F85C32C820B2E7D4F848320A4A3A
:101E2000C4F84C22C4E99503E6E740F2F710A7E7AF
:101E3000AE85050044EE00203CEE00200431002079
:101E400082930500AA93050050970500144C08B52D
:101E500023781BB3F6F7BCFF0023072023701CF088
:101E600077FDD0F81C2712F4403FC2F301430AD09B
:101E7000023B012B0AD90B490120F7F739F90A482F
:101E800048211BF0E3FF142013F031FC074813F046
:101E900007FEF6F7B9FFFBF773F9FEE7FDF7F6FE6D
:101EA0009CED0020DD930500F7930500F4950500F7
:101EB00038B505460C4621B90B4840F2D521F6F756
:101EC000EFFEAC4204D2084840F2D621F6F7E8FE15
:101ED000002120461EF012F818B9044815211BF005
:101EE000B5FF856338BD00BF70F10500518D050059
:101EF00070B51E464368054614460BB1002070BD00
:101F000031463046FFF7D4FF686018B90A488B2184
:101F10001BF09CFF7000F4F79FFEA8600028EDD036
:101F2000A3B2B34201D30120E9E7EB6820F81430F3
:101F3000EC600134F4E700BF658D050038B5234B34
:101F40001C6824B922484FF48C61F6F7A9FE236C73
:101F500023B11F4840F26441F6F7A2FE236833B96B
:101F6000A36823B11A4840F26941F6F799FEF6F7E3
:101F7000CFFFEFF31185202383F31188A26BE36B6E
:101F80009A4202D385F311881AE094F84510013281
:101F9000FF294BB2A26314D1636A002BF2D004F183
:101FA00024001FF0B9FB0028ECD085F31188094B01
:101FB0004FF080525A6040BFBFF34F8FBFF36F8F17
:101FC00038BD01335BB284F84530DBE7743600205E
:101FD00070F1050000ED00E070B5104E356815F0A9
:101FE000010519D10E4C0F4B236004F10800283372
:101FF0006360F5F762FD01230B483360C4E90555C2
:10200000C4E90855C4E90A55C4E90C55C4E90E559C
:10201000C4E9105521F0B7FA014870BD74EE0020F4
:1020200078EE00201099050091F502002DE9F04F9F
:1020300099B01C4608909DF88830406907920D932E
:102040008B46FDF7ABFA079A6FF47F431360BBF141
:10205000000F00F08C819BF800302F2B08BF0BF194
:10206000010B089BDF6A9BF800305BB9079AFF23DE
:102070001360C825089B5869FDF79CFA284619B0DB
:10208000BDE8F08FC4F30F430E93230C0A9315940D
:102090005B461C789946013314B12F2CF9D10024EA
:1020A000059417E07B68CDF80CB05B689A6C13441C
:1020B000B3F80880002306934FF6FF7398450ED1BE
:1020C000069B4BB95B46994613F8012B0AB12F2AA0
:1020D000F9D13F6A002FE5D14FF4CA7552E07E680E
:1020E00073684FEA1822196D03EB42020E20525A10
:1020F000996C52FA88F292B200FB0211039AA9EB92
:10210000020204920D9A5D18002A45D095F802A0AB
:102110006FEA0A0A1AF0010A3ED0AA894FF6FF7048
:10212000824239D0059B002B40F0B980E4B90A9B6C
:102130004FF6FF72934217D0FFF74EFF036C0993DF
:10214000214603F11000FFF725FD4FF6FF72904284
:1021500000F0E780099B9A691B6A928800FB0230B5
:10216000002800F0DE800446A9893046F4F7E2FE3C
:10217000824628B1818833683046DB689847E0B9E9
:102180004FF4FA75002C3FF475AFFFF725FF214699
:10219000006CFCF700FD6DE73268595A92683046D2
:1021A0009047049A064601460398F5F78FFD0028EC
:1021B00000F0A580B5F806807EE70378012B01D1F9
:1021C0008188D8E7ABB9BAF80420062AD8D1039899
:1021D00013930A2213A920F02DFE139B9945E9D1F0
:1021E000002C59D0069B032B52D9624840211BF08A
:1021F0002DFE042BC4D14388062BC1D133688288BD
:102200009B69314611A89847129B002BB8D0002338
:10221000039810930A2210A920F00CFE049B0B9047
:10222000002B31D0109BA3EB090CDCF1000343EB36
:102230000C030993119BC3F35E030C934FF0000A48
:102240000C9B5345B6D9524611A913A8FBF776FF4C
:102250003268BDF84C10926830469047014600281D
:102260008ED0099B1BB114980B9B8342B8D0049A63
:1022700003980F91F5F72AFD18B9049B0F99CA5CD2
:1022800022B10AF1010ADBE7049BD2E71498A7E721
:10229000069B023344F82300069B0133069399F80A
:1022A0000030002B40D1AB78079AC3F343031B01E6
:1022B00043F00F031380059BA2F80280002B51D13D
:1022C000069B002B51D0002C3FF4D3AEFFF784FEC9
:1022D000BDF83830056CADF85630059B0093159A63
:1022E000079B21462846FCF73DFD00287FF4C1AE40
:1022F00028462146FCF74FFC40F2FB15BAE6049B4A
:10230000F35C002B7FF456AFAB78D807C7D599079D
:10231000C5D5B5F80880786841461CF0B5FC05467F
:10232000BDE7CDF814A0BAE709F10103039399467C
:1023300013F8012B0AB12F2AF9D1AB78DA070ED5A1
:102340009B070CD42A7AFB69DDF80CB053F8227095
:102350007B685B689A6C1344B3F80880ACE6B5F808
:102360000880A9E640F2FB150CE7C8250AE74FF400
:10237000CA757FE60094050030B585B00C46012390
:102380000093A368114603AA0546FFF74FFE039B7F
:10239000636002462146284605B0BDE83040FBF7A1
:1023A0004BB9A0F10400FFF7E7BF2DE9F041AEB053
:1023B000FBF7DCF98046F5F75DFD1EF061FF10AD1F
:1023C00001AF0026FFF708FEF1B2C0691CF0E5FC82
:1023D000044660B9287001360F2E05F1080507F193
:1023E0000407EFD11FF028F82EB0BDE8F081436953
:1023F000C06803689B6898470421024638461BF072
:1024000019FF082204F15801284620F029FE6B88A4
:10241000A8EB03036B80DEE770B5254BBFF35B8F42
:1024200092B0012253E8001F002903D143E80024A1
:10243000002CF7D1BFF35B8F37D1C3690193002222
:10244000DB688DF80820039301A8FCF728F90446FF
:10245000F8B10369DD781B791D440023CDE904330D
:10246000EDB2069300F11C0604A930461BF0F8FEFD
:1024700058B155B107AA04A92046FAF75FFD013DFE
:102480001046FCF769F9EDB2EEE701A81CF0B8FBC5
:10249000DAE7FFF78AFF2246012104AB07A8FCF721
:1024A00021FD884204F10104F5D012B070BD00BFD7
:1024B00070EE00202DE9F84F164698464B4A0B78EF
:1024C000D55C05F10E0904460F464FF0020A00EBF9
:1024D0008909D9F80400D4F844B03146FDF7E4FE88
:1024E000002859D0A06A04F11006FDF7F1F9626ADC
:1024F000A3691AB36269934220D894F82D30A06A78
:102500000133DBB284F82D30FDF7EEF90021606A6B
:10251000FDF7CAFE8046A06AFDF7DAF994F82D307F
:10252000013BDBB284F82D30B8F1000FDFD1A06A97
:10253000FDF7DAF940F2FB212D4804E0626993428D
:1025400003D82C4836211BF081FC39463046FEF773
:1025500078F8A06AFDF7C8F920461BF0C9FEA06C08
:10256000EB1C00EB83009900FBF7F3F8A36C03EB83
:1025700085056A6990420DDDBFF35B8F0B4408331C
:1025800053E8001F914203D143E80004002CF7D127
:10259000BFF35B8FCA200AE0A36C05F10B0003EBCD
:1025A0008000FBF7D6F8012D03D040F2AD10BDE856
:1025B000F88F43463A4659462046FEF76EF8012802
:1025C000E8D0022809D0B8F1000FEED0FFF704FDE3
:1025D000FFF722FF40F22E31AEE7642E28BF6426BB
:1025E000BAF1010FEFD0AA4673E700BF28980500A3
:1025F0006F9305001194050070B51B78052B86B00C
:10260000044646D18B7B052B43D0406991F824606A
:10261000FCF7C4FFE36900930022DB688DF8042017
:10262000029314256846FCF73AF878B10023ADF818
:1026300014304FF4FA72012303A90C30CDE903568C
:10264000FFF738FF68461CF0DBFAEBE7256C08352E
:10265000294603A8FBF736FF0835039BBDF8101089
:10266000DB898B4208D16069FCF7A4FF012006B02A
:10267000BDE87040F5F738BC03A8FBF776FC43785B
:10268000B34202D12846FCF717FA03A81CF03BFC22
:10269000E3E706B070BD0000F0B5044685B018B998
:1026A00017482F211BF0D2FBF6F792FB246AF6F7AE
:1026B000ABFBFFF791FC026AD369556A9B88A4B211
:1026C0006343EE1871780F2918D0EA5C12F0020704
:1026D00014D142F00202EA54C06975881CF0CEFBA6
:1026E000132301934FF4FA72012301A90C30ADF8C2
:1026F00006500294ADF80C70FFF7DCFE05B0F0BD9B
:10270000006D05002DE9F04F8BB081469DF850A07B
:1027100004930C46164600F1040B049B1B882BBB4C
:102720006378A26837498DF81D2003F00F03C2F3C8
:102730000F40CD5C61686388ADF81E00BAF1000FF0
:102740000891ADF8243008BF4FF4FA724FF001033E
:1027500018BF002207A909F10C008DF81C50ADF834
:102760002660FFF7A7FE0BB0BDE8F08F264B26488A
:102770001B681B6898474FF000080368CDF808A055
:10278000CDE900B8DB6832461D462146049B07466A
:10279000A84740F2FB13984205902BD1D9F850106E
:1027A000CDF82480434607AA09F10C00CDE907883B
:1027B000FDF773FF3B68CDF800B0CDE9018ADB6817
:1027C00032461D462146049B3846A847059B984241
:1027D00010D1FFF701FCC0691CF0C4FA3B68CDF8CA
:1027E00000B0CDE9018A3246D3F80C80049B214623
:1027F0003846C047054B0493CA2840F2AD168CD129
:10280000B1E700BF4B9805007CEC0020E43E0020BF
:102810002DE9F0470C460746084615461E469DF82A
:102820002090F4F755FE217A607AD4E90132090943
:1028300038B1B86933462A462146BDE8F0470FF063
:1028400005BA5340DBB20F2B94BF4FF001084FF095
:10285000000802D8B9F1000F0BD0F8691CF00EFB8C
:10286000CDF8208033462A462146BDE8F047FFF7E1
:1028700049BF384633462A462146FBF7C5FBC820E8
:10288000BDE8F0872DE9F04FD1E901974E78B3B05C
:1028900009F00F030F2B04460D46039206F00F06B6
:1028A00019D04069FCF77AFE206C4A463946FBF79E
:1028B0001CFE40B96069FCF77DFE4FF4CA7200232C
:1028C0000093B24BDDE003991CAAFAF737FE0390A0
:1028D0006069FCF76FFE6A78C7F3800363F3451203
:1028E000042E5FFA87F86A7004F12C0041D0052E9F
:1028F00000F0FD8118AA15AB4FEA1941FBF734FD32
:10290000C8280246DBD1009615AB18AA39462046E6
:10291000FBF793FD002800F0A482BDF85C904FF611
:10292000FF73994500F0A08218F0020F40F09F82DB
:1029300015A92046FBF7EEFB002840F09882039A89
:10294000314618A8FCF78CF8002840F09082C7F3B5
:1029500007283B0C00938E494346C7F3031201201E
:10296000F6F7C6FBB8F1000F00F081824FF4C87291
:10297000A5E7AF686968119107F001030593C7F3F4
:1029800040030993C7F3072307930493C7F30F4347
:1029900008933B0C069315AA18AB090C0C97FBF790
:1029A000E3FCC828C7F3031B804640F04C816069F4
:1029B000FCF7F4FD009618AB15AA39462046FBF744
:1029C0003CFD4FF6FF7A002800F03781BDF8689093
:1029D000D14500F03581B80719D418A92046FBF776
:1029E00099FBA0B9039A314615A8FCF739F870B9DC
:1029F0003B0C00936649049B5A460120F6F778FB8E
:102A0000049B002B74D04FF4C878D14628E09DF881
:102A1000443003F00F030F2B6AD1179883785B09BA
:102A20000B9365D003991CF0F8F8002860D0D4F817
:102A30004090002109F11000FFF7ACF84FF6FF734A
:102A4000984209D0D9F818309E88D9F820300A93D6
:102A5000464313EB060A19D140F2FB184FF6FF79F3
:102A60006069FCF7A7FD119B6B602B7AB8F1C80F6A
:102A700023F007032B7200F0E98000230093434BFF
:102A8000424629462046FFF7C3FE0AE1039A0AF1AF
:102A90000401002310890F91013306280E931CD1E5
:102AA000D0680D921CF09FFC0E9B0D9A0F99052B80
:102AB00003D1384840211BF0C9F941F8040F0B98A5
:102AC000984202F10802E5D8012300930C9A11AB59
:102AD00051464846FCF746F920B951464846FCF7AE
:102AE0005AF8B9E70A9B0A9A9B5D43F00203935593
:102AF0009DF8449009F00F09B9F10F0F4FF0000154
:102B000041D061F34107119B206C3A46FCF750F825
:102B1000C6B25EB115A8FBF776FC069B0190009348
:102B2000049A1D495B460120F6F7E2FAE26BBDF814
:102B30006A101046FBF72CFA824678BB9DF84A30A3
:102B4000059961F3000360F343036BF307138DF8FA
:102B50004A309DF81C308DF84B3060F34107BDF8CA
:102B60002030ADF84C3002F1100012A91BF058F9DA
:102B70004FF6FF7240F2FB138146CDF824A090423D
:102B800008BF98466CE70E46D0E700BFE43E002041
:102B900020940500C788050044940500BAF8043065
:102BA00006998B4246D19AF8033004998B4241D161
:102BB000B9F10F0F9AF8023013D0012E35D0059AD3
:102BC00062F3000303F0F1036BF307138AF802309A
:102BD0009DF81C308AF80330BDF82030AAF8043084
:102BE00020E06A7842F010026A70059A62F30003EE
:102BF00003F0F1036BF307138AF802309DF81C30E1
:102C00008AF80330BDF82030AAF8043015A8FBF785
:102C1000FAFB069B01900093049AA1495B460120B0
:102C2000F6F766FA0023099318E76A7842F0100273
:102C30006A70C4E7BAF800107BE740F291180DE71C
:102C400040F2F7180CE74FF6FF790CE7BDF8681073
:102C50002046FBF753FA18B940F2F35191482AE79E
:102C60000368039A1B6A294698474FF6FF739945F4
:102C700017D095F901306069002B01DB2B789BB9E7
:102C8000FCF78CFCE06B4946FBF782F9BDF86A3033
:102C9000038018A8ADF86A90FBF784FB6069FCF725
:102CA00089FC33B0BDE8F08FFCF778FC9DF8443028
:102CB00003F00F030F2B14D0059B206C63F3000768
:102CC000099B63F34107049B6BF3071763F30F271B
:102CD000069B63F31F473A46119B4FF00101FBF738
:102CE00067FFE06B49461030FBF7E6FED6E7D5F804
:102CF00004B0D5F808800BF00F0306934FEA1B438E
:102D00000993C8F303130893C8F3072304934FEA06
:102D100018430593099915AB12AAFBF725FBC828A0
:102D2000D946C246074677D16069FCF737FC009662
:102D300015AB12AA41462046FBF77FFB00287ED048
:102D400018F0020F18D0E26BBDF85E101046FBF7CA
:102D50001FF90023064607934EBB12A8FBF753FB4F
:102D6000059B01900093049A089B4F490120F6F7B8
:102D7000BFF940F293174CE015A92046FBF7CAF9BA
:102D80000028E0D1039A314612A8FBF769FE00281B
:102D9000D9D1059B0093089A049B44490120F6F77A
:102DA000A7F9049B002BCED04FF4C87731E0B3884D
:102DB00005998B4203D1F37804998B427CD03188FA
:102DC0001046FBF7E5F807960646C5E76FF00040AA
:102DD00099E060F3410A51465846FCF753F8079AC8
:102DE00033884ABBADF85E3015A8FBF7DBFAE06B21
:102DF0003146FBF7C6FE03E040F293170F2BEED0EF
:102E0000BDF85C104FF6FF7240F2F713914208BF15
:102E10001F466069FCF7CEFB069B63F303092B7A20
:102E2000C5F8049023F00703C82F2B720AD00023A3
:102E300000933A461E4B24E6079A1380D4E740F2EB
:102E40009117E6E7BDF85C102046FBF757F910B97B
:102E500040F2A66102E703685B6A039A2946984735
:102E60001FE740F291122AE540F2F71227E52B7A8C
:102E700023F007032B7249462046FBF73FF90D4A22
:102E800002EBC601034649684C1000EB6100C9071C
:102E900045BF195952F8363052F83630CB58DCE776
:102EA000739405008A5F050097940500209405003F
:102EB000E43E0020CC98050014980BF00F0390F826
:102EC00002800F2B4FEA58182DD1B8F1000F86D091
:102ED00003991BF0A2FED4F840B000283FF479AF6C
:102EE00003996FF3410A18AA00230C314345BFF43C
:102EF0006DAF51F833000892CDE904311CF073FA3C
:102F0000DDE90431089A42F8040B0133042BEDD1BA
:102F1000099A18AB51465846FBF71CFB18B10379C8
:102F200003F00F030693069B206C63F303094B46E3
:102F30002AF002024FF00101FBF73AFEC0B203286B
:102F400009F00F033FF458AF0F2B3FF448AF0228AE
:102F500055E700BFA0F10400FFF794BCF0B515469B
:102F6000526887B006460C461F4602BB4B7817498D
:102F7000A068E588049003F00F03002F11F803C048
:102F800023796188ADF81410C3F303038DF80D3075
:102F900008BF4FF4FA72012303A906F10C008DF863
:102FA0000CC0ADF80E50FFF785FA07B0F0BD084829
:102FB00003681B68984700220368009201971F6905
:102FC0002A46331D2146B847EFE700BF4598050064
:102FD0007CEC002030B51A2998BF164D85B098BFFB
:102FE000695C154D88BF00211446695C9DF820502E
:102FF000099A8DF8041043EA0523ADF806301378DA
:10300000029400218B428DF805105378ADF80C1016
:1030100014BF0A464FF4FA7201A90C30FFF74AFABE
:103020000546F4F74DFA10B92046FBF7C1FA2846D9
:1030300005B030BD54EE00203F980500A0F104001B
:10304000FFF7C8BF2DE9F84F04460D464FF00009C1
:1030500001260C2763689B784B4545D9636B06FABC
:1030600009FA13EA0A0F0BD0206B07FB09F100EBFA
:10307000010BDBF804203AB9A3EB0A036363465063
:10308000636B534504D22FE09BF808201AB115B9A1
:1030900009F10109DEE7A3EB0A030232D2B263634E
:1030A0005FFA89F384F84C2084F84D30FAF75EFB20
:1030B0000023A4F84E002365F4F7CFFE8046DBF82A
:1030C0000400026892689047A06CFAF742FBF4F79C
:1030D000C4FEA0EB0800B0F5FA7F01DDFFF765F94B
:1030E0009BF80830002BCBD0BDE8F88F2DE9F04FCE
:1030F000002385B0CDE90133039343689E784FF0F8
:10310000010A0AFA06F6044688464FF0050B6FEAF4
:103110000609D8F8003040469B68984705460028C5
:1031200040F0AC8084F84CB084F84D00FAF71EFBF8
:10313000636BA4F84E00206825651E42036818BF23
:1031400001219B6908BF0021984784F84CA084F8AE
:103150004D500746FAF70AFB636BA4F84E00334262
:10316000256501D0002F05DB19EA030F0CBFC7F35B
:103170001E0500250020AD024FF47A736A464FF019
:10318000FF31B5FBF3F300901EF06AFC00B100982C
:10319000636B184310EA090F606303D000212046D7
:1031A000FFF750FF636B1E425ED094F83830022B5D
:1031B00064D094F83830032B60D0002F54DA01A982
:1031C00004F110001BF04CF8002849D02D4A9DF85E
:1031D0000430D55C04EB8503D86BFDF729FA042392
:1031E00084F84C309DF8043084F84D30FAF7BEFA7C
:1031F0000023A4F84E002365F4F72FFE074620684D
:10320000036801A95B699847A36C681C850003EB00
:103210008000FAF79EFAA36CBFF35B8F2B44083350
:1032200053E8001F013943E80012002AF8D1BFF328
:103230005B8FF4F712FEC01BB0F5FA7F07DDA06CC0
:1032400020352844FAF785FAFFF7AFF861E714282C
:103250007FF75FAFA06C18352844FAF77AFA58E781
:10326000636B03EA09036363636B19EA030F3FF4BB
:1032700050AF01212046FFF7E5FE4AE705B0BDE863
:10328000F08F00BF2898050030B5012380F8383052
:103290000E4B85B00446CDE9003000250C4B02935F
:1032A00069460395FFF722FF94F83830032B06D1C7
:1032B000206BF5F75FFCE368256303B1E56000234D
:1032C000A360042384F8383005B030BD1C98050095
:1032D00001D0020010B50446F4F7CCFDE0602046B2
:1032E000BDE81040FFF7D0BF2DE9F04F4E680C4607
:1032F000097A95B007464FEA1648C069090906F0F1
:10330000F006154699461BF0C5FDF02E03D04FF68A
:10331000FF73984507D12046F4F7DAF84FF4C870E8
:1033200015B0BDE8F08F6668A36894F804A094F81F
:10333000058094F809B05E40F6B20F2E4FEA1A1AD3
:103340006ED8D8452BD199F80830DB0720D5204618
:10335000F4F7BEF80F2EF86951468CBF00260126FF
:103360001BF08CFD33462A4621468046FFF7F6FDCA
:1033700040F2FB139842D3D1F8691BF0F3FC3346BB
:103380002A462146404615B0BDE8F04FFFF7E6BD9E
:1033900038462A462146FFF775FAC820C0E720467E
:1033A000F4F796F899F808306278BF69DB0863F3A0
:1033B000861262700DF11D00D9F80460D4E901BADB
:1033C000F4F77BFB06AA02920DF1120201920DF1B5
:1033D0001C0905AA009204AB4A46414638460CF047
:1033E000D3FEC8289CD104AB0EB9D7F8B860BDF89D
:1033F000122006980E93ADF84020059B0F930022F3
:1034000003680A49CDF84CA0CDE90092CDE90C172C
:10341000CDE9116B2A461E6921460CABB0477FE708
:103420002046F4F755F8D845BCD193E7F498050049
:103430002DE9F04391F800804B884C6808F1FF3289
:103440008DB0012A05460F4606AE44D9B8F1130FD8
:1034500040F08480240404F47F041C43C465324695
:10346000F9F76CFDD5F80890BDF81C60D9F82080FC
:10347000BDF81A40314608F11400FAF75DFD002846
:1034800000F0CD80D8F81C30D8F824709D887543A2
:103490007B195B88A34240F0C2807B5DDA0703D4CE
:1034A00031464046FBF72AFB7B5D6FF341037B55BA
:1034B00023042146484640F1D880FAF775FD0346BB
:1034C000002840F0D980BA49224601200DB0BDE85D
:1034D000F043F5F70DBE180AFAF720FD637923448F
:1034E0005B7AC3F304031733DBB285F85930036802
:1034F0005B68984704AA03686179CDE9016209AA6B
:1035000000920831D3F80080FF2200232144C047F5
:10351000C0B200285AD1324639462846F9F70EFD86
:103520009DF81A009DF81960FAF7F8FC03685B68CB
:103530009847079CA9686379026808339568234413
:1035400032460431A84718B99A490120F5F7D0FD51
:1035500020460DB0BDE8F043FBF72AB8240C240444
:103560001C43C4653246A8F10308F9F7E7FCB8F13B
:10357000130F54D801A353F828F000BFDD35030022
:10358000DD350300DD350300DD350300DD350300E7
:10359000DD3503001F3603001F3603002536030008
:1035A00025360300253603002536030025360300A3
:1035B0002536030025360300253603006534030055
:1035C000873603006137030081370300BDF81A20F6
:1035D000BDF8263043EA0243EB659CE79DF81820CE
:1035E000BDF81A10ADF826100123033A8DF82430E7
:1035F0009DF82530A868D2B262F3030303F08F036D
:103600006FF3C7138DF82530079B0B936A4A089B0D
:103610000A9309A9FFF736F909A8F4F7E3F80DB002
:10362000BDE8F0839DF818309DF81910BDF81E20F4
:10363000BDF81A008DF82C100B3B03F00F031B0292
:103640000021ADF82E2043F00203089AADF82600C1
:103650008DF82D100A92ADF82430BDF81C20574B80
:10366000A86809A9FAF7D0FCD6E7FAF747FD0346A0
:1036700010B95349224628E71B689B6A31460DB0B2
:10368000BDE8F0431847AE6895F860809DF8197062
:103690008DF8248009AD0023294630468DF8253069
:1036A0008DF82670FCF746F87069FBF777FFB36B6F
:1036B0000833099328464FF6FF73ADF828301BF006
:1036C00022FC95E8030004AC84E80300049BBDF8E9
:1036D0001420DB899A4219D1736B08330993284669
:1036E0004FF6FF73ADF828301BF00DFC95E8030092
:1036F00084E80300049BBDF81420DB899A421BD1A7
:1037000070690DB0BDE8F043FBF754BF2046FAF7EF
:103710002CFCD0F800904846F3F7E8FEC0F3031005
:10372000404505D1D9F8003039465B6B484698478B
:1037300020461BF0E8FBC9E72046FAF716FC0568AF
:103740002846F3F775FCC0F30310404504D12B68FD
:103750003946DB6A2846984720461BF0D4FBC9E768
:1037600095F86020BDF81A308DF82420A868ADF8CF
:103770002630012209A98DF82520FBF7DBFF4EE753
:10378000BDF81A70A868079E3946FAF70DFC40B9D3
:103790000C49330C3A4601200DB0BDE8F043F5F773
:1037A000A7BC03689B6B31460DB0BDE8F0431847DA
:1037B00004950500E59405005CEC0020E43E002043
:1037C0002B9505005495050070B515461E46044618
:1037D000F3F7F2FB049B324629462046FBF70CFE2A
:1037E00018B903481F211AF031FB204670BD00BFF5
:1037F000BF8605002DE9F04714465A7802F01F02F3
:103800001D46531E9CB00E46182B00F2F681DFE8D1
:1038100013F0190071007100F4017100F4017100DE
:103820007100710025012D01F4016B016B01F401A0
:103830006B016B01F401F401F401F4016B016B0104
:103840007100710005A8F3F7B7FB95F901300795F2
:10385000002B09DAEA78AB7802F0030243EA02238C
:10386000182B45D800243FE00023224604A907A8CE
:103870000893F9F77CFD0028F4D0002203A907A8DB
:10388000FBF782FB0028EDD005A907A8FBF71BFE7C
:103890000028E7D0DDE90732D878997800F00300F6
:1038A00041EA00219142DDD0511C134408919B79DB
:1038B0000B930AAD944B0A93294607A818F09AFD7A
:1038C000044688B1079A9378D27802F0030243EA5B
:1038D0000223089A9A42C5D133680095DD68DDE974
:1038E000031205AB3046A84720461CB0BDE8F08760
:1038F0001923BAE705A8F3F75FFB95F8018008F0F4
:103900001F03023B172BADD801A252F823F000BFD2
:10391000A1390300A539030065380300713903009C
:1039200065380300A9390300913903009539030074
:103930006538030065380300653803006538030007
:1039400065380300653803006538030065380300F7
:1039500065380300653803006538030065380300E7
:103960006538030065380300993903009D39030069
:10397000002718F0800F079518D0EA78AB7802F08E
:10398000030243EA0223182B7FF66CAF19230EE0E3
:103990000427EEE70527ECE70227EAE70327E8E735
:1039A0000627E6E70727E4E70127E2E700232246A8
:1039B00004A907A80893F9F7DAFC00283FF452AFEE
:1039C000002203A907A8FBF7DFFA044600283FF40A
:1039D00049AF0799089BC8788A7800F0030003F183
:1039E000020A42EA002292453FF63CAF0633022229
:1039F00019440AA808F01E081FF032FBB8F1020FA4
:103A0000BDF82890CDF820A021D1079A9378D278DC
:103A100002F0030243EA0223089A9A427FF422AF9B
:103A2000AB88ADF82A30039B0C93049B0B930223C5
:103A30008DF8283033688DF829701D694A4605AB2A
:103A40000AA93046A8470AA8F3F7CCFE4CE705A917
:103A500007A8FBF738FD0028D7D103E72A462146FF
:103A600030461CB0BDE8F04719F044BF95F901306D
:103A70000795002B0ADAEA78AB7802F0030243EAF2
:103A80000223182B7FF6EEAE192300E0002300225C
:103A900005A907A80893F9F76AFC00283FF4E2AEED
:103AA000224604A907A8FBF76FFA044600283FF452
:103AB000D9AE079A9378D27802F0030243EA022340
:103AC000089A9A427FF4CEAEAB8840F201720A9215
:103AD000ADF82A30049B0C93059B0B9333680AA91D
:103AE0005B6830469847AEE795F901300595002BA5
:103AF0000CDAEA78AB7802F0030243EA0223182BCF
:103B00007FF6B0AE192302E054990500002300228D
:103B100003A905A80693F9F72AFC00283FF4A2AEF2
:103B2000224604A905A8FBF72FFA00283FF49AAE15
:103B3000DDE90532D878997800F0030041EA0021E8
:103B400091423FF48FAE511C134406919B790B9325
:103B50000AA92C4B0A9305A818F04CFC044600282F
:103B60003FF4C2AE059A9378D27802F0030243EA9A
:103B70000223069A9A427FF475AE6B7803F01F0316
:103B80000D3B0A2B3FF66EAE01A252F823F000BFA8
:103B9000BD3B0300F73B030065380300E73B030030
:103BA000EB3B03006538030065380300653803000C
:103BB00065380300EF3B0300F33B03000023AA88B2
:103BC0008DF81D30049B0993039B089301213368F2
:103BD0008DF81C10ADF81E2030469B680AAA07A974
:103BE000984707A830E70423E9E70523E7E702231E
:103BF000E5E70323E3E70123E1E703490120F5F7C4
:103C000077FA2FE654990500A19505000323037464
:103C10007047032303727047022303740120704727
:103C2000022303720120704790F860308B4283BFFB
:103C300000EB8101886B8969002098BF01467047BD
:103C40000323037470470323037270470223037432
:103C5000012070470223037201207047F0B5067FF0
:103C6000024600230C27D8B2864201D8002009E082
:103C700007FB03F4956928192D5D0C78A54203F123
:103C80000103F0D1F0BD40687047704701239942AD
:103C900070B504460D461646037116D04379012BC4
:103CA00026D1022940F0AC8003689B6898472368BE
:103CB000DB6C294632462046984723682946DB6854
:103CC000324620469847022503E00368057B1B68BF
:103CD00098476571012500232371A27932B1A1793A
:103CE000A3712368A268DB6E20469847284670BD02
:103CF000022B13D1082940F0838003681B69984781
:103D0000236829461B6D324620469847236829467A
:103D10005B693246204698470325DAE7032B12D128
:103D200009296DD103689B699847236829465B6D13
:103D300032462046984723682946DB6932462046AA
:103D400098470425C5E7042B12D1092958D10368E7
:103D50001B6A9847236829469B6D32462046984740
:103D6000236829465B6A3246204698470525B0E716
:103D7000052B12D1082943D103689B6A9847236811
:103D80002946DB6D32462046984723682946DB6A80
:103D900032462046984706259BE7062B12D1092973
:103DA0002ED103681B6B9847236829461B6E324649
:103DB00020469847236829465B6B32462046984741
:103DC000072586E7072B1BD1082905D103689B6BC4
:103DD000984723685B6E6CE7042911D103680421BE
:103DE0009B6B9847236832469B6E04212046984778
:103DF00023683246DB6B042120469847082568E794
:103E0000002568E7704770474068704703230374D4
:103E10007047032303727047022303740120704725
:103E200002230372012070477047704703464068C1
:103E3000026810B494680833A4460ECB5DF8044BB6
:103E400060473FB401AC84E80E00C3684268591073
:103E5000054602EB6300DB07AD6844BF53585D596C
:103E600094E80E00AC4604B030BC60473EDF7047BB
:103E7000704770477047704701490120F5F738B91E
:103E80006099050001490120F5F732B96E990500E6
:103E900001490120F5F72CB97C9905000149012061
:103EA000F5F726B98F99050001490120F5F720B9EA
:103EB000A299050001490120F5F71AB9B399050047
:103EC00001490120F5F714B9C799050001490120FE
:103ED000F5F70EB9DB99050001490120F5F708B99E
:103EE000EE99050001490120F5F702B9039A050092
:103EF00001490120F5F7FCB8179A050010B50446F2
:103F000005490120F5F7F4F8236820469B6CBDE8CD
:103F100010400022012118472B9A05000149012079
:103F2000F5F7E6B8319A050001490120F5F7E0B848
:103F3000529A050001490120F5F7DAB86E9A05009A
:103F400001490120F5F7D4B88F9A050001490120F5
:103F5000F5F7CEB8B39A050001490120F5F7C8B8C6
:103F6000D29A050001490120F5F7C2B8F59A05007B
:103F700001490120F5F7BCB80A9B05000149012061
:103F8000F5F7B6B81F9B050001490120F5F7B0B859
:103F9000359B050001490120F5F7AAB84E9B0500A5
:103FA00010B5044605490120F5F7A2F8236820461C
:103FB0009B6BBDE810400022012118472B9A050099
:103FC00001490120F5F794B8679B050001490120DC
:103FD000F5F78EB88A9B050001490120F5F788B8EE
:103FE000AE9B050001490120F5F782B8D59B05007D
:103FF00001490120F5F77CB8FC9B0500014901202F
:10400000F5F776B82B9C050001490120F5F770B84B
:104010005A9C050001490120F5F76AB8869C050005
:1040200001490120F5F764B8AA9C05000149012067
:10403000F5F75EB8D39C050001490120F5F758B8A3
:10404000029D050001490120F5F752B8299D0500A0
:1040500001490120F5F74CB8589D050073B5044699
:1040600001200D461346164620710A467E49F5F793
:104070003FF8012D1CD06279012A40D1042D40F077
:10408000EB8023691A7A23689B6832BB2946324643
:104090002046984723682946DB6C324620469847DD
:1040A00023682946DB68324620469847022504E00B
:1040B0002368257B1B6820469847657101250023EE
:1040C0002371A27932B1A179A3712368A2685B6FD1
:1040D00020469847284602B070BD32462946204601
:1040E000984723685B6D29463246204698472368E7
:1040F00029465B693246204698470325DDE7022AB8
:104100000BD1082D40F0A880236832461B69294650
:104110002046984723681B6DE5E7032A36D1082D12
:1041200040F09A8094F85E10237EB9B903F0030141
:1041300002296AD1236829469B693246204698475E
:10414000236829469B6D32462046984723682946B6
:10415000DB693246204698470425AEE703F00301A9
:10416000022952D1236832469B6929462046984746
:104170002368DB6D29463246204698472368294646
:104180005B6A324620469847052596E7042A1BD0ED
:10419000052A24D0062A5FD1092D5DD1237E03F0A4
:1041A0000C03042B236832461B6B2946204644D15E
:1041B000984723683246DB6E294620469847236895
:1041C0003246DB6A294634E0092D45D12368324660
:1041D0001B6A29462046984723681B6ECAE7092DAB
:1041E0003AD1236829469B6A32462046984723687D
:1041F00029465B6E32462046984723682946DB6B8A
:10420000324620469847082557E703F00303012B61
:1042100022D1236832469B690821204698472368AB
:1042200032469B6E0821204698472368DB6A324657
:1042300008212046984706253FE7984723682946E6
:104240001B6F324620469847236829465B6B3246EF
:1042500020469847072530E72B4604490096012061
:10426000F4F746FF00252AE77F9D0500A09D050085
:1042700070B5054619490120F4F73AFF2B69184932
:104280009C7A6B6993F860602B7E2246C3F38103AE
:104290000120F4F72DFF321BB24200D370BD072A74
:1042A000FCD8297E6B6901F00C011344081F4142C0
:1042B000414193F8580061F3000083F85800297ECB
:1042C00001F00C01A1F1080461426141C0B261F347
:1042D000410083F858000132DEE700BFD69D05009B
:1042E000F79D050001490120F4F702BF149E050067
:1042F000094B1B68DB6A834210B50C460AD10A469B
:1043000001200649F4F7F4FE21461620BDE81040CE
:1043100011F0A0BA10BD00BFA02F00202B9E0500F9
:1043200010B5044604490120F4F7E2FE606900215B
:10433000BDE81040FFF7DCBF539E0500037970B560
:1043400004460E46154623B90368BDE870405B6F0E
:10435000184783791BB103493420F3F76BFEA6712C
:10436000A56070BD739E0500037970B504460E46C6
:10437000154623B90368BDE870401B6F1847837961
:104380001BB103495620F3F755FEA671A56070BD19
:10439000739E050010B5064904460120F4F7A8FEF7
:1043A00004F1F0000022BDE810400421FFF7DCBF5B
:1043B000B69E050038B5044690F81B210D46012035
:1043C0001149F4F795FEB4F88A30AB420BD14FF6A1
:1043D000FF73A4F88A3004F190000022BDE8384051
:1043E0000821FFF7ABBFB4F88C30AB420BD14FF6CE
:1043F000FF73A4F88C3004F1F0000022BDE83840CF
:104400000821FFF7B1BF38BDC19E050010B50446B5
:1044100009490120F4F76CFE237E03F00C03042B02
:1044200004D006494FF49170F3F704FE237E022274
:1044300062F38303237610BDE29E0500119F050001
:1044400010B504461EF048FC204610BD1AF0A3BA71
:10445000F7B5044601200E461346154620710A465C
:104460009D49F4F745FE012E19D063790A2B2BD113
:10447000062E40F0868023682A469B6831462046F7
:10448000984723682A46DB6B3146204698472368C5
:10449000DB682A463146204698470B2504E023680E
:1044A000257B1B68204698476571012500232371F1
:1044B000A27932B1A179A3712368A2681B6F20464B
:1044C0009847284603B0F0BD0B2B63D1092E58D175
:1044D0009DB123682A461B693146204698472368C8
:1044E0002A461B6C31462046984723685B692A465A
:1044F0003146204698470C25D6E7FFF7A7FFD0B9ED
:1045000063790B2B38D1FFF7A1FF074638BB23682F
:1045100002461B6931462046984723683A469B6C01
:1045200031462046984723685B6A3A463146204622
:1045300098470E25B8E723682A461B69314620466E
:10454000984723685B6C2A46314620469847236883
:104550002A46DB693146204698470D25A4E7637952
:104560000D2B40F0BD80009562795C4933460120F7
:10457000F4F7BEFD002599E70D2B02D00C2B00F0BF
:10458000CD8063790E2B40F0B080042E66D0082ECB
:1045900019D0E8E70D2B40F0BB80082EE3D1FFF7E0
:1045A00055FF40B123682A461B6A3146204698478A
:1045B0002368DB6CC7E763790D2B0DD00C2B22D061
:1045C0000E2B40F0928023682A469B6A08212046E1
:1045D000984723685B6E36E0FFF738FF80B92368A1
:1045E0002A461B6A31462046984723681B6D2A4697
:1045F00008212046984723682A465B6A082196E7E7
:1046000063790C2B62D1FFF721FF40B923682A465A
:104610009B6908212046984723685B6DE7E763792B
:104620000C2BAED1A3694FF49672B3FBF2F102FBEF
:1046300011332268002B39D1936908212A4620467C
:10464000984723689B6D2A4608212046984723688F
:104650002A46DB6808211EE7042E84D1FFF7F6FE08
:1046600020B963790F2B7FF47EAF43E023682A469D
:104670009B6A04212046984723681B6E2A46042122
:104680002046984723682A46DB6A0421204698473B
:104690000F2509E7082E7FF466AF23682A461B6BB7
:1046A0000821204698472368DB6ECCE793690821F0
:1046B0002A462046984723682A46DB6D0821204673
:1046C000984723682A465B69082112E70E2B3FF4BE
:1046D0007AAF0F2BDFE700BF7F9D0500A09D05008F
:1046E0000C2B1BD00E2B3FF43EAF0F2B7FF43BAFB8
:1046F000042ECFD1FFF7AAFE00283FF434AF236881
:104700002A461B6B04212046984723689B6EB5E719
:104710000C2B7FF436AF082E3FF475AF63790E2B68
:104720009AD00F2B7FF41FAF042E9CE7034B186821
:1047300018B101218030F4F70ABA7047F02F002039
:1047400038B504460E490120F4F7D2FC0123B4F831
:104750003E5184F84D314FF6FF739D420FD1002238
:104760004FF47A712046F2F730FDA842A4F83E01DA
:1047700005D1BDE838400349AE20F3F75BBC38BD36
:10478000549F0500C36E050038B50D4604460B491D
:104790000120F4F7ADFC6B68094A43F00F03934224
:1047A00009D12046FFF7CCFFC82229462046BDE8A4
:1047B0003840F2F730BD40F2F512F6E7789F050079
:1047C0001F00013210B5012480F84E41FFF7B8FFF9
:1047D000204610BDA0F13C00FFF7F4BF10B5044621
:1047E000F3F73BFB064902460120F4F781FC6469BC
:1047F000002201212046F2F7E8FCA4F88A0010BD4F
:104800009B9F050010B5074C236853B1F3F725FBB8
:10481000054B186020680121BDE810401830F4F7FE
:1048200096B910BDF82F0020F42F00200D4B1A78F8
:1048300070B5B2B90C4C0D4E01251D702368336064
:10484000F3F70BFB2060236832689B1A084A136059
:10485000084B1868294600F5D070BDE87040F4F7A1
:1048600076B970BDD4EE0020D0EE0020CCEE002052
:10487000C8EE0020C4EE002070B50679144626B9B3
:104880000368BDE87040DB6E184782791AB10348AF
:104890001B2119F0DBFA8171846070BDF16E050097
:1048A00090F84D30012B0A4605D180F84C110221B9
:1048B0004830FFF7E1BF02490120F4F719BC00BFFF
:1048C000C09F050010B50C461146FFF7C7F918B98F
:1048D0000448402119F0BAFA4368A34204BF0023F8
:1048E000436010BDF16E0500032307B580F8343036
:1048F000074B0146186838B101230DF107023C311E
:104900008DF80730FFF7DEFF03B05DF804FB00BF52
:10491000A42F0020A0F12C00FFF7E6BF2DE9F04FF7
:1049200087B00546F3F799FA4E4902460120F4F79D
:10493000DFFB95F85D6095F85A90D5F810800196E8
:1049400095F82B30009395F82A3047494A460120C4
:10495000F4F7CEFB002011F05DFA6FF0280A05F1A4
:1049600029070124AAEB050A4FF0A50B0AEB070360
:1049700099450ED80EBB304611F0C0FA2B6885F869
:104980005B609B6C00220921284607B0BDE8F04F10
:10499000184717F8013F35498DF814B0A5220120BA
:1049A0008DF81530F4F7A4FB002CDFD0022205A906
:1049B000404617F019FC0446D8E796238DF80C30D2
:1049C000002C39D02A4F0024012203A9404617F0B9
:1049D0000BFC88B362238DF810300A23009304AADD
:1049E00001231821002011F0F7FA40B3002305A895
:1049F0008DF8143017F018FC9DF81420034610B3FE
:104A0000012318463946F4F773FB05F12A039DF894
:104A100014201A550134A64220D8002011F06EFA55
:104A20003306ABD513490120F4F762FB284607B0E3
:104A3000BDE8F04FFFF762BA62238DF81030002313
:104A40008DF814301A460A4901200134F4F750FB5E
:104A5000A642E2D996238DF80C30EDE796238DF827
:104A60000C30B1E7E99F050010A0050052A0050039
:104A70006BA005008DA005002DE9FF472D4B047AA2
:104A800015461A889B78ADF80C200F468DF80E302D
:104A9000002C48D0002011F0BDF900264FF00A0884
:104AA00007EB461900248DF80840002D3FD0013D4A
:104AB00019F80430EDB28DF80930CDF800800223EA
:104AC00002AA18210020013411F086FA202C01D00E
:104AD0000028E8D1330163F07F038DF80E30F0B188
:104AE0004FF00A0ACDF800A0032303AA18210020E2
:104AF00011F072FA98B14FF47A79CDF800A0022340
:104B000002AA1821002011F067FAB9F10109044640
:104B100001D00028F1D01EB90126002CC0D10024FC
:104B2000002011F0EBF9204604B0BDE8F087FF2328
:104B3000C1E700BFA8A0050073B504460E460120DA
:104B400018491546F4F7D4FAA369092E03F10103B5
:104B5000A36113D195B1626900211046FFF764F893
:104B6000D4E90853994208BFA84207D0C4E9080114
:104B7000CDE900016946104617F010FBA569FFF763
:104B800065FC2A46034608490120F4F7B1FA646936
:104B900000224FF47A712046F2F717FBA4F88C003C
:104BA00002B070BDABA00500D0A0050013B504464F
:104BB0000D490120F4F79CFAD4E90832134309D0D7
:104BC00000220023C4E9082360696946CDE9002377
:104BD00017F0E4FA64690022C8212046F2F7F5FADA
:104BE000A4F88C0002B010BDF2A0050037B5044651
:104BF0001B490120F4F77CFAD4E90832134309D0A9
:104C000000220023C4E9082360696946CDE9002336
:104C100017F0C4FA656913490120F4F769FA95F8A9
:104C20001931D3B910490C2018F0AAFD0F4985F8A5
:104C3000190102460120F4F75BFA95F8195165B99C
:104C40000B490120F4F754FA64692A4641F288318D
:104C50002046F2F7BAFAA4F88C0003B030BD00BFCA
:104C60001AA1050042A105002D4703005BA1050024
:104C700074A1050010B504460A490120F4F738FA7A
:104C80006069B0F88C104FF6FF73994201D0F2F7CB
:104C9000AEFA64690022C8212046F2F796FAA4F819
:104CA0008C0010BDAFA1050010B50A4A0A210446C8
:104CB000F4F764FBC82807D1002017F023FE28B9B9
:104CC00005490120F4F714FA002010BD01232374D4
:104CD000FBE700BFDCAD0500D7A10500A0F108008F
:104CE000FFF7E2BF10B5074A02210446F4F746FB7E
:104CF000C8284FF0000004D117F004FEA076012070
:104D0000207410BDD8AD0500A0F10800FFF7EABF80
:104D100010B5064A02210446F4F730FBC82806BF46
:104D2000012084F83400002010BD00BF96AD0500BE
:104D3000A0F12C00FFF7ECBF10B5054A0121044695
:104D4000F4F71CFBC82806BF01202074002010BD0A
:104D500094AD0500A0F10800FFF7EEBF13B50023E6
:104D60000C4667200DF107018DF8073017F0C2FAE5
:104D700078B19DF80730C3F3C002A24209D023F0F6
:104D8000080343EAC401C9B267208DF8071017F081
:104D9000CEFA02B010BD00002DE9F04385B0044604
:104DA000F3F75BF82F4902460120F4F7A1F994F8D4
:104DB0005C2063692069134493F85810C1F34001E3
:104DC000FFF7CCFF28490120F4F792F994F85C1022
:104DD00060692769FEF728FF0023024605460E4654
:104DE00001202249F4F784F93B7A1BB9204890212D
:104DF00019F02CF8002011F00DF8B423012201A9BC
:104E000038468DF8043017F0EFF945F2A553ADF8A8
:104E1000083020B1022202A9384617F0E5F94FF018
:104E200008084FF0A509EBB22D0A45EA06658DF892
:104E30000C90360A8DF80D3020B1022203A93846B5
:104E400017F0D2F9B8F10108EDD1404611F056F84B
:104E500023689B6C42460921204605B0BDE8F0431B
:104E6000184700BFF8A105002EA2050049A20500C1
:104E70006DA2050070B5037C022B04460D4601D1DE
:104E8000837E3BB940F2F71229462046BDE87040C8
:104E9000F2F7C1B9CB88B3F5785F11D10B49F2F7BE
:104EA00071F9C8280AD0218B4FF6FF76B14205D0A0
:104EB0002046F2F79CF90023E3612683C822E3E74A
:104EC0000349A520F3F7B6F8F8E700BF1F00003E3E
:104ED00080A2050038B504460D490120F4F708F911
:104EE000B4F83E314FF6FF75AB420FD094F84E3117
:104EF00063B908492046F2F745F9C82806D0B4F846
:104F00003E112046F2F773F9A4F83E5138BD00BFB8
:104F1000C8A205001F00013238B50D4604460B49F2
:104F20000120F4F7E5F86B68094A43F00F03934258
:104F300009D12046FFF7CEFFC82229462046BDE80A
:104F40003840F2F768B940F2F512F6E7EBA2050037
:104F50001F000132002280F84E21FFF7BBBFA0F1F5
:104F60003C00FFF7F7BF00002DE9F8431049054664
:104F7000F2F708F9C82816D1BDE8F883AA697B437F
:104F8000D6180AD0706840B1317A31B10168D1F8D1
:104F90000490D15CC84786F8088001342A7FE3B2C8
:104FA0009A42EBD8E8E700240C27A046F6E700BFBA
:104FB0001F00004538B504460D4601200B49F4F7A3
:104FC00097F8237C022B07D040F2F712294620469F
:104FD000BDE83840F2F71FB9EB88B3F58A4F02D12C
:104FE0002046FFF7C1FFC822F0E700BF10A305006D
:104FF000FFF7BABFFFF7B8BF10B50446F3F7BEFD21
:10500000204610BD10B50446F3F7B8FD204610BD8C
:1050100010B50446F3F7B2FD204610BD10B50446A6
:10502000F3F7ACFD204610BD70B505690446F2F7F4
:1050300021FF2B689B68834204D009484FF481719B
:1050400018F004FFE2686168A368551001EB620084
:10505000D20748BF4A59BDE8704048BFD3581847E7
:105060003F9F050070B505690446F2F703FF2B6802
:105070009B68834204D009484FF4817118F0E6FE22
:10508000E2686168A368551001EB6200D20748BF6F
:105090004A59BDE8704048BFD3581847A8A7050033
:1050A00010B5054904460120F4F722F8082010F055
:1050B0001EFB0023237210BD37A3050010B5044664
:1050C000064A0A21F1F7BBFF94F870301BB104F1D6
:1050D0006800FFF7E5FF0023237410BDDCAD050079
:1050E000A0F10800FFF7EABF70B50546104901209E
:1050F000F3F7FEFF2B7A13B10124204670BD082080
:1051000010F0ECFA01260120F2F7EEFE2E72692172
:10511000672017F00CF904460028EDD10549304608
:10512000F3F7E6FF082010F0E2FA2C72E5E700BF83
:1051300051A305006CA3050010B50446F2F78DFEDF
:105140000D4902460120F3F7D3FF2069FFF7CCFF9A
:1051500030B901200949F3F7CBFF2046FEF7CEFE18
:10516000012384F829306469002232212046F2F7B5
:105170002CF8A4F88A0010BD85A30500B7A305008C
:1051800010B503490446F3F7F1FC0023237410BD66
:10519000D8AD0500A0F10800FFF7F2BFB0F83E114E
:1051A00038B54FF6FF75A942044603D0F2F71FF851
:1051B000A4F83E5103492046F3F7D8FC002384F8B5
:1051C000343038BD96AD0500A0F12C00FFF7E6BFE6
:1051D00070B5044686B00D4601202149F3F788FFDB
:1051E000237C022B08D040F2F7122946204606B055
:1051F000BDE87040F2F70FB8EB88B3F5785F06D0E2
:1052000043F60162934220D04FF4CA72EDE7A37EC9
:10521000002BE8D0F2F721FE064616F05DFFDFED29
:10522000117AB4EE670AF1EE10FADCD00E4B03935C
:1052300001AB049301968DED020A03ABC822294607
:105240002046F1F7EAFF06B070BD084A07CA03AB73
:1052500083E80700064ACDE9012301ABEEE700BF72
:10526000CFA3050000FF7F47013E0300F0AE05001D
:10527000003E030037B5037C022B04460D4601D1E6
:10528000837E43B940F2F7122946204603B0BDE8B9
:105290003040F1F7C0BFCB88B3F5785F28D1028BDF
:1052A0004FF6FF739A421FD116F016FFDFED127A08
:1052B000B4EE670AF1EE10FAE4D0C822294620467F
:1052C000F1F7A9FF01224FF47A712046F1F77DFF33
:1052D0002083F2F7C2FDE3690090694620460193FE
:1052E00016F0ECFE03B030BDC822F1F794FFF0E7F2
:1052F00040F2F712CAE700BF00FF7F4710B52DED5F
:10530000028B194982B00446F1F73CFFC8280CD043
:10531000218B2046F1F76BFF0023E3614FF6FF730B
:10532000238302B0BDEC028B10BD16F0D5FEDFED7D
:105330000F7AB4EE670AF1EE10FAB0EE408AF0D0C0
:10534000D4ED077AF4EE407AF1EE10FAE9D0F2F7F4
:1053500084FD6946009020468DED018A16F0AEFE70
:1053600084ED078ADDE700BF1F00003E00FF7F4796
:1053700010B5084A10210446F1F761FE002011F033
:105380003FF818B904490120F3F7B2FE002384F86E
:10539000303010BD3CAC0500FAA30500A0F1280098
:1053A000FFF7E6BFB0F84A318B4213B504460BD184
:1053B0004FF6FF73A0F84A3100220821483002B0AE
:1053C000BDE81040FFF758BAB0F83E318B4204D028
:1053D0001B494FF4BE70F2F72DFEF2F73EFDD4F8F4
:1053E0004431C01A174B984222D894F83C317F2B95
:1053F0001ED0002384F84D310DF1070194F83C31A3
:105400008DF80730204616F029FE0F49002220466D
:10541000F1F7DBFE4FF6FF739842A4F83E010CD182
:10542000074940F2911002B0BDE81040F2F702BE09
:1054300000212046FFF734FAE7E702B010BD00BFB5
:10544000C36E050038140900C0270900A0F1080048
:10545000FFF7A8BF10B503490446F1F70CFE00237F
:10546000237410BD94AD0500A0F10800FFF7F2BF52
:10547000F0B5044687B00D46012025491646F3F7DE
:1054800037FE237C022B02D040F2F71214E0EB88A7
:10549000B3F58A4FF8D1F06819F0A5FF0DF10301BB
:1054A000C6B220468DF80360FEF7D8FB074608B168
:1054B000406840B940F2F5122946204607B0BDE8E1
:1054C000F040F1F7A8BE3B7A43B9036831461B6848
:1054D0009847387210B94FF4FA72EDE7F2F7BDFC55
:1054E000029078680023CDE9033603683146DB6813
:1054F000984729460590C8222046F1F78CFE01AA5C
:1055000002A9204601961BF041FB07B0F0BD00BF89
:105510001DA4050030B587B00C460546F2F79DFC8A
:10552000A26802900023039305922379049301AAB1
:1055300002A9284601931BF029FB07B030BD1FB517
:1055400001AC84E80E002146FFF7E4FF04B010BD73
:1055500038B5044600F5B67016F0C2FC054640B9F1
:1055600007490120F3F7C4FD052384F830302846AD
:1055700038BD044A10212046F3F700FF0123F4E769
:1055800042A405003CAC0500A0F12800FFF7E0BFF5
:1055900038B590F843320446B3B1B0F88C114FF6E9
:1055A000FF75A94203D0F1F722FEA4F88C51012324
:1055B00084F8713104F5B67016F092FB94F843321A
:1055C00013B1002384F8433238BD000030B590F8A1
:1055D0003030022B8DB004460D4606D040F2F71253
:1055E0000DB0BDE83040F1F716BECB8843F601425E
:1055F000934200F0BF8020D8B3F56C5F00F09F802D
:105600000BD8B3F5645F65D043F60112934259D0CD
:1056100040F2F71229462046E2E743F60132934270
:1056200000F09880B3F5705FF2D190F839226B4B9F
:1056300033F8123002936A4B88E0B3F58C4F00F0D8
:10564000B6801CD8B3F5745F00F0A18043F6015218
:105650009342DDD190F86D31624A002B4FF008047F
:10566000614BADF8104018BF1346604C07930CBF58
:10567000042201225E4B0594ADF8182075E044F237
:1056800001629342C4D10824ADF81040574C90F801
:105690006D3105940424534AADF81840554C0794D5
:1056A000002B4FF00504504BADF8204018BF1346B7
:1056B0004A4C0B930CBF042201224F4B0994ADF8C6
:1056C000282052E04D4B049300F50B74059404AB75
:1056D000C82230E00DF107030DF106020DF10501BE
:1056E00001A819F04BF828B94FF4FA722946204660
:1056F000F1F791FD01239DF80420ADF80830ADF8D5
:105700000A30ADF80C30ADF80E309DF807308DF84A
:1057100009208DF80F309DF80520394B8DF80B20AE
:1057200004939DF806208DF80D2002AB0593C82246
:1057300004AB29462046F1F770FD0DB030BD90F85E
:1057400037322C4AD35C8DF808302E4B049302ABD1
:105750000593BCE70823ADF81030244B05930423D0
:10576000ADF81830234B0793274B029304AB0393F8
:1057700002ABADE70823ADF810301C4B05930523B1
:10578000ADF81830154B07934FF44F33EDE790F811
:105790003822154B90F86D4133F8123041F28832BF
:1057A000002C18BF1346ADF80830184BCEE7114A4D
:1057B00090F83732D35C8DF8083090F83922074BD7
:1057C00033F81230ADF80A3090F83822064B33F82F
:1057D0001230ADF80C300E4BB8E700BFC6AB050079
:1057E000013C0300BCAB0500BEAB05001CAC0500D2
:1057F000003D0300D0AB0500004603000039030064
:1058000001390300013B0300003B0300013D03009D
:10581000014603000F4B03F15C0210B5826003F1F7
:105820007C02026103F19C020360826103F1BC020D
:10583000DC3304460262836200F5D070F2F79CFB11
:1058400004F1280019F028FE2046F1F71BF8204645
:1058500010BD00BF64AC0500A0F12800FFF7DABF5F
:10586000A0F10800FFF7D6BFA0F11000FFF7D2BFEC
:10587000A0F11800FFF7CEBFA0F12000FFF7CABFCC
:1058800010B50446FFF7C6FF20461DF025FA204656
:1058900010BDA0F10800FFF7F3BFA0F11000FFF763
:1058A000EFBFA0F11800FFF7EBBFA0F12000FFF75A
:1058B000E7BFA0F12800FFF7E3BF704708B5037802
:1058C0001BB90348352118F0C1FA013008BD00BFEB
:1058D0003F9F050073B504460D46164619466846B7
:1058E00019F0ECFB6B46324629462046F1F795FC51
:1058F00002B070BD73B50D460446F2F7AEFAEB8800
:10590000D4F84461B3F5485F3ED043F201218B42A5
:1059100017D1861B284932460120F3F7E9FB274BB4
:105920009E4210D894F83C317F2B0CD094F83C3137
:105930008DF80730C8220DF1070329462046FFF7EE
:10594000C9FF02B070BDA06F102808D14FF4C87213
:105950002946204602B0BDE87040F1F75CBC636F99
:10596000184400F00F000C2303FB004029467C3054
:10597000F2F708F8A36F0133A3670021204602B0B5
:10598000BDE87040FEF78CBF01200D49F3F7B0FB76
:10599000A06F1028DAD0636F184400F00F000C23BA
:1059A00003FB004029467C30F1F7ECFFA36F013385
:1059B000A3670121E2E700BF55A40500C027090045
:1059C0008EA40500704770B50646012306F8093F0E
:1059D00005461424304616F027FC38B16B7ADB07F5
:1059E00004D5013C14F0FF04F4D1204670BD000042
:1059F0002DE9FF471D46414B1B88ADF80C3004468E
:105A0000884616464FF000090A27B14502D0B9F181
:105A1000200F07D100238DF80E300A271F2E2ED914
:105A2000012022E02B6808F0010A5B084FEA5808C1
:105A3000BAF1000F1CD043F0004380222B608DF898
:105A40000E200097032303AA1821002010F0C4FAA7
:105A500050B12046FFF7B7FF30B194F90930BAF1E1
:105A6000000F07D0002B07DB002004B0BDE8F08753
:105A70005246E3E7002BF7DB09F10109C5E7009780
:105A8000032303AA1821002010F0A6FA0028EBD067
:105A90002046FFF798FF0028E6D0637A03F0600302
:105AA000402B0ED004D87BB1202B04D00136B5E7B3
:105AB000602BD9D0FAE72B685B0843F000432B60DA
:105AC000F4E72B685B08FAE72B685B082B60E27A47
:105AD000A37A013A9342E9DAE16821B9084840F231
:105AE0001D1118F0B3F90D9A0C98B21842EA002271
:105AF00041F823200133A372D8E700BFC9A40500F1
:105B00006DA205002DE9F04F87B00646F2F7A5F922
:105B1000864902460120F3F7EBFA317E306901F045
:105B20000C01A1F1080359425941FFF717F9D6E9D1
:105B3000044393F86020277A911D03EB810003460C
:105B4000203323614BF26043ADF80830784BE060BE
:105B5000C2F10802E2721A889B78ADF80C208DF829
:105B60000E3027B9734840F28F1118F06FF90020FA
:105B700010F050F90123A372E368DFF8CC910025FF
:105B80001D6023694FF00A081D60A37A9D4200DA68
:105B90005FBB002010F0B2F9002F6DD0A77A6649E4
:105BA0000022BA4275D2E36853F8220023694FF00D
:105BB000040C53F822E000235FFA8EF56B40BCF131
:105BC000010CCB5C4FEA1E2EF6D14340DBB2CB5C1E
:105BD00083EA1023DBB2CB5C83EA1043DBB2CB5CFD
:105BE000B3EB106F48D10132DBE7CDF80080022320
:105BF00002AA1821002010F0EFF90746002834D03F
:105C00002046FFF7E0FE00283AD10020E76822692D
:105C100057F825304FEA132C4FEA850A52F82C101A
:105C200057F82C705FFA83FB75B113F0E00F18BFC3
:105C3000ABF120024FF001030BBF03FA0BF39340CB
:105C400019431F430BF1010B00284BD10027226998
:105C5000E168049B42F80A30059A41F80A200120C5
:105C60004946F3F745FA01358FE701203349F3F749
:105C70003FFA384610F042F90023A372FF2708E0EC
:105C8000677A07F00207EDB9F7B9A572284610F058
:105C900035F973692A4993F860207CB2174483F878
:105CA000607022460120F3F723FA002C33DB72697F
:105CB000336892F860209B6C0921304607B0BDE83C
:105CC000F04F1847002FA0D0CDF80080032303AA7F
:105CD0001821002010F080F9002896D02046FFF708
:105CE00072FE93E70023CDE900535A4604AB2046E9
:105CF000FFF77EFE5A46202AB8BF2022203A00280D
:105D0000A4D02023CDE90053394605AB2046FFF748
:105D10006FFE07469BE70B490120F3F7E9F9304690
:105D200007B0BDE8F04FFEF7E9B800BFCCA405000E
:105D30003FA505006DA20500F0AD0500F1A405002A
:105D40001EA5050030A5050000A5050010B5064BF1
:105D500003604C33044640F8083F19F09DFB204691
:105D6000F0F790FD204610BDF07C0500A0F1080082
:105D7000FFF7ECBF10B50446FFF7E8FF20461CF024
:105D8000ABFF204610BDA0F10800FFF7F3BF0000F5
:105D900010B50C461146FDF761FF18B902483821CD
:105DA00018F054F8446010BD43A50500022307B560
:105DB00080F83430074B0146186838B101230DF1E3
:105DC00007023C318DF80730FFF7E2FF012003B0F6
:105DD0005DF804FBA42F0020A0F12C00FFF7E6BF24
:105DE00010B5034B03600446F1F78AFB204610BD53
:105DF000D8780500A0F12400FFF7F2BF10B50446E3
:105E0000FFF7EEFF20461CF067FF204610BDA0F113
:105E10002400FFF7F3BF000013B5044CCDE90043A5
:105E20006B46F1F7FAF902B010BD00BF070003009E
:105E30002DE9F041077C022F8EB004460D4606D0B6
:105E400040F2F7120EB0BDE8F041F1F7E4B9CB88AB
:105E500044F20106B34239D011D840F60236B342BB
:105E600000F0978040F60336B34200F0878040F69A
:105E700001318B4200F0B5804FF4CA723EE0B3F5B9
:105E8000864F31D044F201329342F5D100228DF891
:105E900018200722ADF81C205D4A08921022ADF8A8
:105EA00024200322ADF82820438C5A4A5A490B92E9
:105EB0000122ADF830200D911BB18DF81820ADF8FE
:105EC0001A30564B049306AB05934EE0544B0493A3
:105ED000544B05934FF45033069304AB0793C822F9
:105EE00006ABF1F79AF951E006AF002639461520C6
:105EF000069617F0C1FD20B94FF4FA7229462046E4
:105F0000A0E7069B9FED487A13F4804FF6EE007AE7
:105F100003F4405308BFF0EE477AB3F5005F29D091
:105F2000B3F5405F0BD0B3F5805F0CD18DF81C60EA
:105F3000282301228DF81820ADF81A3007E08DF8DB
:105F40001C609623F5E78DF818608DF81C60F5EE5F
:105F5000407AF1EE10FA1CBF01238DF81C30334B50
:105F600018BFCDED087ACDE9043704ABC822294625
:105F70002046B6E78DF81C606423DAE790F82C30F1
:105F80008DF81830C82206ABFFF7A4FC0EB0BDE8B0
:105F9000F08106AE31460F2017F06EFDBDF81A20D5
:105FA000234902F00F0268461DF05EFA31460F20C9
:105FB00017F062FD069A1E490DF10408C2F3013282
:105FC00040461DF051FA1B4B06931B4BCDF81CD0DD
:105FD000CDE90838194B0493ADF80870039602AB6D
:105FE00072E7D36804A9187817F046FD40B1049B06
:105FF0000693C82206AB29462046FFF70DFFC5E7EA
:106000004FF4FA7229462046F1F705F9BEE700BFC2
:10601000A6AD0500A0AD05009CAD05000043030042
:10602000C800D0070000A0400000000001430300AA
:1060300090B7050057A5050060A505000102030003
:10604000F7B504460D4601201B491646F3F750F8F4
:10605000237C022B02D040F2F71214E0EB88B3F558
:106060008A4FF8D1F06819F0BEF90DF10301C6B2FC
:1060700020468DF80360FDF7F1FD074608B1406842
:1060800040B940F2F5122946204603B0BDE8F04081
:10609000F1F7C1B8036831469B6898477868036890
:1060A0003146DB68984701AB0190C822294620465B
:1060B000FFF7B2FE03B0F0BD65A505007047000014
:1060C000F0B5CB882DED028B144640F60332934297
:1060D00083B005460E4663D009D8B3F5306F4FD074
:1060E00040F6013293426DD040F2F71233E0B3F53F
:1060F000864FF9D104F10800F0F764FF047804B189
:106100004488037953B390ED028A01A90027152032
:10611000019717F0B1FCDFED327A0199B4EEE78A0E
:1061200021F4E041F1EE10FA019108DDDFED2D7A66
:10613000B4EEE78AF1EE10FA48BF0127BF03642CE2
:106140000FD0962C10D0A4F128035C425C412403AC
:1061500068B94FF4FA72314628462CE09FED228A46
:10616000D3E74FF40054F3E74FF44054F0E73943DA
:106170002143152016F02EFC0028EAD0C822EAE7B9
:10618000E3681C784FF480413CB1F3F795F9C828D7
:106190000246E0D185F89740DDE7F0F78FFFF6E79C
:1061A000E3681B78012B97BF03F001034FF4C8721B
:1061B00080F82C30C82203B0BDEC028BBDE8F04063
:1061C000F1F729B8606919F003F9E3680146187816
:1061D00016F000FC00280CBF4FF4FA72C822BAE790
:1061E000CDCCCC3E9A99193F0000000037B505464A
:1061F000012010F005F8044620B10021082016F017
:10620000E9FB044669460F2017F036FC01A90F2070
:1062100017F032FC019B6C72C3F30133DA1E534258
:106220005341204601222A706B7003B030BD00003C
:1062300038B505462030FFF7D9FF044630B9084984
:106240000120F2F755FF0024204638BD054A0A21F7
:106250002846F3F793F8C828F5D101232B74F3E708
:106260008BA50500C4AD0500A0F10800FFF7E0BF55
:10627000437A23B100234372012010F0C1B80120FA
:10628000704700000A4B10B503604C33044683602E
:106290002030FFF7EDFF04F11800F1F76DFE04F177
:1062A000080019F0F9F82046F0F7ECFA204610BD86
:1062B000847C0500A0F10800FFF7E4BF10B5044698
:1062C000FFF7E0FF20461CF007FD204610BDA0F1BF
:1062D0000800FFF7F3BF000010B5084A04460A2182
:1062E000F0F7ADFE04F12000FFF7C2FF18B9044932
:1062F0000120F2F7FDFE0023237410BDC4AD05009C
:106300009EA50500A0F10800FFF7E6BF08B5002133
:1063100081710172C1718172082016F05BFB02214C
:10632000BDE80840084616F055BB0000024B18684F
:106330002030FFF7EBBF00BFF82F002038B51C4C12
:106340002368D96A93F83020814208BF013AD2B25B
:10635000054683F8302017490120F2F7C9FE24686A
:10636000E36AAB4222D194F83030FBB91249E362C0
:106370000120F2F7BDFE16200FF0B9F923680221C3
:106380005B6C2046984794F831300C4A3BB1136857
:10639000012283F82F20BDE8384015F01BBF12689A
:1063A00082F82F30BDE83840FFF7C0BF38BD00BFCE
:1063B000A02F0020BCA50500F5A50500F82F0020A2
:1063C00070B5044619490120F2F792FE6379012B5A
:1063D0001AD0073B012B17D915490120F2F788FE87
:1063E0006069FFF7ABFF94F8293013B12069FEF71D
:1063F00057FE94F82860656956B14FF4FA7204F1BB
:106400001C012846F0F707FF002384F8283070BDF0
:1064100008494FF0FF320120F2F76AFE32460921A7
:1064200005F1F000FDF7A0FFEEE700BF1EA6050096
:1064300038A6050052A605001FB50446F1F70DFD6C
:10644000124902460120F2F753FE94F85B30ADF892
:106450000030606904F12A030193FFF76FFF94F89D
:10646000293013B12069FEF71BFE94F8283053B190
:10647000074B02936069CDF80CD002ABC82204F13F
:106480001C01F0F7CAFE04B010BD00BF7CA60500D9
:10649000064A03002DE9F04190F82930B4B00446D3
:1064A000154613B10069FEF7FBFD6069FFF746FF73
:1064B0002B4694F82A2044490120F2F719FE94F85B
:1064C000283083B96DB22A46404964690120F2F749
:1064D0000FFE25EAE572092104F1F00034B0BDE8B1
:1064E000F041FDF741BF94F82A30022B3CD0032B3A
:1064F00046D0012B5BD104AA13460825174600217C
:10650000013D197203F11803FAD166694FF00108D1
:1065100096F86030AB420ED8ADF800302C4B0293A9
:106520000197CDF80CD002ABC82204F11C01304613
:10653000F0F773FE21E029463046FDF775FBC2E90E
:1065400000014140731921F0004182F80880D160B8
:1065500093F8581001F00103890748BF43F0020384
:10656000137401351832D3E760698DF8105004AB0D
:10657000C82204F11C01FFF7ADF934B0BDE8F08189
:10658000656995F860301C3473B100212846FDF729
:106590004BFB104B049302ABCDE902010593C822DB
:1065A00004AB21462846C3E700200146F1E70A492B
:1065B0000120F2F79DFD094940F2751034B0BDE8A5
:1065C000F041F1F737BD00BFB4A6050052A60500A3
:1065D000024A030009000300E6A60500119F05001A
:1065E00038B5CB88B3F5824F04460D4605D0B3F5D8
:1065F000944F18D040F2F71211E014490120F2F73D
:1066000077FD13490120F2F773FD04F1F000FDF767
:10661000C7FC2046FFF792FEC82229462046BDE867
:106620003840F0F7F8BD0B490120F2F761FD0A4947
:106630002046F0F7A7FDC828EED02046FFF77EFEE3
:1066400004F16800FEF72CFDE6E700BF0BA705008C
:1066500020A705003FA705000F00004A90F8183159
:1066600010B5044663B11149F0F78CFDC82807D076
:1066700001200F49F2F73CFD04F1F000FDF790FC1A
:106680000C492046F0F77EFDC8280DD0074920466A
:10669000F0F778FDC82807D094F81A3123B92046BE
:1066A000BDE81040FFF74ABE10BD00BF0F0000411B
:1066B00020A705000F00004A10B509490446012033
:1066C000F2F716FD074A1268002384F8313082F889
:1066D0002F30E36A1BB9BDE81040FFF727BE10BD9D
:1066E00057A70500F82F0020A0F12400FFF7E4BF12
:1066F0002DE9F7430E46017A0023837104461746BD
:10670000C371837211B9082016F064F914254FF093
:10671000000901A90120CDF8049017F0ADF9013D61
:1067200060BB0120F1F7E0FB002DF2D1237A23B901
:106730004FF48001102016F04DF9F10241F00101F3
:10674000022016F047F9002F4FF4006301930CBFAD
:1067500014264FF4FA760025019B1B0509D501A9E3
:10676000012017F089F901350120F1F7BDFBAE4298
:10677000F2D10123237203B0BDE8F083019B012015
:1067800003F48078F1F7B0FB002DCFD0B8F1000F03
:10679000BFD1CBE738B52A490446F0F7F3FCC82847
:1067A0000FD128492046F0F7EDFCC8281FD0264914
:1067B0002046F0F7E7FCC82819D0002384F895306C
:1067C00015E022492046F0F7DDFC1E49054620462B
:1067D000F0F7D8FCC82805D01B492046F0F7D2FCBA
:1067E000C8281FD1C82D02D0002384F89430237C00
:1067F000022B16D194F894309BB994F8952082B965
:1068000094F830306BB194F82F308BB904F120003C
:10681000FFF77CFD002565842046FFF78FFD84F897
:10682000305038BDC82D1CBF002384F89430C4E715
:10683000012BEFD1114604F12000FFF759FFE9E7E2
:106840001F0000401F0002431F0003431F00000BF6
:1068500038B5037C022B04460D4605D040F2F712F2
:10686000BDE83840F0F7D7BCCB8890F8942090F87A
:106870009510B3F5804F1CD010D8B3F5306F18D0F9
:1068800094F8943094F8952053EA020117D12046E9
:10689000FFF780FFC82229462046E1E7A3F586439B
:1068A000023B012BECD80029EAD0013980F8951081
:1068B000E6E7002AE4D0013A84F89420E0E7191EC4
:1068C00018BF012194F82730003A18BF01229A42DC
:1068D00003D194F826309942DCD004F1200019F05D
:1068E000FBF9D7E790F830300BB1FFF753BF704793
:1068F00090F830300BB1FFF74DBF704773B50D46C0
:10690000284601A916461C4617F0B6F840B1019971
:106910004C4004EA060251402846019116F05AF80C
:1069200002B070BD2DE9F04FD0F89830814EB5B06F
:1069300004461BB93368002B00F0B481638C7D2BB7
:1069400040F0B080002335683360F1F786FAD4F860
:106950009830002B00F0978294F8273094F8262086
:10696000D2B2009203F0FF020192002B00F0768178
:106970000027CDE90A77B4F82290B84694F827307A
:1069800003F0FF020292002B40F0B7806A49012019
:10699000F2F7AEFBB8F1000F03D087F0010015F05D
:1069A0006BFB009B002B00F06D8114A9012017F0F8
:1069B00063F8149B03F4801213F48063009200F0D8
:1069C000598110233022042104F12000FFF796FFA3
:1069D00024A9252017F050F8249DB4F92430AD0ADD
:1069E0005D432E09C5F30F15ADF84050002D00F0A2
:1069F000438194F88730A58604EB43020133DBB270
:106A0000282BD58628BF002384F8873094F8863059
:106A10000133DBB2272B28BF272384F88630A5F16A
:106A2000FA039BB240F2D662934240F23E81B4F840
:106A30009030B4F88E202B449BB24FF47A70B3FBA5
:106A4000F0F10A4400FB1133A4F88E20A4F8903032
:106A50000123ADF8943010AB2693B4F98C30002BA1
:106A600000F0EB8107EE903A9FED347AF8EEE77A8A
:106A700067EE877A94F89730CDED247A24AD43B150
:106A80002F4B14AA4FF4A0312046CDE914351AF04B
:106A900077F82B4B2B4914AA2046CDE914351AF070
:106AA0006FF8E9E0C82B3FF44DAFB3F5FA7F18BF9C
:106AB000FA2B0CBF01270027002335683360F1F75C
:106AC000CCF9002F7FF443AF65B1638C1BB14FF459
:106AD0007A52B2FBF3F3C3EB0313A5EB2315C4F80F
:106AE000985039E7D4F89830002B7FF435AF164929
:106AF00040F2B920F1F79EFA2EE710A9012016F016
:106B0000BBFF109D2902C5F300577FF543AF15F475
:106B100080051DD0F1F7A1F90C4902460120F2F7DA
:106B2000E7FA00210A2015F055FF0023C4F8983039
:106B300033602FE7F42F0020BEA70500CDCCCC3D5D
:106B400003020300000B01007EA70500D8A7050083
:106B50000DF15008C346AA4624A9212016F08CFF47
:106B6000249A9309120248BF6FEA83330AF1010A9B
:106B700048BF6FEA9333BAF1100F4BF8043B2493EC
:106B8000EAD1638CD4F89820ADF828A0CDF82C80F9
:106B90000C921BB14FF47A51B1FBF3F31344C4F8D8
:106BA00098300DF1340A012325935146B84B2493B4
:106BB00026A8CDF8349018F06BFEB64A10920DF16D
:106BC000900B0AAAB44911925B4610AA204619F00C
:106BD0009FFDB2492046F0F7D5FAC82832D194F883
:106BE0002A30DFEDAF6A07EE903AF8EEE77A5A46C0
:106BF00086EEA77ADFEDAB7A27EE277AF8EC017AFA
:106C0000F8EEE77A013567EE877A102DE2EC017A2B
:106C1000F4D101230C9A119307A99D4B0F9212A84E
:106C20001093ADF83450CDF838B0CDF81C9018F072
:106C30002FFE9D4B9D49CDE9083A08AA10AB20468E
:106C400019F066FD9A4B4FF080525A6040BFBFF377
:106C50004F8FBFF36F8FDDF808808FE6009B002B0E
:106C60007FF4A3AEFDF7F2FB002800F00A81FDF7E8
:106C7000EDFB05E0ADF84030009BB3FA83F040092E
:106C800015F0FAF9002324A90120249316F0F4FE4C
:106C9000249B1B0206D5019B23B1012104F118009E
:106CA000F1F755FF35B0BDE8F08F04F1320B272125
:106CB000584604F0A8FDB1B202907E4812F029FABD
:106CC00094F89260B4F98A90012E0FFA80F800F0DF
:106CD0009C8027215846032394F88660B6FBF3F680
:106CE00004F091FD0136F6B2074628222721012340
:106CF0004FF0000A002900F08F800139C9B25846D0
:106D0000CDE90423039104F07EFDB84234BFA7EB24
:106D1000000CA0EB070C059BDDE903121FFA8CFCAD
:106D2000BCF1060F03F1010398BF0AF1010ADBB2BF
:106D30009CBF5FFA8AFA07469A42DBD1002384F8A7
:106D40009230B4F890301D44B4F88E30ADB24FF4A8
:106D50007A715645B5FBF1F2134401FB1255A4F8C4
:106D60008E30A4F890500AD8B4F98800B0F5966F28
:106D700054DC0023A4F88E30A4F89030C146B4F956
:106D80008A30A4F888901BB9A4F88A90A4F88C9053
:106D9000A9EB08001CF089F9632809DC0023A4F89A
:106DA0008E30A4F890300123A4F8888084F89230C3
:106DB000B4F98A60B4F988001E27801B64217843E7
:106DC00012F0A7F90644B4F9880036B2A4F88A6034
:106DD000801B1CF06AF93128D8BFB4F98860B4F977
:106DE0008C50701B6421784312F093F905442BB248
:106DF000002BA4F88C307FF72BAEADB205350A23FB
:106E0000B5FBF3F584F8325022E62721584604F00A
:106E1000FAFC0222074669E7272170E7142390FB5A
:106E2000F3F0BDF90830C01A1CF03FF90928A0DCC6
:106E3000B4F88E303B2B9CD8A1E7BDF84030DFED95
:106E40001E6A07EE103A94F89630B8EEC77AC6EE8E
:106E5000877A5BB107EE103AB8EEC77AF1EE0C6AAA
:106E6000E7EE267AB4EE007A67EE877AB6EE007A1D
:106E700037EE877ABCEEC77A17EE103A84F8963070
:106E8000F8E50198FCE6002D3FF431AE1DE600BFA9
:106E9000D082050002430300024301001F000343A8
:106EA00000007A440000003703430300034301005D
:106EB00000ED00E0C027090000606A4710B5064BEE
:106EC00003604C33044640F8083F18F0E5FA2046CA
:106ED000EFF7D8FC204610BD48790500A0F1080066
:106EE000FFF7ECBF10B50446FFF7E8FF20461BF0A4
:106EF000F3FE204610BDA0F10800FFF7F3BF00002D
:106F0000F0B50D6895B007460C461DB9BF21334852
:106F100016F09CFF0431FCF7A1FE10B143689D42BE
:106F200007D022792E49012015B0BDE8F040F2F7D4
:106F3000DFB8037A73B1FBF74FF8F7F7BAFB012814
:106F40000FAE09D194E8070086E8070031463846BD
:106F5000FEF7E0FA15B0F0BD94E8070004AB01AD10
:106F600085E8070083E807001E4ACDE907271E4A87
:106F7000099200220A9293E807001C4B0F9307AB7B
:106F8000109314AB03E907000BAC194B84E807001E
:106F90000120CDE90B36F0F778FF054620B10C98BB
:106FA00003689B689847D5E721460120F2F738FB34
:106FB0000D9010B940F27511A9E70572012128461C
:106FC000FAF776FF29460E900D98F0F739FE0E98E5
:106FD000F9F7B6F90E98F8F7ABFABBE72A6F050098
:106FE000F7A7050088AD05003F55030074AD050007
:106FF00060AD05001FB50B6842689A420AD0436035
:107000000393064B0222CDE90102186810B101A9D1
:10701000FFF776FF05B05DF804FB00BFA42F00204A
:10702000F7B5164E3568EB6A04468BB9698E4FF694
:10703000FF77B94203D02846F0F7C0FB6F860223E2
:1070400001A905F124000193FFF7D4FF3368DC6246
:107050003368D96A93F83020A14208BF0132D2B216
:1070600083F8302006490120F2F742F83368D86AE5
:10707000031B5842584103B0F0BD00BFA02F0020B1
:107080003BA80500F8B504460E461746FCF736FF48
:107090006069FFF7C5FF054628B915490120F2F7D9
:1070A00027F82846F8BD60690121FDF721F9002E77
:1070B00014BF0123002384F8283004D0314604F1A2
:1070C0001C00F0F75FFC636984F82A70002283F8E3
:1070D0006020237E84F8292023F00F0343F005036A
:1070E0002376236804219B6C20469847D9E700BF8C
:1070F00072A8050038B50446002509490120F1F7BA
:10710000F7FF15F067F86069A5610121FDF7F0F858
:1071100060692A4629469030BDE83840FFF7B2BF83
:1071200099A805002DE9F0471446027C022A98B080
:1071300005460E4606D040F2F71218B0BDE8F047FB
:10714000F0F769B8CB8840F605418B420BD8B3F510
:10715000406F0FD3A3F54063052B0BD8DFE803F096
:107160000D0A27CC19DDB3F5824F11D044F6012268
:1071700093421AD04FF4CA7214E090F870308DF830
:10718000203008AA314614F0FBFF18B0BDE8F087A4
:107190000322314605F19000FFF774FF0028F4D177
:1071A0004FF4FA7231462846C7E70122F1E7FFF7AC
:1071B00037FF0028F4D001212846FDF799F895F80B
:1071C000703005F168090BB3674B95F870401A8869
:1071D0009B788DF8223049F26063ADF81830622355
:1071E000ADF820208DF80C30C4B927462846FFF7AB
:1071F000A5F85E4B0893CDE9064706AB099308ABAB
:10720000C82231462846F0F708F8BEE74846FDF7A1
:107210006BFF0028D8D14FF0FF34E6E700204FF095
:107220000A0A0EF0F7FDCDF800A0032308AA1821E2
:1072300000200EF0D1FE30BB00242746D5E91A23EA
:10724000BB4208BFA2421AD0DFF828E123463946E4
:10725000072200205FFA83FC8CEA00001B0A013A37
:1072600043EA01631EF800004FEA1121F2D1914276
:1072700008BF83420EBFC5E91A47144627460020BF
:107280000EF03CFEB2E74846FEF79DFB0028D3D047
:1072900000244FF008082746CDF800A0022306AAD4
:1072A000182100200EF098FE240A44EA07643F0AE1
:1072B00020B99DF8103047EA0367BFE74846FEF75C
:1072C00082FB0028F5D0CDF800A0012303AA1821E5
:1072D00000200EF081FE0028EBD004A814F0A4FFDB
:1072E00008F1FF389DF8103018F0FF0847EA0367EF
:1072F000A4D00028D0D1A1E7E36806A9187814F03B
:10730000F9FF08B39DF818308DF82030C82208AB7B
:1073100031462846FEF7DEFA37E700243C222146B4
:1073200009A8089408AF1CF0D3FB4023ADF8103037
:107330000597A4F180003919C0B2013414F0DAFFC6
:10734000402C08D00028F4D14FF4FA723146284678
:10735000EFF761FF19E70028F6D0054B069304AB61
:10736000079306AB4CE700BFB9A80500090003006E
:10737000010C0300F0AD05002DE9F74F0D46044662
:107380007A4901201746F1F7B3FEEB8840F6054233
:1073900093420BD8B3F5406F0CD3A3F54063052B94
:1073A00008D8DFE803F00A3C0730073C44F6022225
:1073B00093423FD040F2F71214E0FB681E78C6B14A
:1073C0002046FFF72DFE002800F095800121204681
:1073D000FCF78EFF04F16800FDF786FE012384F8B8
:1073E0001A31C8222946204603B0BDE8F04FEFF716
:1073F00012BF04F16800FDF753FE2046FEF79EFF22
:1074000084F81A61EDE77A69FB681178187814F04E
:107410008EFF00280CBF4FF4FA72C822E2E707F192
:107420000800EFF7CFFD0278416804F16800FDF72E
:1074300023FBEEE794F86090B9F1000F14D000261A
:1074400031462046FCF7F0FB8246F868884617F084
:10745000CAFF88EA0A0828F00048404506F10103FF
:1074600008D099451E46EBD82046FEF767FF4FF43B
:10747000CA72B7E74B45F6B201D3FF2EF4D03C49B0
:1074800032460120F1F734FE07F11000EFF79AFDC4
:1074900090F809908246B9F1000F04D00930FEF748
:1074A0000DFA90F80090BAF80080B8F1000F25D1DD
:1074B0009AF808A00027D4F8A43093F86030B342BB
:1074C00019D904F1900318460193FCF717FD94F8BD
:1074D000A830D4F8A400022262F301034FF0000B9D
:1074E00084F8A83084F8B9B0FFF79AFDD8B92149DB
:1074F0000120F1F7FDFD4FF4FA7273E7504614F0E6
:107500005DFEB8F1300F9AF808A0074606D8002FA4
:10751000D1D119498B20F0F78DFDCBE716498A2090
:10752000F0F788FDF3E7D4F8A4000121FCF7E0FEB2
:10753000294604F1AC00F0F725FA0123424639460A
:1075400084F8B83084F8EC6084F8EE9004F1BA0066
:107550001BF086FD019884F8EA805A46042184F8DD
:10756000EDA003B0BDE8F04FFCF7E8BEBDA80500F4
:10757000DDA8050072A80500119F050038B5CB886D
:10758000B3F5824F04460D4605D0B3F5944F1BD09A
:1075900040F2F71214E001201749F1F7A9FD204647
:1075A000FFF73EFD28B315490120F1F7A1FD0022A8
:1075B000062104F1F000FCF7D7FEC8222946204638
:1075C000BDE83840EFF727BE01200D49F1F790FDE7
:1075D0002046FFF725FD60B101212046FCF788FE1B
:1075E00094F87030002BE8D104F16800FDF77CFDC1
:1075F000E3E740F2F712E1E7EBA80500FEA805007B
:107600001EA905002DE9F041037C022B04460D461E
:10761000904605D040F2F712BDE8F041EFF7FBBD10
:1076200090F830304BB9FFF7FBFC84F8300020B9FC
:1076300040F2F71229462046EEE700212046FCF7EB
:1076400057FEEB8894F8267094F82720B3F5804F06
:10765000FFB2D2B203D007D8B3F5306FE8D194F8B7
:107660002630E3B1C822E5E7A3F58643023B012BB0
:10767000DED894F82160002EDAD0D8F80C0017F08C
:10768000B2FE2F4A80B2072332F8021B884233D061
:10769000013B13F0FF03F7D140F2F512CAE794F86B
:1076A0002030002BC4D094F89430013384F8943007
:1076B000174694F8263003F0FF06D3B984F8966095
:1076C000A4F88860A4F88A60A4F88C6084F89260BA
:1076D000A4F88E60A4F8906084F8326050220321F0
:1076E00004F136001CF0F4F940F20333A386A4F849
:1076F00086603E46012710E094F8273013B1638C72
:107700008342C9D194F895306084013384F8953070
:107710000023C4F89830002FCBD194F82630BB4218
:1077200003D194F82730B3429CD0638C0BB98023EB
:1077300063843246394604F1200018F0CDFA91E70F
:10774000A6AD0500C36A37B5044633B1418E4FF686
:10775000FF73994219D103B030BDFCF777FEA36ADD
:10776000984205460AD00C4902460120F1F7C0FCB8
:1077700001A904F124000195FFF73CFC618E4FF64E
:10778000FF739942E7D0002DE5D12046F0F716F8B7
:107790004FF6FF736386DEE734A9050037B504466C
:1077A000C36A0A4601200C490125F1F7A1FC84F8BF
:1077B0003150FCF74BFE01A9019004F12400FFF7C2
:1077C00019FCE36A2BB9054B1B6883F82F5014F0A2
:1077D00001FD012003B030BD5EA90500F82F002097
:1077E000A0F12400FFF7DABFC36A37B504462BB90E
:1077F00090F8313063B1836A022B09D094F8285095
:10780000019501A904F12400FFF7F4FB03B030BD9A
:1078100014F0E0FCFCF71AFE0546FEF787FDEFE7E3
:10782000A0F12400FFF7E0BF30B520F48073B3F57A
:10783000E82F85B0054614D0164A934211D002F5C0
:10784000007293420DD002F50072934209D0B3F555
:10785000E92F06D0104B984203D01048B62116F0FD
:10786000F5FA00241022291968461BF0F9FB6A4634
:10787000002312F8011BFF2909D10133102BF8D185
:107880001034B4F5807FEDD1002005B030BD6FF02D
:107890000600FAE700420700004A070099A9050020
:1078A0001FB50D4B0D4A0021CDE900234FF60273A1
:1078B000CDE9021304460146684616F04FF948B96F
:1078C000BDF80430012B05D10023236363634FF01F
:1078D0007E53A36304B010BD02003C004143434308
:1078E0001FB5104A104B002918BF134602F19E42E3
:1078F000A2F540020D49A2F2B372A3F5E82300926B
:107900001B0A0022CDE901128DF80C300146FF233D
:1079100068468DF80D30ADF80E2016F01FF905B051
:107920005DF804FB004907000043070001007800F0
:107930001FB5084A084B0146CDE9002300204FF649
:107940000873CDE90203684616F008F905B05DF842
:1079500004FB00BF4759524F010024001FB5084ADD
:10796000084B0146CDE9002300204FF60673CDE910
:107970000203684616F0F2F805B05DF804FB00BF9C
:10798000484C41540100E60030B5BBB0044668469F
:10799000FFF7E4FF054630B10E4920461BF0A6FA7A
:1079A00000203BB030BD0DF1C201204623221BF068
:1079B000A7FB094984F82350013C14F8013F0BB997
:1079C0000120EEE7CA5C02F00302022A08BF203B56
:1079D0002370F2E73B640500616906003CDF7047F5
:1079E0003DDF704713B5154A154C00230128C2E945
:1079F000003320700BD00C3802280CD8114901201C
:107A0000F1F776FB02B0BDE81040F9F79BB90E4BD9
:107A1000187002B010BD01A901200193FCF726FAED
:107A20002278019B9A42F4D0FF210120FFF7D8FF72
:107A300021780120FFF7D2FFEBE700BF90FF002085
:107A400068360020ADA905009CED002038B504463D
:107A50000D4616F07DFF04F5E074AD0040F82450AB
:107A600038BD10B5044616F073FFD0F81005E0409D
:107A700000F0010010BD0000F8B5114B53F8205084
:107A80000446DDB1FFF7EDFF0E4B0F4E1B5D071EE9
:107A900018BF0127022B0146DAB203D0032A08D00F
:107AA000394603E048B1335D3BB901212046A84780
:107AB00003E010B9335D002BF8D13755F8BD00BF96
:107AC00068300020F5EE0020D5EE002038B50D46D8
:107AD0000446FDF75DFD002D00F0C480013D01234B
:107AE000AB40D4F86821082B28BF0823C4F86431C0
:107AF000B2FBF3F103FB1123D21A94F84332C4F81A
:107B00006821002B40F0AE8094F836225F4B053A96
:107B1000032A38D8DFE802F002282D323C229B8964
:107B2000C4F89021D4F89011A4F8603101228900A2
:107B30002046EFF74AFB04F5B6750323A4F88C0141
:107B4000C4F89431284614F0CBF994F8363294F8FE
:107B5000421294F84122082B56D8DFE803F019218D
:107B60002B333B434B848D002322DB89C4F89021C7
:107B7000D8E712221B8AC4F89021D3E708225B8A37
:107B8000C4F89021CEE764229B8AC4F89021C9E70B
:107B9000002384F8833184F884311023802035E079
:107BA000102384F88331082384F884310D23A4F84A
:107BB0008831F2E7202384F88331102384F884315C
:107BC0001A23F4E7302384F88331182384F88431AE
:107BD0003423ECE7402384F88331202384F8843174
:107BE0006823E4E7502384F88331282384F8843120
:107BF000D023DCE7602384F88331302384F8843198
:107C00004FF4D073A4F888310023184684F88531E6
:107C100094F86C3184F88601002B94F87C3184F858
:107C20007D1108BF01220B44134484F87F310223E5
:107C300084F87131002384F87E21C4F87831284615
:107C400014F04EF894F87D2194F87C31134494F8A4
:107C50007E211344C4F8483294F8433213B9012307
:107C600084F8433238BD702384F88331382384F894
:107C7000843140F24133C5E7802384F883314023C7
:107C800084F8843140F27C63BCE700BFF0AE0500AD
:107C900038B590F840320446CBB13549EFF772FA67
:107CA000C82814D033492046EFF76CFAC8280ED004
:107CB00031492046EFF766FAC82808D02F492046F8
:107CC000EFF760FAC8281CBF002384F8403294F80C
:107CD0004232CBB12A492046EFF754FAC82813D0D4
:107CE00024492046EFF74EFAC8280DD022492046F5
:107CF000EFF748FAC82807D0002394F8361284F822
:107D000042322046FFF7E2FE94F84132CBB11D49E2
:107D10002046EFF737FAC82813D016492046EFF768
:107D200031FAC8280DD015492046EFF72BFAC8289C
:107D300007D0002394F8361284F841322046FFF72A
:107D4000C5FE94F8405285B994F842526DB994F842
:107D5000415255B984F836522046FDF719FCA4F873
:107D60002E52C4F83052A4F83452284638BD00BF11
:107D70001F00023B1F0004461F0002461F0003466F
:107D80001F00023C1F00023D2DE9F04F0446BDB02C
:107D90000D4681BBD0F894312BB9D0F89021B0F8C2
:107DA0008C1117F0B5F92046FFF772FF38B394F83D
:107DB0007D31524E524FD4F83C02D4F89C11002B26
:107DC00014BF02230123089314BF01230023079348
:107DD0004C4B1A683378D7F800C09BB9030AC3EB41
:107DE00002231A1252430F2A64DDB4F83E22D4F85B
:107DF0009C31D31816E0444B1B78002BD3D03DB0F8
:107E0000BDE8F08F002DFAD13B68D4F898219A4252
:107E1000F5D8C4F898513B68B4F83E2231789B1AE3
:107E2000002957D10293029DDFF8D0B0DFF8E0902F
:107E30000023337003939BF80030B3BB022211A9D7
:107E40003A20D4F8646113F09FFEBDF844309DF8E9
:107E50004570C3F30B03B3F5FA7F8046C4F8743161
:107E600003D217F0200700F0BE8228490120F1F765
:107E70003FF9B8F1000F13D0012394F884118BF867
:107E800000300A2013F091FE50B194F884110A20BA
:107E900041F0010113F089FE10B10023C4F87431E0
:107EA0009BF80030002B00F03683EFF7D6FFC4F8C4
:107EB0009801A4E75B43B3F5801F96DAA1EB0C01B0
:107EC00001EBD0301BF0F1F894F86131B0EB530FB7
:107ED0008BDAA0E79A1AC4F89C21A3E7084BB4F800
:107EE0003E221B689B1AC4F89C31064B1B68013E5E
:107EF0001B04C4F89461C4F83C329CE7C0EE002037
:107F0000D0EE0020C8EE0020D4EE0020C9A9050064
:107F10001CAC050094F8402262B3D4F84822079BB9
:107F200002FB06323CAB0AFB023208FB06F032F9D8
:107F3000903C07EE903A32F98E3CF8EEE77A211841
:107F4000C1ED107A07EE903A32F98C3C94F8442255
:107F5000F8EEE77AC1ED117A07EE903AF8EEE77A9B
:107F6000C1ED127A32B94030099A04F5E671204425
:107F700002F0A8FD94F84222002A4CD0D4F84822FE
:107F80003CAB72430AFB023208FB064132F9903CDB
:107F900006EE103A32F98E3C07EE903A32F98C3CFC
:107FA00094F8442206EE903AB8EEC66AF8EEE77A04
:107FB000F8EEE66A81ED286AC1ED297AC1ED2A6AF8
:107FC0004ABB94ED857AD4ED825A27EE877AA6EEE5
:107FD000257AD4ED885AA6EEA57A81ED287A94ED1B
:107FE000867AD4ED835A27EE877AA5EE867AD4ED89
:107FF000895AA5EEA67A81ED297A94ED877A67EE03
:10800000877A94ED847AE7EE067A94ED8A7AE6EE42
:10801000877AC1ED2A7A94F841320193002B57D028
:10802000D4F84872089B94F83E1007FB06330AFB0D
:1080300003F2059318AB1344069302F1F0030DEB22
:10804000030737F9900C002979D1B4F93810401A98
:108050001BF02BF8C82860DDB4F9383007EE903AF1
:108060000C22B4F93A30F8EEE77A02FB0642C2ED90
:10807000407A07EE903AB4F93C30F8EEE77AC2ED78
:10808000417A07EE903AF8EEE77A019B069908FBF1
:108090000647C7ED427A062284F83E3004F13800E4
:1080A0001AF0DEFF94F86D212AB1D7ED407AF1EE97
:1080B000677AC7ED407A94F844224AB908FB064033
:1080C00004F5EC7204F5FE7100F5807002F0FAFC24
:1080D000049B013304939DF81060D4F86421B242EC
:1080E0003FF618AFD4F868311344C4F86831D6B2FB
:1080F0004FF000084FF0010A94F836325FFA88F723
:10810000BB423BD8C4F89C51D4F83C52039BAD0A07
:108110005D43029B03EB95158DE637F98E0CB4F9A0
:108120003A10401A1AF0C1FFC82895DC37F98C0CB8
:10813000B4F93C20801A1AF0B8FFC8288CDC059BE3
:108140003CA90AFB031708FB064237F9903C07EEEF
:10815000903A37F98E3CF8EEE77AC2ED407A07EEB6
:10816000903A37F98C3CF8EEE77AC2ED417A07EEA7
:10817000903A0023F8EEE77A019386E7D4F8681185
:108180000AFA07F2013A0A4240F0CB80DB1B013BBE
:10819000E21892F82E22002A00F0C38094F84022C0
:1081A000D2B139F813300A9304F14002A54B0F9273
:1081B0000AA913A811930D95ADF83860CDF848A021
:1081C00017F066FBA04B0B930DAB0C939F4911ABC3
:1081D0000BAA204618F09CFA94F84232F3B194F8B6
:1081E00036320D95DB1B013B04F1A00239F8133048
:1081F0000A93012312930AA9924B0F9213A8119389
:10820000ADF8386017F044FB914B0B930DAB0C931A
:10821000904911AB0BAA204618F07AFA94F8413233
:10822000F3B194F836320D95DB1B013B04F58072F7
:1082300039F813300A93012312930AA9814B0F9244
:1082400013A81193ADF8386017F022FB824B0B9303
:108250000DAB0C93814911AB0BAA204618F058FACC
:1082600094F8402294F83632002A5AD094F84222E8
:10827000002A30D194F8421294F8412294F8363210
:10828000002961D194F8412294F83632002A48D06E
:10829000DB1B013B04F1400239F813300A93012340
:1082A00013920E9304F58072664B15920AA90FA8DB
:1082B0000D931195ADF84860ADF8506017F0E8FAED
:1082C000674B0B9311AB0C9366490DAB0BAA204681
:1082D00018F01EFA25E0DB1B013B04F1400239F8DF
:1082E00013300A93012313920E9304F1A002554B0D
:1082F00015920AA90FA80D931195ADF84860ADF835
:10830000506017F0C5FA584B0B9311AB0C935749BB
:108310000DAB0BAA204618F0FBF994F84032002B65
:10832000A8D1012E0DD9760804F1580204F14C03AE
:1083300000210131C8B2864202F1180203F10C0398
:1083400032D808F10108D7E6002A9BD004F1400298
:10835000139204F1A0021592DB1B04F580721792B0
:10836000013B434A119532F813300A9301230E93CF
:108370000AA9344B0D930FA8ADF84860ADF85060D2
:10838000ADF8586017F084FA3A4B0B9311AB0C938D
:1083900039490DAB0BAA204618F0BAF994F84032CF
:1083A000002B7FF46FAFBCE752F8180C43F80C0CAD
:1083B00052F8140C43F8080C52F8100C43F8040C53
:1083C000906C5865D06C9865106DD865D2F8A8008F
:1083D000C3F8B400D2F8AC00C3F8B800D2F8B000CB
:1083E000C3F8BC00A5E700283FF45AAD94F8722109
:1083F0008BF800706AB90027D4F87431002B3FD194
:10840000002F3FF44DAD1D493A460120F0F770FEB4
:1084100046E594F87F2102EB42018B427BD34A0070
:1084200002F0FE0211A93E2013F0AEFB94F87F315A
:10843000D4F8742184F8727103EB4303D21AC4F8A0
:108440007421D8E7D0820500023B0300023B010003
:10845000023C0300023C0100023D0300023D01001A
:1084600004460300034601000346030002460100E0
:108470001CAC0500024603000446010020AA0500CA
:10848000022211A93C2013F07FFB9DF845309DF896
:10849000442003F00303134331D137B194F87F3103
:1084A0002B493A460120F0F723FE94F87F21D4F8B7
:1084B000741106FB02F303EB43038B423FF6F0AC6F
:1084C00016FB02F606EB4606720002F0FE0218A941
:1084D0003E2013F059FB00283FF4E2AC039BD4F894
:1084E000946101330393002E7FF4F8AC04F5D47348
:1084F00004964FF00C084FF0060A0993EBE50222B0
:1085000011A93E2013F040FBD4F87431013BC4F8AC
:108510007431013770E7D4F89431002B7FF46FACDD
:108520000C4B94F860111A689142BFF468AC1A6859
:1085300094F8611191427FF662AC1A68D4F83C322B
:10854000C3EB431303EB02435B09C4F83C3256E42C
:10855000E6A90500C8EE0020B0F88C318B4273B557
:10856000044612D1254D264E2B683360EFF775FC7B
:1085700028602B6832689B1A224A0121204613602A
:1085800002B0BDE87040FFF7FFBBB0F858328B4235
:1085900010D1002301A90830019302F067FAB4F862
:1085A00058122046EEF723FE4FF6FF73A4F8583218
:1085B00002B070BDB0F85A328B42F9D100230DF1F0
:1085C00002010DF103008DF803308DF8023013F035
:1085D000B7FA9DF8033013F02005E9D1B4F85A1228
:1085E0002046EEF704FE4FF6FF73A4F85A3201A9B5
:1085F00004F12000019502F04FFAD9E7D0EE0020F7
:10860000CCEE0020C8EE00207FB590F83030022B71
:10861000044650D100250DF102000DF103018DF843
:1086200002508DF8035013F08BFA9DF8026030076A
:1086300016D52946204602F018F988B1D4F85432EC
:108640002BBBB4F858124FF6FF73994235D1012273
:1086500041F288312046EEF7B8FDA4F8580231E027
:10866000B10637D5012501A904F12000019502F0DA
:1086700013FAB4F85A224FF6FF739A4211D12A46E0
:1086800014212046EEF7A1FDA4F85A0209E0EFF705
:10869000E4FBD4F854321E339842D2D20023C4F8FB
:1086A000543294F836321BB100212046FFF76CFBA0
:1086B000214B00221A7004B070BD41F2883220466E
:1086C00016F026FD012301A904F10800019302F030
:1086D000CDF9E3E70321204602F0C7F828B90421C9
:1086E000204602F0C2F80028DBD09DF80330DA06FD
:1086F0000DD504F11802012301920322CDE90223D2
:10870000E3610E4B186810B101A9FEF7F9FB9DF863
:1087100003309B06C5D504F1100201230192042207
:10872000CDE902236361054B18680028B9D00DEB31
:108730000201FEF7E5FBB4E7D4EE0020A42F0020F1
:1087400070B52DED068BDEB0044609A8FFF7A8F83A
:1087500004F5D475002840F0D380129B94F8802152
:10876000C4F8CC31139BC4F8D031082A149BC4F848
:10877000D43197BF894B9FED8A0A03EB820393EDB7
:10878000000A04F5E67016F0CAF894F84C32002B93
:1087900000F0B4809DED17AAF7EE007AB4EEE7AAD8
:1087A000F1EE10FAC0F2AA80DDED159A9DED169A51
:1087B00069EEA99A6AEE0A8AF0EE697AE9EE097A18
:1087C000F0EE68AAE9EE09AA78EEA78A8AEEA80A6E
:1087D00019F076FAB0EE408A89EEA80A19F070FA1C
:1087E000F0EE408AB0EE6A0A19F06AFACAEE009A10
:1087F000B0EE6A0A19F064FAC9EE007A00236946FD
:1088000018A80193B1EE687A8DED027A28EEA77A66
:108810008DED008A8DED037A68EEA98A28EE277A1D
:1088200028EE298AF1EE677A8DED057ACDED077A8B
:10883000CDED049ACDED068A8DED088A15F0FCFD8C
:1088400009A92CA815F0F8FD2CA918AA40A80CF02D
:10885000FBF942A9284616F04FF894F88021082A1F
:1088600096BF4E4B9FED4E0A03EB8203284698BFFE
:1088700093ED000A13F03EF9002140A8FFF730F80D
:1088800004F5B67604F5EC75002855D152A92846B2
:1088900016F032F85B9BC4F8FC315C9BC4F80032E4
:1088A0005D9BC4F80432304610F0F6FB04F5FE7010
:1088B00016F035F8304610F0EFFB284613F01AF9A1
:1088C0002CA8FFF735F804F50275002850D12CA923
:1088D000284616F011F894F88121082A97BF314BE9
:1088E0009FED310A03EB820393ED000A28465EB048
:1088F000BDEC068BBDE8704013F0FCB809A9A9E7F0
:1089000000234FF07E52C4F8CC31C4F8D031C4F803
:10891000D431C4F8A821C4F8AC31C4F8B031C4F8DB
:10892000B431C4F8B821C4F8BC31C4F8C031C4F8BB
:10893000C431C4F8C82190E700234FF07E52C4F838
:10894000FC31C4F80032C4F80432C4F8D821C4F8A9
:10895000DC31C4F8E031C4F8E431C4F8E821C4F8EB
:10896000EC31C4F8F031C4F8F431C4F8F821A1E7CF
:1089700000234FF07E52C4F80822C4F80C32C4F829
:108980001032C4F81432C4F81822C4F81C32C4F8E7
:108990002032C4F82432C4F828229CE7D4AB050066
:1089A00056D21C3BF8AB0500295C8F3D73B52049BE
:1089B0000446072014F0E4FE0646B0B31D4B1D68C4
:1089C0003DB300230DF1070204F1080128468DF89C
:1089D0000730FDF7DDF903230DF1070204F118015B
:1089E00028468DF80730FDF7D3F904230DF107026F
:1089F00004F1100128468DF80730FDF7C9F9052369
:108A00000DF1070204F1200128468DF80730FDF72B
:108A1000BFF9094B002220461A60FFF791FE02239E
:108A2000304684F8303002B070BD0523F8E700BF4F
:108A30002D480300A42F0020CCEE0020A0F1280038
:108A4000FFF7B4BF2DE9F0474FF0A043394E00F5D2
:108A5000E072044653F8227056F82030002B67D09D
:108A6000354D2B1893F92820002A4ADA334940F271
:108A70007620EFF7DFFA314940F26520EFF7DAFAB6
:108A80002A19DFF8C0A092F9283092F82820072A86
:108A90009FBF03F5A2732A4A002142F823104FEA30
:108AA000D40904F007034FF0010808FA03F81AF894
:108AB000093013EA080F08D020460CF051FD1AF8CF
:108AC000093023EA08030AF809302B194FF0FF3266
:108AD00093F82830072B45F8232088BF5B192544DD
:108AE00088BF83F84020FF2385F8283020460023E4
:108AF000C7F3810146F82430FEF7A8FF0120BDE846
:108B0000F087072A03DD00210CF00CFDB8E7930085
:108B100003F1804303F5C043D3F8101521F00101A0
:108B2000C3F8101501239340054AC2F80833A7E79C
:108B30001846E4E7683000201830002043AA0500FA
:108B4000006000406230002038B50D4604460B49F5
:108B50000120F0F7CDFA082D0FD1FDF7E7FB64698E
:108B600007490120F0F7C4FA94F819312BB10C2011
:108B7000FFF768FF002384F8193138BD8BAA050080
:108B8000B3AA050010B504462030FDF7BFFB94F8EA
:108B90002D302BB10C20FFF755FF002384F82D302A
:108BA00008490C2014F0ECFD30B1012384F82D307D
:108BB00002232374012010BD03490120F0F798FA25
:108BC000F6E700BF05480300CEAA0500A0F10800A3
:108BD000FFF7D8BF73B590F82C50044600F120067B
:108BE00095B90C20FFF72EFF304684F82D50FDF785
:108BF0008DFB16480CF0F8FE29460C200CF092FC78
:108C00000323237402B070BD114D95E803006B4639
:108C100083E803009DF80520184642F001028DF814
:108C200005200CF0E1FE0C20FFF70CFF002384F878
:108C30002D3016200CF05BFD012211463046FDF769
:108C400057FD28460CF0D0FE0321D6E7BCAD050049
:108C5000B4AD0500A0F10800FFF7BCBF37B504466E
:108C60000720FFF7EFFE94F82C1200293CD10720D3
:108C700084F86F1184F870110CF054FC23480CF048
:108C8000B3FE2046FCF784FC214B1D683DB3002356
:108C90000DF1070204F1080128468DF80730FBF7B3
:108CA00011FE03230DF1070204F1180128468DF887
:108CB0000730FBF707FE04230DF1070204F1100152
:108CC00028468DF80730FBF7FDFD05230DF107025F
:108CD00004F1200128468DF80730FBF7F3FD03234C
:108CE00084F8303003B030BD94F82D2284F86F1131
:108CF00084F8702104F5B67015F09AFC05480CF064
:108D000073FE032107200CF00DFCBAE734AC05001C
:108D1000A42F00202CAC0500A0F12800FFF79EBF77
:108D200010B5044B044640F81C3BEEF75BFD2046B3
:108D300010BD00BF687B050010B50446FFF7F0FFCB
:108D4000204619F0C9FF204610BD00000A4B10B59F
:108D500003604C33044683609030FFF7E1FF04F179
:108D60008000EFF709F904F1080016F095FB2046A2
:108D7000EDF788FD204610BD047C0500A0F1080039
:108D8000FFF7E4BF10B50446FFF7E0FF204619F0F7
:108D9000A3FF204610BDA0F10800FFF7F3BF0000BD
:108DA000164B03F15C0270B5826003F1A002036010
:108DB000C26203F1C002E0330446C263436400F5BB
:108DC0009E7500F17C06AE4204D00C3D2846EEF7BD
:108DD00009FDF8E70A4BA36404F16400EFF7CCF84F
:108DE00004F12C0016F058FB04F10800EEF788FBA4
:108DF0002046EDF747FD204670BD00BFE87D050029
:108E0000707D0500A0F13C00FFF7CABFA0F108008B
:108E1000FFF7C6BFA0F12C00FFF7C2BF10B5044694
:108E2000FFF7BEFF204619F057FF204610BDA0F106
:108E30000800FFF7F3BFA0F12C00FFF7EFBFA0F190
:108E40003C00FFF7EBBF0000F0B5044697B0A4F874
:108E5000483194F84C3184F83D11104684F8402193
:108E60007BB3002370498DF82C300120F0F740F9D6
:108E700094F83D318DF810300123ADF81630B4F878
:108E800048218DF81230694E94F84031ADF8142025
:108E90008DF8173004F17405A36F23B90BA8EEF712
:108EA000A1FC17B0F0BD0BA9284615F05FFD04AB7F
:108EB0000893C82207AB0BA920460796EEF7ADF939
:108EC000EAE7034694F83D2159490120F0F710F9EB
:108ED00094F83C3194F83D215BB2934272D05549ED
:108EE0000120F0F705F994F83D318DF82C300BA9ED
:108EF000204613F0B3F894F83D315BB284F83C316E
:108F0000002584F84D51EEF7A8FF8DF81050C4F8F5
:108F1000440104F17405A36F002B60D194F83D3136
:108F2000226C0F2B8CBF0023012393420CD02364AF
:108F30000D93414B012218680C9204F13C020B92F4
:108F400010B10BA9FDF7DCFF3C4D94F83C312A7CB5
:108F50008DF807309A4233D002AE08220021304605
:108F60001AF0B6FD01270DF10703E9880297324692
:108F70004FF6FF700393F8F769FC044600BB9DF8B9
:108F800007302B746B7CDBB10146102207A81AF066
:108F90009FFDEB8809962A4EADF81C30BDF80A30CB
:108FA000ADF820307168039B8DF81E700BA80A93F2
:108FB0000DF06AFC0DF12E0725460B9B9D421DD33B
:108FC00004A86CE794F84D31002B99D094F83C310B
:108FD0008DF82C300BA9204613F040F890E704A937
:108FE000284615F0C3FC94F83C318DF82C30C8228B
:108FF0000BAB04A92046FCF76DFC8CE737F8020F99
:1090000013280CD87368C340DA0708D5B368C34087
:10901000DB0704D507A924B9F8F71AFC0446013583
:10902000CBE7F8F715FCFAE7F1AA050000320300D8
:1090300040AB050096AB0500A42F00205431002062
:1090400018EF0020A0F14400FFF7FEBE30B1032866
:1090500007D0042807D0052807D103200860012085
:1090600070470120FAE70220F8E7002070477047B8
:10907000F0B4C56846686F10044606EB6500ED075E
:10908000A46844BFF5592C59A446F0BC6047406819
:1090900070474068704740687047406870470000FC
:1090A000044B054A1A60054B186002230374012023
:1090B000704700BF7C3D0020FD9A0300783D0020F2
:1090C000A0F10800FFF7ECBF0323037470470323EC
:1090D0000372704702230372012070470323037257
:1090E00070470123037218467047002303727047CC
:1090F0000223037201207047032303727047032386
:109100000374704703230372704770B5034609B3B5
:1091100040780C460F380022651AA84216D8997B71
:10912000914217D09A73002003F10F0619460022CE
:1091300011F8014BB142154682EA0402F8D1AC4263
:109140001FBF597B4A405A73002070BD14F8015B61
:109150006A40E1E70120E7E74B1C30B522D0D0F8A8
:109160000A305D1C1ED0D0F80E20541C1AD0934239
:1091700008D28B4216D88A428CBF0021012181F08F
:10918000010030BD446904F58075A9420AD38069A5
:109190000444A14206D28A4206D88B4294BF0021E1
:1091A0000121ECE70121EAE70021E8E701627047CD
:1091B0004162704781627047C1627047027F22B18D
:1091C000036800221B6902771847704738B50368A7
:1091D000D0F80A20DB6905460C46984710B1236990
:1091E00001330AD1074B1C684FF0FF3334B92846CE
:1091F0006B81AB81FFF7E2FF204638BD2361A46994
:10920000F4E700BF98EF0020D0F80A20531C03D0E9
:10921000D0F80E30591C03D18069A0F580707047DA
:109220009A423CBFD0E905215218D01A7047408AB3
:109230007047438A0246013398B2508270474369AF
:1092400003F580730B608369A3F580731360704727
:10925000D0F80A300B60D0F80A00013018BF0120A6
:109260007047032380F8343070470323037270473C
:109270007047022380F834300120704702230372C4
:1092800001207047032380F83430704703230372B2
:1092900070474FF4C872EDF7BEBF828E01328286EE
:1092A000C822EDF7B8BF40F2F7122430EDF7B3BF94
:1092B000A0F12400FFF7F7BF10B50446184616F0DA
:1092C0009DF8094A80B2002332F8021B884203D07D
:1092D0000133082BF8D110BDE01890F82E3201337D
:1092E00080F82E32F7E700BF1CAC050070B590F88F
:1092F0003030022B04460D4605D040F2F712BDE88F
:109300007040EDF788BFCB8844F202618B4253D0A6
:109310000ED843F602418B4234D043F602518B42C1
:109320003CD043F602318B421AD040F2F71275E07E
:1093300044F203618B424BD044F204618B42F4D17E
:10934000104616F05BF894F8423280B293B394F86A
:10935000413283F0010640F20113A4F8403219E0D3
:10936000104616F04BF8012380B284F840320026F4
:109370002C4A002332F8021B884242D00133082BCA
:10938000F8D1D2E7D06816F02EF894F8423280B2C5
:1093900083F00106012384F84232E9E7104616F013
:1093A0002DF894F8413283F00106012380B284F84D
:1093B0004132DDE70126CEE7104616F01FF894F89B
:1093C000423283F00106012380B284F84032E2E7A2
:1093D000104616F013F894F8413283F0010640F27B
:1093E000011380B2A4F84032C2E7013384F8363268
:1093F000012384F83E3094F836122046FEF766FBCF
:109400000BE0E11891F82E22013281F82E2294F817
:1094100036229A42E9DD002EEDD1C82229462046A7
:109420006DE700BF1CAC050038B590F83030022B5A
:1094300004460D4605D040F2F712BDE83840EDF77E
:10944000EABECB8843F602518B4210D00AD843F6CD
:1094500002318B420BD043F602418B4207D040F2DF
:10946000F71231E0A3F58C43023B022BF7D81046EC
:1094700015F0C4FF164A80B2002332F8021B88425E
:1094800003F1010103D008290B46F6D1E7E7E01804
:1094900090F82E22013AD2B280F82E2294F83602A9
:1094A00088420DD162B904F22E22D15C09B9013B88
:1094B000FBD20133D9B284F836122046FEF706FB00
:1094C0002046FEF7E5FBC82229462046B5E700BF47
:1094D0001CAC05001FB5214B0446CDE9003000212E
:1094E0001F4B0293082200F22E2003911AF0F0FA8B
:1094F0001C496A46204615F057FF1B496A4620461C
:1095000015F052FF19496A46204615F04DFF1849DB
:109510006A46204615F048FF16496A46204615F06F
:1095200043FF15496A46204615F03EFF04F23623F4
:10953000072113F8012D7AB90139FAD294F83622AD
:1095400001314BB29A4205D0C9B284F83612204696
:10955000FEF7BCFA04B010BD49B2EFE7D8CD050064
:10956000B99203001F00023B1F00023D1F00023C96
:109570001F0004461F0002461F000346FFF7AABF54
:10958000FFF7A8BF2DE9FF41174CDFF87080227864
:1095900098F8003005460E4601201449EFF7A8FD63
:1095A00024780027DCB112490120EFF7A1FD2746FE
:1095B000012498F800308DF804308DF805400CB186
:1095C0008DF806700B4B029301AB0393C82202ABDC
:1095D00031462846EDF721FE04B0BDE8F08106498A
:1095E0000120EFF785FDE4E76836002006AF0500AF
:1095F0001CAF05000109030029AF050069360020F2
:10960000F0B4D0F87854D0F87C44491B8C4216460C
:1096100026D90A01B2FBF4F254432709A1EB141135
:1096200086B900EB4200B0F88034C3F30E038B42DE
:1096300016D14FF6FF73A0F88034F0BC1249012018
:10964000EFF756BD3478042C0AD100EB42004FF6F8
:10965000FF76B0F88044B44204D00BB1230403D5A4
:10966000F0BC70478CB223B16FEA41416FEA5141BF
:109670008CB2A0F88044EB19C4F30E0423440349D0
:10968000F0BC0120EFF734BD4CAF05006CAF050016
:109690000023FFF7B5BF0123FFF7B2BF012300226C
:1096A000FFF7AEBF10B5074904460120EFF720FDD4
:1096B0000023C4E91433C4E91633C4E91833A3669C
:1096C00010BD00BF8DAF0500A0F12400FFF7EABF79
:1096D00008B502230374054B1B6803621BB90449D8
:1096E0005B20EEF7A7FC012008BD00BF043100207D
:1096F000B7AF0500A0F10800FFF7EABF08B50529DC
:109700000CD8DFE801F0030B0B070509C06808BDA2
:109710004069FCE7C069FAE7406AF8E704490120BC
:10972000EFF7E6FC034940F2EF50EEF783FC00BF91
:10973000F6AF050033B00500A0F10800FFF7DEBF6B
:10974000A0F11000FFF7DABFA0F11800FFF7D6BFB5
:10975000A0F12000FFF7D2BF08B502484FF4C07156
:1097600014F074FB8AB0050010B50446EFF706FA52
:10977000204610BD10B50446EFF700FA204610BD94
:1097800010B50446EFF7FAF9204610BD10B50446AF
:10979000EFF7F4F9204610BD10B50446EFF7EEF9E7
:1097A000204610BD70B505690446EEF763FB2B68D3
:1097B0009B68834204D009484FF4817114F046FB42
:1097C000E2686168A368551001EB6200D20748BFE8
:1097D0004A59BDE8704048BFD358184770B00500DB
:1097E00070B505690446EEF745FB2B689B6883421C
:1097F00004D009484FF4817114F028FBE2686168D5
:10980000A368551001EB6200D20748BF4A59BDE872
:10981000704048BFD35818479DB0050070B5056922
:109820000446EEF727FB2B689B68834204D0094867
:109830004FF4817114F00AFBE2686168A368551067
:1098400001EB6200D20748BF4A59BDE8704048BFEB
:10985000D3581847E7AF050070B505690446EEF721
:1098600009FB2B689B68834204D009484FF481713F
:1098700014F0ECFAE2686168A368551001EB62002D
:10988000D20748BF4A59BDE8704048BFD35818476F
:10989000B26F05002DE9F041037E88B0064604ACA6
:1098A00002AD13B300270776EEF7D7FA80462046BD
:1098B000ADF81070EEF7BAFABDF81030CDF8188098
:1098C0004FF47A72E0FB0237A3FB023102FB07126E
:1098D000CDE90432114B1249CDE902342A46304613
:1098E00017F04EF908B0BDE8F0810DF10600ADF8B3
:1098F0000630EEF79BFA0B4ABDF80630A0FB0221BA
:109900004FF47A7043439B1841F10001CDE90231D5
:10991000054B0649CDE904352246E0E7010703007F
:109920000107010040420F0008000300000701008A
:1099300007B5044BCDE900326A4617F021F903B0B0
:109940005DF804FB0100030037B50446C06BFFF768
:109950005BFC94F84E30B0F5806FACBF002501255C
:10996000AB4208D006498DF807500DF1070204F10B
:109970002400FFF7DDFF84F84E5003B030BD00BF78
:1099800001340100F8B5CB88B3F5505F04460D46AD
:1099900000F1240612D1C06B0368DB6B98470028E6
:1099A0000CBF4FF4FA77C8272046FFF7CDFF3A46A1
:1099B00029463046BDE8F840EDF72DBC40F2F712DD
:1099C000F7E7A0F12400FFF7DDBF000010B5034B5F
:1099D00003600446ECF756FF204610BD00CD05009D
:1099E00010B5034B03600446ECF74CFF204610BD56
:1099F000C4CB050010B50446FFF7E8FF204619F078
:109A00006BF9204610BD10B50446FFF7E9FF20466C
:109A100019F062F9204610BD10B5044619F05CF942
:109A2000204610BD10B5064A02210446EFF7A6FCF9
:109A3000C82814BF052301232374012010BD00BFD3
:109A400060CD0500A0F10800FFF7ECBF38B5002499
:109A5000C0E91444C0E91644C0E9184484660546C8
:109A6000054A06212430EFF789FCC82804BF0124E9
:109A700085F83440204638BD74CB0500A0F12C0099
:109A8000FFF7E4BF10B5064A044602212430EFF781
:109A900075FCC82806BF012084F83400002010BDE2
:109AA000A2BD0500A0F12C00FFF7ECBF08B50449EA
:109AB000EFF75CF8034A00231360034A136008BD04
:109AC00060CD05007C3D0020783D0020A0F108001D
:109AD000FFF7ECBF10B5064904462430EFF746F80F
:109AE000002384F83430012384F8443010BD00BFD3
:109AF000A2BD0500A0F12C00FFF7ECBF38B10A466B
:109B00000023C0E9082301212830EFF720B870476F
:109B100038B5CB88B3F5E06F04460D4610D040F25F
:109B2000017293420ED10123037600212830EFF712
:109B30000EF8C82229462046BDE83840EDF76BBB39
:109B4000C822F9E74FF4CA72F6E70000F0B589B011
:109B500002AE0027054630460C46ADF80870EEF719
:109B600065F9BDF808304FF47A713A46E0FB0132EE
:109B7000A3FB013001FB0201E288B2F5E06F1DD0CA
:109B800040F20170824217D1CDE902318DF8187090
:109B9000EEF763F94FF48063059301238DF81830D5
:109BA00014230793094B0490CDE90036C8226B4675
:109BB00021462846EDF731FB09B0F0BDCDE9023171
:109BC00032462146284611F087FFF5E700070300DB
:109BD0002DE9F0434B680D46234943F00F038B42B8
:109BE00087B004463BD1D06815F046FE1F4B984223
:109BF0001F4B71EB030307460E4608DA4FF4C87299
:109C00002946204607B0BDE8F043EDF704BB4FF40A
:109C10007A7200231BF018FB02460B4680468946E9
:109C200001201449EFF764FA134BC3E90089EEF7FA
:109C3000B7F8EEF712F9114B114904906A460093F8
:109C4000204602AB0193CDE9027616F099FFEEF7BC
:109C5000CDF800230246C4E90823C822D0E709480A
:109C600040F2391114F0F2F80F00000700A0BE1DF9
:109C7000FD440500AEB00500883D0020010703004B
:109C8000010701009DB005001FB5174904460A22CF
:109C9000684619F0E5F96A46052104F11000EFF76E
:109CA0006DFBC82804D000200423237204B010BD2B
:109CB0004FF4106104F11C00EFF7FEFBC828F2D14D
:109CC0004FF4206104F14800EFF7F6FBC828EAD111
:109CD000064A012104F18000EFF750FBC828E2D1C9
:109CE00001200346E1E700BF34CD05003ECD05006D
:109CF00010B50C6803469CB1D4F8D40080B1B4F818
:109D0000D820598891420BD838BF0A46194619F015
:109D1000A7F904F1DC000121BDE81040EEF717BF00
:109D200010BD00001FB5044612490A22684619F00A
:109D300097F96A46052104F11000EDF780F94FF418
:109D4000106104F11C00EDF7B9F9C82803D00A48E6
:109D50002D2115F0D5F9094904F18000EDF78BF9B3
:109D6000C82803D00648332115F0CAF9002323720E
:109D700004B010BD34CD0500C0B005003ECD0500D7
:109D80004AFD050038B5064B064A00251D6004460D
:109D9000054B0D211D60EDF752F9257438BD00BF4C
:109DA00098ED002082CB050060ED0020A0F10800B6
:109DB000FFF7E8BF10B5054A044606212430EDF749
:109DC0003EF9002384F8343010BD00BF74CB050089
:109DD000A0F12C00FFF7EEBF4B6837B5214A43F0E6
:109DE0000F03934204460D4623D00CD8A2F500324F
:109DF00093421BD002F5803293421CD040F2F51200
:109E0000294620461CE0184A934228D002F58032A9
:109E10009342F3D1154B1B68C3F52D430193C82220
:109E200001AB29462046FBF7F7FF16E00F4B1B68F6
:109E3000F4E70F4BFBE790F909305A1C05D1CC220F
:109E400003B0BDE83040EDF7E6B9003B18BF012391
:109E500001AA8DF8043012F093F903B030BD4FF42D
:109E60002D43DBE71F0008081F0009087CEB0020DA
:109E700070EB002010B5064B03603C33044640F8FD
:109E8000083FEDF73DFB2046ECF7FCFC204610BDFB
:109E900080CC0500A0F10800FFF7ECBF10B5044628
:109EA000FFF7E8FF204618F017FF204610BDA0F18D
:109EB0000800FFF7F3BF000010B5064B03603C330A
:109EC000044640F8083FEDF71BFB2046ECF7DAFCB0
:109ED000204610BD00CC0500A0F10800FFF7ECBF44
:109EE00010B50446FFF7E8FF204618F0F5FE2046BF
:109EF00010BDA0F10800FFF7F3BF000010B590F807
:109F00002B406CB1002280F82B202046FDF76AFD23
:109F1000044B1B78A34203D00348972113F096FF0C
:109F200010BD00BF68360020C0B00500A0F10800D9
:109F3000FFF7E4BFF7B51346044601220E4601A819
:109F4000D96819F08DF89DF804500123AB404FF605
:109F50003E42134208D14FF4C8723146204603B046
:109F6000BDE8F040EDF757B975B3194F3A7822B90B
:109F7000032D14D140F2F512EFE7954224D1032DC1
:109F8000F8D031462046CA22EDF745F911490122A1
:109F900004F1080003B0BDE8F040EFF7CBBC84F853
:109FA0002B50642104F10800EDF77BFB4FF6FF73A3
:109FB0009842E6D12846FDF715FD3B78AB42E0D04C
:109FC0000548752113F042FF40F29912C5E700BF22
:109FD000683600201F00000AC0B0050038B50446EE
:109FE000C822EDF718F9A58D4FF6FF739D4211D1E8
:109FF000002222634FF4967104F10800EDF751FB43
:10A00000A842A08506D1EDF728FF2063BDE83840BF
:10A0100011F036BD38BD838E10B5013B04468386F2
:10A02000C822EDF7F8F8A38E63B9A18D4FF6FF7340
:10A03000994203D004F10800EDF7C0FBBDE81040E1
:10A0400011F01EBD10BD000073B5066B04461EBBAB
:10A050001449EDF797F80546EDF7FFFEC82D20638C
:10A060001AD1324642F2107104F10800EDF719FBE3
:10A070004FF6FF7398424FF00103A0858DF807302B
:10A080000DF107024FF48531204603D0FFF750FC55
:10A0900002B070BDFFF74CFC02B0BDE8704011F09B
:10A0A000EFBC00BF1F00000AA0F10800FFF7CCBF03
:10A0B0002DE9F04F7E4FF9B0CDE906010DF19C0975
:10A0C000386879684B46002403C348460DF1880878
:10A0D000CDE929442B9413F0EDFC38687968269477
:10A0E000434603C3142140463025CDE9244414F0EF
:10A0F000BBFC2022214636A8359519F0E9FC35A88D
:10A10000FDF742FC0D22214614A8139519F0E0FC3E
:10A110003EA8FDF723FC002800F0BF80654913A886
:10A1200018F0E4FE3EA8FDF719FC0446002840F0B4
:10A13000BA8003220DF5A37108A818F0E1FF8DF88D
:10A1400022400FA8F5F7DCFB40B93EA8F5F7B4FDB7
:10A1500006220DF1F9010FA818F082FF4FF080538D
:10A160002CACD3F8A4203E92D3F8A8300FAD3EAE6D
:10A1700043F440430622314620463F9318F070FFD7
:10A180002B7804936B780393AB780293EB7801936D
:10A190002B7900930DF1740B6B79474A12215846C5
:10A1A00019F02EF92378444A01330493637803931A
:10A1B000A3780293E3780193237900930DF1600A69
:10A1C00063791221504619F01BF93C4BC5E9003B5D
:10A1D0003B4BC5E9023A002323703046FDF7BEFB36
:10A1E000824638B921220DF29911204618F088FFD5
:10A1F00084F820A0334A7869516894F800B00DF1D2
:10A200002C0A534603C3E62200213046CDE90D1146
:10A2100019F05EFC3046FDF7A1FB28B910220DF2C3
:10A220006711504618F06CFF08AA4592264A4692DC
:10A23000264A479235AA4892254ACDF8F8A01268D6
:10A24000499213AA00234A920222CDE940398DF89F
:10A25000FC308DF80C3144938DF82C31ADF8303151
:10A260004D93ADF83C2101231A4ACDF808818DF8B1
:10A27000383150955192BBF1000F02D08DF80C315E
:10A280004494154BDDE90601CDE90936C82209AB36
:10A29000ECF7C3FF79B0BDE8F08F112262A913A8D3
:10A2A00018F02EFF3EE74323ADF8203049E700BF0A
:10A2B000F1CD05003B6405009CCB0500DBB005003B
:10A2C000D7B0050005CE0500DFB005006D310020D8
:10A2D000702B0020BE030600030D03004B68054AE7
:10A2E00043F00F03934201D1FFF7E2BE4FF4C8726F
:10A2F000ECF791BF1F00000D38B5124A0D2105463D
:10A30000EFF73CF8C8281BD10F4B05F118021A6073
:10A310000E4B05F11C0201241A602C7400224FF42C
:10A32000FA712846ECF751FF4FF6FF739842A5F8F3
:10A33000440003D106494820EDF77CFE204600E0AA
:10A34000002038BD82CB050098ED002060ED002094
:10A35000B7AF0500A0F10800FFF7CEBF70B5856C60
:10A360000446D5B9134B1E88731E9BB24FF6FD727F
:10A3700093421CD810490120EEF7BAFE226A01234D
:10A380004FF47A71A364714382F84A3020462A461A
:10A39000ECF71BFFA4F8440070BD012DFCD1074968
:10A3A0002846EEF7A5FE236A002283F84A200223FE
:10A3B000A364F1E7ACEC0020E3B005000DB10500AB
:10A3C0002DE9F04194B01D461B7900936B7904464A
:10A3D0000E46174601200A461149EEF789FE4FF056
:10A3E0000008062229460DF109008DF808808DF835
:10A3F0000F60ADF8117018F033FE206CEEF766FEBA
:10A4000002A904F12C0011F00DFB414604F12400D7
:10A41000EEF79DFB206CEDF7FDFD14B0BDE8F0817B
:10A4200038B10500A0F11800FFF7CABFF0B593B02E
:10A430001D469DF8687001231646044606220DEB62
:10A4400003008DF8003018F00BFE1F2F3A461999C3
:10A4500028BF1F220DF1270018F002FE9DF8603082
:10A460008DF846708DF807308DF80860BDB11E225A
:10A4700029460DF1090018F043FE206CEEF726FE88
:10A48000694604F12C0011F0CDFA002104F12400FA
:10A49000EEF75DFB206CEDF7BDFD13B0F0BD8DF860
:10A4A0000950EAE7A0F11C00FFF7C0BF2DE9F04F0B
:10A4B00000F13803A7B004460021BFF35B8F53E8D7
:10A4C000002F43E800100028F9D1BFF35B8F1AB1C9
:10A4D0004C490120EEF70CFEDFF83C81DFF83C919F
:10A4E000DFF83CA11EE09DF85770BDF859B0464911
:10A4F00000965B463A460120EEF7FAFD01238DF8FF
:10A500004430424B079342498DF83C500EAB1095B6
:10A510000E96CDF848B08DF84C70089307AA2046E7
:10A5200016F02EFB256B636B9D4268D0E16B4722D2
:10A5300002FB051114A818F093FDE26ABFF35B8FCC
:10A540006B1CB3FBF2F102FB113304F1300252E851
:10A55000001FA94203D142E800300028F7D1BFF321
:10A560005B8FDFD19DF8513004939DF852300393F7
:10A570009DF8533002939DF85430019309AE9DF835
:10A580005530009342469DF856301221304618F05F
:10A5900037FF9DF85050002DA5D0012DC2D19DF858
:10A5A000573000930DF159079DF9583001974946EE
:10A5B00028463246EEF79CFD00238DF84830139371
:10A5C0009DF857308DF83C309DF858308DF83D306F
:10A5D0009DF89630ADF840301E210DF177033846D6
:10A5E0000E96119318F09FFD10B18DF848501397F7
:10A5F0000EAB0849CDF81CA0089307AA8FE727B037
:10A60000BDE8F08F83B10500A7B105000A3703004C
:10A61000053701000937010051B20500FCB1050002
:10A620000C37030070B504460D4601201349164649
:10A63000EEF75EFD237C022B07D040F2F71229468D
:10A640002046BDE87040ECF7E6BDEA8843F20173AE
:10A650009A4210D1736843B1338933B1084901205C
:10A66000EEF746FD40F2F512E9E7064B1868F5F7FC
:10A6700075FBC922E3E74FF4CA72E0E76FB2050049
:10A6800093B20500043100202DE9F3470E4605463C
:10A69000234901201446EEF72BFDF38843F205729F
:10A6A000934237D043F20972934235D163682F6ADF
:10A6B00043B3238933B308342046ECF783FC90F886
:10A6C00000802046ECF77EFCB0F806902046ECF7C0
:10A6D00079FCB0F804A02046ECF774FC43880093A2
:10A6E0004A46534641463846F5F74AFB00280CBF18
:10A6F0004FF4FA72C8223146284602B0BDE8F0474E
:10A70000ECF789BD0023009342F210724FF4FA7304
:10A710000121E8E7C822EEE740F2F712EBE700BFBD
:10A72000B8B20500CA8843F209739A4270B504466C
:10A730000D4604D1066AF5F7CDFA00233371294698
:10A740002046C822BDE87040ECF765BD1FB590F803
:10A750006C2042B1436F039303AB00930349044B56
:10A760008022F0F789F805B05DF804FB0F0006348D
:10A77000202F0020A0F12400FFF7E8BF30B585B0FE
:10A780004FF0FF3300F12404019302230DEB030586
:10A79000ADF80210204601A9ADF80830039511F07C
:10A7A00015F9002301A92046ADF80830039511F0F2
:10A7B0000DF901A9204611F009F901A9204611F06F
:10A7C00005F905B030BD0000084B10B503604C33EF
:10A7D000044683602830EDF7CFFB04F1080014F045
:10A7E0005BFE2046ECF74EF8204610BD6CCD050010
:10A7F000A0F10800FFF7E8BF10B50446FFF7E4FF3B
:10A80000204618F069FA204610BDA0F10800FFF7B5
:10A81000F3BF00000F4B10B5044640F8B83B08F0FA
:10A8200001FB04F18800FFF7CFFF04F18000FFF780
:10A83000D7F804F14800FFF73FFB04F11C00FFF7D5
:10A8400019FB04F11000FFF7C1F8204614F024FEB4
:10A85000204610BD48CD050010B50446FFF7DAFFCD
:10A86000204618F039FA204610BD07B503460022ED
:10A87000084601A90192FEF7E9FB30B1019A1344A1
:10A8800093F84D02003818BF012003B05DF804FBB7
:10A8900010B504210446FFF7E8FF032180B92046E4
:10A8A000FFF7E3FFC8B905212046FFF7DEFF0146A9
:10A8B000A8B92046FFF7D9FF002814BF01210521C0
:10A8C000631804F5B67093F85B2284F8702184F85D
:10A8D0006F11BDE8104013F0ABBE0221F0E7042178
:10A8E000EEE707B50346FF22084601A90192FEF7ED
:10A8F000ADFB68B1019A1A4492F84D1241B1013989
:10A90000184682F84D1203B05DF804EBFFF7C0BFA4
:10A9100003B05DF804FBA0F10800FFF7E2BFA0F16F
:10A920001000FFF7DEBFA0F11800FFF7DABFA0F1BB
:10A930002000FFF7D6BF0000F7B50E460446FF2300
:10A9400001A930460193FEF781FB074610B3019D34
:10A950009D4204D1384940F2AC50EDF76BFB052E17
:10A960004FD8DFE806F0034E4E1B2C3D0321204656
:10A97000FFF77BFF50B904212046FFF776FF28B987
:10A9800005212046FFF771FF002844D02B49012004
:10A99000EEF7AEFB0027384603B0F0BD002120469D
:10A9A000FFF763FF48B904212046FFF75EFF20B997
:10A9B00005212046FFF759FF18B32149E7E7002199
:10A9C0002046FFF752FF48B903212046FFF74DFF0D
:10A9D00020B905212046FFF748FF90B11949D6E775
:10A9E00000212046FFF741FF48B904212046FFF728
:10A9F0003CFF20B903212046FFF737FF08B1124979
:10AA0000C5E7254495F84D32013385F84D3220468F
:10AA1000FFF73EFFBFE7254495F84D620136F6B2D9
:10AA2000012E85F84D62F2D1EDF717FA002818BF14
:10AA30000646C4F85462EAE733B00500D0B2050018
:10AA40000CB3050049B3050080B30500A0F1080070
:10AA5000FFF772BFA0F11000FFF76EBFA0F1180062
:10AA6000FFF76ABFA0F12000FFF766BF1FB50B68B4
:10AA700042689A420AD043600393064B0022CDE914
:10AA80000102186810B101A9FCF73AFA05B05DF8A7
:10AA900004FB00BFA42F00201FB50B6842689A4238
:10AAA0000AD043600393064B0522CDE901021868E2
:10AAB00010B101A9FCF724FA05B05DF804FB00BF52
:10AAC000A42F0020D1ED007A90ED006A91ED017A7B
:10AAD000D0ED026AD2ED005A36EE676AD0ED017A07
:10AAE00077EEC77A91ED027A76EEC76A92ED037A35
:10AAF00027EE877AA6EE257AD2ED065AA6EEA57A3B
:10AB0000D2ED015A80ED007A92ED047A27EE877A31
:10AB1000A6EE257AD2ED075AA6EEA57A80ED017A47
:10AB200092ED057A67EE877A92ED027AE6EE077A81
:10AB300092ED087AE6EE877AC0ED027A704700005F
:10AB400008B503781BB903482E2113F07FF90130B3
:10AB500008BD00BF70B005002DE9F04390F83050FB
:10AB6000022D87B004460E4606D040F2F71207B019
:10AB7000BDE8F043ECF74FBBCB88B3F56C5F00F05A
:10AB80007B8109D8B3F5645F58D043F601118B423D
:10AB900031D040F2F71237E0B3F5705F00F0A281D8
:10ABA000B3F5745FF5D102F10800ECF70BFA94F8F5
:10ABB0006D210388002A40F0CE81B3F5C87F00F0F4
:10ABC000C681B3F5487F00F0C481B3F5966F03D01A
:10ABD000B3F5C86FDDD10325AF4A84F83852535D11
:10ABE00084F882312046FDF7ABFD94F836122046FA
:10ABF000FCF76CFF20E002F10800ECF7E3F90378C2
:10AC0000042B04D94FF4C87231462046AFE7012B1C
:10AC100003D143783F2B07D9F4E7022B02D14378C5
:10AC2000072BF8E7042BFAD00388A4F82C3203781A
:10AC30004278234483F85B22C822E5E702F108004A
:10AC4000ECF7C0F903788DF8083013B142788DF82D
:10AC5000092087788DF80A7017B1C2788DF80B201B
:10AC600005798DF80C5015B142798DF80D2090F8CA
:10AC700006808DF80E80B8F1000F22D0C2798DF8D1
:10AC80000F20002B40F09E8087B10DF10A00FFF7E6
:10AC900057FF0378032B40F29F804FF4C872314670
:10ACA0002046ECF7B8FA07B0BDE8F083002D00F0BD
:10ACB000988003A8FFF744FF03781F2B40F2918090
:10ACC000EBE7002B7ED1002FDFD1002D40F09380E9
:10ACD0000DF1050301AA0DF103010DF1020013F0BE
:10ACE0004DFD28B94FF4FA7231462046ECF793FA3D
:10ACF0009DF808302BB102A8FFF722FF03788DF8EA
:10AD000002309DF80A3033B10DF10A00FFF718FF49
:10AD100003788DF803309DF80C302BB103A8FFF7B2
:10AD20000FFF03788DF804309DF80E3033B10DF12C
:10AD30000E00FFF705FF03788DF805300023012290
:10AD40000DF106015A209DF802909DF803509DF8E0
:10AD500004809DF805708DF806308DF807308DF869
:10AD6000103010F011FF50B301220DF107015920EE
:10AD700010F00AFF18B3012204A9582010F004FFB4
:10AD8000E8B19DF80630A90003F0030341EA091178
:10AD900019439DF8073023F01F0348EA03089DF884
:10ADA00010308DF8078023F00E03C9B21F435A20DC
:10ADB0008DF806108DF8107010F0F7FE50BB4FF4B0
:10ADC000FA726CE702A8FFF7BBFE03780F2B3FF681
:10ADD00064AF002F7FF459AFADB9B8F1000F3FF465
:10ADE00077AF0DF10E00FFF7ABFE037813F0F10F14
:10ADF0003FF46EAF51E703A8FFF7A2FE03781F2BC5
:10AE00007FF666AF49E703A8FFF79AFE03781F2B8A
:10AE1000E3D942E79DF80710592010F0C6FE00283C
:10AE2000CDD09DF81010582010F0BFFE0028C6D0DD
:10AE300001239DF802208DF808308DF80A308DF836
:10AE40000C308DF80E309DF805308DF809208DF806
:10AE50000F309DF80320114B8DF80B2004939DF8C3
:10AE600004208DF80D2002AB0593C82204AB3146B7
:10AE70002046ECF7D2F916E702F10800ECF7A2F849
:10AE80000378022B0CD0042B2AD0082B09D0102BCE
:10AE90007FF47FAE032504E0E4CD05000139030013
:10AEA0000025304A84F83752535D03F00C0384F8D0
:10AEB00080310122002304A910208DF8103010F0F9
:10AEC00063FE48B19DF8103094F8801123F00C0314
:10AED0001943102010F069FE2046FDF731FCABE667
:10AEE0000125DEE702F10800ECF76CF803687D2B22
:10AEF00027D0F52B27D0B3F5FA7F07D0B3F57A7FAB
:10AF000023D0B3F5FA6F7FF444AE0425164A84F8D3
:10AF10003952535D03F00E0384F88131012200237E
:10AF200004A911208DF8103010F02EFE0028D3D087
:10AF30009DF8103094F8811123F00E03194311206D
:10AF4000C8E70025E2E70125E0E70325DEE715462F
:10AF500042E6012540E641F2883293427FF419AE81
:10AF60006AE600BFEDCD0500E8CD050070470000A2
:10AF7000012808B503D90648772112F067FFCB0BEB
:10AF800003F00603A03303EBC0035B08137008BD96
:10AF9000346905002DE9F0471F46234B1C68234BFD
:10AFA00084428CBF4FF0000A4FF0010A04FB1A09DB
:10AFB00086B005460E4613F80A00904649460DF144
:10AFC0001702FFF7D5FFB9F5802F03D318488A2160
:10AFD00012F03CFF174BFF2E31464FEA192228BFD3
:10AFE000FF211A7083F801906B189C428CBF0023DC
:10AFF0000123534511D1CCB21423CDE901430D4AAD
:10B000009DF81710CDF80080022301200BF052F8B4
:10B0100007B13C6006B0BDE8F087641B064901201B
:10B02000E4B2EEF765F8E7E7EC300020E830002006
:10B0300034690500ECEF0020BCB30500274B1B78FA
:10B040002DE9F74306460C46154623B940F2351163
:10B05000234812F0FBFE11B94FF49B71F8E712B9C7
:10B0600040F23711F4E70A181E49D1E900310B44C8
:10B070009A420FD8DFF87480D8F80000EEF726F86F
:10B08000194B93F80090B9F1000F08D0D8F80000E0
:10B09000ECF7C0FF0027384603B0BDE8F08301207D
:10B0A0000AF0B8FE01AB2A4621463046CDF804909E
:10B0B000FFF770FF074620B1019BE41A1E441D44B0
:10B0C000F0D101200AF01AFFD8F80000ECF7A2FF37
:10B0D000ECF7BAFF0028FBD1DDE700BFFC30002011
:10B0E00034690500EC300020F5300020F8300020F5
:10B0F0002DE9F04F13460446002587B00E4617464B
:10B1000001200A463E49EDF7F3FFC4E90155C4E9C1
:10B110000355236829465B6A2046984723682946D9
:10B120009B6A2046984723682946DB6A2046984751
:10B13000236829461B6B2046984706F20F13C4E983
:10B1400005673E44B34203D985212E4812F07EFEA6
:10B150002E462F46A846AB464FF0FF3AA9466069F7
:10B16000CDF8149003AA0C212844CDE90399FFF7E8
:10B1700065FF10B940F24521E7E7BDF80C304EF607
:10B18000C572934226D1DDF80E80DDF81270BDF84D
:10B190001660AA469B460C35FC2DE0D1E7B1721C27
:10B1A00092B2A4F808B0C4F80A80C4F80E70C4F8CB
:10B1B00004A062821449CDF800803B460120EDF7DF
:10B1C00097FF0023237723681B69204607B0BDE85B
:10B1D000F04F1847002DDED10C490120EDF788FF14
:10B1E00001236382636903F58073C4F80E304FF066
:10B1F000FF336381A3814FF480736360E1E700BF95
:10B20000D6B3050008B405001FB4050058B4050006
:10B21000F8B505460C4623695A1C1FD02178627880
:10B22000F9B90121605C8AB220B901310F29F9D145
:10B23000013292B21344D5E905120A440F3A9A42F8
:10B2400038BF01F58071236138BF21612069D5F8CD
:10B250000E3098420CD14FF0FF3323610026304668
:10B26000F8BD0E2AE6D84FF488711D4812F0EEFDA5
:10B2700022460F21FFF7E2FE30B91A490120EDF70F
:10B2800037FF4FF49171F0E72378012BC3D90021E8
:10B290002046FDF73AFF0646D0B913490120EDF7E5
:10B2A00027FF2369C5F80E302846FDF787FF0F4BAF
:10B2B0001C684FF0FF36002CD0D02169A7694B1CC9
:10B2C00004D02846FDF748FF00B926613C46F2E766
:10B2D0006B6A002BC3D02169286A22469847BEE7D3
:10B2E00008B4050083B4050098B4050098EF002069
:10B2F00070B50C46114606461546FDF72DFF48B9B8
:10B3000014490120EDF7F4FE4FF0FF3323610025CF
:10B31000284670BD256122460F212846FFF78EFE84
:10B3200040B90D490120EDF7E3FE0C4840F25511FC
:10B3300012F08CFD00212046FDF7E7FE054608B916
:10B340000749DEE7736A002BE2D02169306A2246A2
:10B350009847DDE7AEB40500C3B4050008B40500A6
:10B36000D6B4050010B522B940F275110D4812F09F
:10B370006DFD0869441C11D04C780299E41A0F3C09
:10B380008C42A8BF0C46002C08DB0F332146184422
:10B39000FFF754FE18B940F28111E7E70024204678
:10B3A00010BD00BF08B40500254B1B782DE9F743FD
:10B3B00006460C46154623B940F29D11214812F06D
:10B3C00045FD11B94FF4CF71F8E712B940F29F1162
:10B3D000F4E70A181C49D1E900310B449A420FD80E
:10B3E000DFF86C80D8F80000EDF770FE174B93F88B
:10B3F0000090B9F1000F08D0D8F80000ECF70AFE71
:10B400000027384603B0BDE8F08301200AF002FDB2
:10B4100001AB2A4621463046CDF8049012F0B2FE28
:10B42000074620B1019BE41A1E441D44F0D10120BF
:10B430000AF064FDD8F80000ECF7ECFDE1E700BF8E
:10B44000FC30002034690500EC300020F53000208D
:10B45000F83000202DE9F04788B06E46904604464B
:10B460001F460D4601F10802B14628686968334657
:10B4700003C3083595421E46F7D128681860AB799A
:10B48000AA88B280B37141464846FDF73EFED4F823
:10B490000A30013318D0664E4FF0FF3A2046FDF7D0
:10B4A000B3FE9DF8012003469A42D4F80E0040F303
:10B4B000A480D4F80A5085425AD2D4E905351D44F7
:10B4C0002D1A29D1CC2109E060694246494600F590
:10B4D000807010F08BFA20B94FF4E471554812F0E7
:10B4E000B5FC636903F58073C4F80A303B609DF8CE
:10B4F0000130626903F580731344C4F80E30A36A07
:10B500001BB13968206A4A4698472046FDF756FE27
:10B51000012008B0BDE8F087022D18D8464A294618
:10B52000FFF742FF0028B9D0D4E90531D4F80E2046
:10B5300019442A448A4228BF03F58073C4F80E20B8
:10B54000204628BFC4F80E30FDF738FEA6E70023DA
:10B55000CDE90533ADF81230ADF81C308DF81E3052
:10B5600001238DF811508DF8103004AA0221D7E77D
:10B57000002304AA02212846CDE904330693ADF83E
:10B580001C308DF81E30FFF759FD10B94FF4EF71E4
:10B59000A4E79DF81030D4F80A503BBB9DF8113059
:10B5A000002B0CBF022301238DF81130D4F80A3090
:10B5B000AB427FF473AF9DF811306269A1692B44EF
:10B5C000C4F80A3011440F338B4288BF02F58072F1
:10B5D000336888BFC4F80A20002B3FF45FAF1A69B4
:10B5E000954208BFC3F810A09B69F5E7E36A002BFA
:10B5F000DCD0206A29469847D8E74246494610F0F1
:10B60000F5F910B940F2062168E7D4F80E303B6036
:10B61000D4F80E209DF801301A44D4E905311944BC
:10B620008A42C4F80E20FFF46AAF03F5807364E722
:10B6300098EF002008B4050080CB050073B51D46C7
:10B6400001AB0E46FFF706FF044630B1019B2B61AC
:10B650000F223146284617F003FD204602B070BD88
:10B6600007B501ABFFF7F6FE03B05DF804FB000081
:10B670002DE9F0411D4B1E78A2B005460C4626B9B7
:10B680001B484FF4ED7112F0E1FB8022FF2102A86C
:10B6900018F01EFA1749D1E900312A190B449A42D1
:10B6A00022D8154F3868EDF711FD01200AF0B2FBE2
:10B6B0004FF00008802C214601AB28BF802102AA50
:10B6C0002846CDF8048012F05DFD18B1019BE41A04
:10B6D0001D44EFD101200AF011FC3868ECF79AFC08
:10B6E000304622B0BDE8F0810026F9E7FC300020AA
:10B6F00034690500EC300020F83000207FB5067F6B
:10B70000044646BB436803F10C051833B3F5807F4C
:10B71000456007D940694FF48071FFF7A9FF00B178
:10B7200066600025A068E16801AB03C3206918606A
:10B7300060694EF6C57301AA0C212844ADF80430A7
:10B74000FFF732FE20B905484FF4207112F07EFB5E
:10B7500001236560237704B070BD00BF08B4050005
:10B7600037B5044612490120EDF7C2FC60694FF479
:10B770008071FFF77DFF054630B90E490120EDF7D6
:10B78000B7FC284603B030BD00236360D4E905232D
:10B79000D118019102F58071009101200649EDF761
:10B7A000A7FCD4E905122046FFF7A2FCE9E700BF99
:10B7B000EAB4050011B505002EB50500054B187853
:10B7C00038B1054A0128136802D050681844704700
:10B7D00018467047F4300020EC300020704700001D
:10B7E00010B5034B0360044613F056FE204610BD0F
:10B7F000D47E050010B50446FFF7F2FF204617F08F
:10B800006BFA204610BD90F8553019442823B1FB3F
:10B81000F3F203FB121100EB410083884EF6602027
:10B82000012B82BF00EB5300B0FBF3F080B27047F6
:10B83000114B03F1540210B50360826003F17402EE
:10B84000803304468261C361006C18B90B4836210D
:10B8500012F0FCFAEEF7DEFAE06B12F00FFA04F1E8
:10B860002400ECF789FB04F1080013F015FE2046D4
:10B87000EBF708F8204610BDE0760500DA60050019
:10B88000A0F10800FFF7D4BF10B50446FFF7D0FFC2
:10B89000204617F021FA204610BDA0F10800FFF75E
:10B8A000F3BF70470E4B10B50446036000F584707B
:10B8B0000DF044FE04F14800FEF7ACFF04F13C003B
:10B8C000FEF78EF804F12C00EAF76AFF04F1240079
:10B8D00013F0D6FB2046EBF713FE204610BD00BF49
:10B8E0001874050010B50446FFF7DCFF204617F07A
:10B8F000F3F9204610BD000038B500254FF0FF33A6
:10B9000003610F22057045708570C5700571457122
:10B910008571C571057245728572C572057345736F
:10B9200085732946044618F0D3F8044A6561136804
:10B93000A36103B15C611460204638BD98EF00201C
:10B9400042690AB183699361836903B15A61034A09
:10B950001168814208BF1360704700BF98EF002054
:10B9600038B54FF0FF3200F26E44002334F8025F26
:10B97000002D18BF1A468D4205D14FF4847202FB88
:10B980000300503038BD0133042BEFD1022A0ADC0A
:10B9900002F2392320F813104FF4847302FB0333AF
:10B9A00050331844EEE70248762112F04FFA00BFF8
:10B9B00067B50500F0B54FF0FF350024056100F2D2
:10B9C0006E46024623464FF4847707FB0401013498
:10B9D000042C26F8023F02F5847202F8B73C02F804
:10B9E000B63C81F8573081F8583081F8593081F8E9
:10B9F0005A30956482F84C30E7D100F27E4300F271
:10BA00009E424FF6FF7123F8021F9342FBD1FF23A2
:10BA1000C360F0BD38B50546FFF7D0FE04460028E8
:10BA20003AD0A0F580441D4922460120EDF760FB85
:10BA30001B4923464FF480420120EDF759FB4FF498
:10BA400080412246E86BFFF753FB2C6C2046FFF742
:10BA5000B1FF6068036804F27C4204F58F615B6BA0
:10BA600098476068036821465B6A984760680D499B
:10BA700003689B6A984760680B490368DB6A9847CC
:10BA800060680A4903681B6B9847022385F83430C5
:10BA900085F84430012038BD0146D2E777B505006E
:10BAA00091B5050091960300979603009D960300BB
:10BAB000A0F12C00FFF7AEBF2DE9F14F00F26E466A
:10BAC00004460F4693461FFA81F9804600F2764AF3
:10BAD000334633F8022F4A450AD149462046FFF73C
:10BAE0003FFF43780F2B05460CD801B0BDE8F08F1F
:10BAF0005345EED125493A46012001B0BDE8F04F4B
:10BB0000EDF7F6BABBF1000F16D036F8022F7AB176
:10BB1000BA420DD098F8543153B11D4998F85130BC
:10BB20000120EDF7E5FA318800222046FFF7C4FF37
:10BB3000564508F58478E8D16068036805F110027D
:10BB4000DE68294604F13403B047A8B1002340F66B
:10BB500004722A80AB7060686B72AB720368A5F8E0
:10BB600007901B689847A5F80B00606803681B697D
:10BB700001B0BDE8F04F184706490120EDF7B8FACB
:10BB800005484FF4947112F061F900BFB7B5050094
:10BB9000D6B5050013B6050067B5050070B50446B7
:10BBA00000F26E4500F2764635F8021F19B1012207
:10BBB0002046FFF781FFB542F6D160680368BDE813
:10BBC00070401B6918470000CB88B3F5505F73B510
:10BBD00004460D4600F124061CD112490120EDF760
:10BBE00087FA246C2046FFF7D9FF606803685B681A
:10BBF000984701ABA4F85B00A4F86301A4F86B02BA
:10BC0000A4F873030190C92229463046FAF704F9D3
:10BC100002B070BD40F2F712304602B0BDE870408D
:10BC2000EBF7F9BA44B60500A0F12400FFF7CCBF4A
:10BC300070478378C27840781B0243EA0243184376
:10BC4000704700002DE9F04143F2054686B0B6EB9F
:10BC5000124F1D4604460C9B4FEA124153D043F24B
:10BC6000064291420FD14F495E682A460120EDF706
:10BC70003FFAB5F5C87F09D329462046FEF77EFD79
:10BC8000002384F86C3006B0BDE8F0813046FFF741
:10BC9000D0FF454902460120EDF72AFA216F0391B2
:10BCA00000233046CDE90433FFF7C3FF06F1090353
:10BCB000ADF8100030460593FFF7BBFF0144216744
:10BCC0003046FFF7B6FF20B103A904F124000FF0BE
:10BCD0007DFE642D0AD1636F029302AB009333495A
:10BCE000334B80222046EEF7C7FDCCE7C82DCAD1E2
:10BCF000012384F86D30636F029302AB00932D49EA
:10BD00002B4B8022EEE70027B5F5C87F90F86D80B9
:10BD10005E6880F86D7005D32946FEF72FFD84F824
:10BD20006C70B0E73046FFF784FF234902460120DC
:10BD3000EDF7DEF9216F03913046CDE90477FFF787
:10BD400078FFB8F1000F29D0083806F1110301443B
:10BD500004F1240782B22167384603A9ADF8102008
:10BD600005930FF033FE642DC5D0C82D8BD1236F02
:10BD70000393002503A909363846ADF810500596FF
:10BD80000FF024FE03A938460FF020FE03A9384621
:10BD90000FF01CFE84F86C50656774E706F1090328
:10BDA000D5E700BF63B6050096B605000F00063460
:10BDB000202F00200F000534BDB60500034B186886
:10BDC00018B100214430ECF7C2BE70475C2F002050
:10BDD00038B5154604460122006C290CFFF76CFEAD
:10BDE000FFF7ECFF04F16802002352F8041F8D42B4
:10BDF0001ED11B336FF47F4144F8231004F16C0211
:10BE000004F17C0000231BB913685B1A18BF0123DF
:10BE100004328242F7D193B9012384F8553004F1FA
:10BE2000480104F12400C822BDE83840EBF7F3B91B
:10BE30000133042BD9D10248C82112F007F838BDCC
:10BE4000DDB605000C4B10B503F16C020360A8339E
:10BE500004464262C3624430ECF78EF804F12C00D1
:10BE600013F01AFB04F12400EAF70CFD2046EBF76F
:10BE700047FB204610BD00BF2C750500A0F12C002B
:10BE8000FFF7E0BFA0F12400FFF7DCBF10B50446C8
:10BE9000FFF7D8FF204616F01FFF204610BDA0F187
:10BEA0002400FFF7F3BFA0F12C00FFF7EFBF000065
:10BEB00013B5044CCDE900436B46EBF7AEF902B085
:10BEC00010BD00BF0D000300014AC0E9002170470A
:10BED000050003002DE9F04FADF5197D4D7A039172
:10BEE00081461446EBF702FB039BDB88A3F5505316
:10BEF000C0F30720062B00F2D383DFE813F0FF0224
:10BF0000C503B703A703D1033501070099F86C30C7
:10BF10005BB1A84209D0AC490120EDF7E9F840F245
:10BF20009912039909F1240036E1D9F854300093AD
:10BF3000B9F85230B9F85020A4490120EDF7D8F8EB
:10BF4000636813B12289062A02D04FF4CA72E8E767
:10BF500000254FF48032012BCDE95425D9F85460E7
:10BF60008DF8585106D0238A23B1606913F03BFA4B
:10BF7000864226D1002304930DF25915B9F85030AA
:10BF80008BBB28469249082217F06AF8012308352E
:10BF9000A9F850300824B9F850004FF6FF739842C2
:10BFA0005CD0431CA9F85030431E012B54D9894B57
:10BFB000C11E53F83120904217D02621864811F037
:10BFC00045FF606913F00FFAC9E9145506460DF2F2
:10BFD00059153346D9F8542080490120EDF788F8E7
:10BFE00001230493CAE70024D5E703EBC1032A46E3
:10BFF000596809F021FA0444230A8DF85231230CC0
:10C000008DF85331B9F850308DF85141382B03D9A0
:10C010004FF6FF73A9F85030D9F854301C44049BF4
:10C02000C9F854400BB1A642D3DAB9F852200399AB
:10C030004FF6FF739A4204BF0023C9E9143309F194
:10C04000240019BF54AB642254ABC822FFF730FF61
:10C050000DF5197DBDE8F08F0020CCE7B9F852301E
:10C060008342D9D003F13907BFB2A7F1390B0133AD
:10C07000BBF12E0FA9F8523074D8DFF8748138F86C
:10C080003B30BB4201D0332198E714AB4FF4807AA8
:10C090005246184600211293CDF84CA017F018FD17
:10C0A00051464F4A0DF01CF808EBCB08ADF84E0096
:10C0B000B8F802A000235FFA83FBD34503F1010324
:10C0C0002DDBBDF84E3003F1FF381FFA88F84345E9
:10C0D00045D9BDF84C10129A012902EB080003D98A
:10C0E00008F10103994234D8002303701299ADF886
:10C0F0004E802A46384609F09FF90444230A8DF8F9
:10C100005231230C8DF85331B9F852308DF851412A
:10C110002E2B84BF4FF6FF73A9F852307CE710A88E
:10C12000002206210F910E900260828005930CF090
:10C13000D7FFD8F80420ADF83E0032F81B2029497B
:10C140000EA80FF0BFF90E9912A812F057FA059B2E
:10C15000B1E71A44A1EB08010CF0C2FFC6E74FF0AB
:10C160000008C3E70020C8E799F86C3013B1A84273
:10C170007FF4D1AED9E916231B490120ECF7B8FFB3
:10C18000636809F12402059213B12389062B09D0B3
:10C19000039905984FF4CA720DF5197DBDE8F04F6B
:10C1A000EBF739B8E06813F01EF9804612A8FFF7E4
:10C1B000A3FBD9F85830D9F83C6001331AD10B48A9
:10C1C0004FF4FD71FBE600BFECB605001BB70500A0
:10C1D0006CCB050034C8050062B705003EB705000A
:10C1E00071B7050077B705007BB70500B26F050092
:10C1F000ECC905006368D9F86850012B06D9238A79
:10C2000023B1606913F0EFF885420FD10695002342
:10C21000D9F8582007933368E2B95B6912A9304610
:10C2200098478346D8B94FF4CA725CE0606913F04E
:10C23000DAF8D9F8683006900246AD490120ECF7EB
:10C2400057FF0023C9E91633C9E91833C9F8683024
:10C250000123DDE7DB6912A930469847E1E7D9F809
:10C26000584000234FF4803CCDE954C38DF8583139
:10C270000CBB079B0BB1069B33B99E4908220DF2FC
:10C28000591016F0EDFE0824169B0133CBD0BDF8F3
:10C290005330434509D1D9F85850002D40F007825A
:10C2A0009DF84A30DF0740F10282336812A99B698A
:10C2B00030469847E8E71C46E6E7BDF84F3008935C
:10C2C0000898EAF7A9FCB5FA85F5031E4FEA55155B
:10C2D0000993A8BFC9F86030EB000493169B0133A3
:10C2E00006D14FF4FA7203990598EAF794FFC1E07A
:10C2F000D9F85CA0079B4BB1069B049A934223DCC0
:10C30000D9F868207C490120ECF7F2FE0027D9E932
:10C3100018239A4200D0CBB90023C9F86430099B96
:10C32000002B0FDA3368022200921B6A0EAA1D4608
:10C3300012A953463046A847BDF83830C9F86030D6
:10C340000AF1020A002302E0079FE0E75B46D9F802
:10C35000601008980B930A9102F080FFDDE90A1340
:10C360000028BED04BB90DF259131A1909F03CF848
:10C37000002F41D0049B03440493D9E918329B1A3F
:10C38000C4F58072934228BF134623B332680093EA
:10C39000136A0DF259121D462244534612A9304623
:10C3A000A847D9F864300344C9F8643037B3049A15
:10C3B00002440492D9F860209342824420D0B4F51C
:10C3C000807F1DD012AA1FFA88F1484612F07AFA2F
:10C3D0004FF0000A5B4616999DF849200131A2F101
:10C3E0000F0215D177B9C4F58073092B16D9924580
:10C3F00018D3C9F85C7069E00444BEE70444D9E787
:10C400005B46E8E7924568D2049BC9F868304CE087
:10C41000002F42D1C4F5807109292FD8924552D2FC
:10C42000C9F85CA0D9F868308DF851412344C9F8A7
:10C430006830230A240C8DF852318DF85341D9E924
:10C4400018239A4204BF0023C9E91833169B0399A5
:10C4500005985C1C03BF0023C9E91633C9E91833EA
:10C46000C9F858300ABFC9F868306422C82254ABF2
:10C47000FFF71EFD12A8FFF763FAE9E59245C0F049
:10C4800012810023C9F85C3012AA1FFA88F14846CD
:10C4900012F018FA002FB7D1C4E79245F1D2049AEE
:10C4A000C9F86820002B7FF425AF230A8DF852319C
:10C4B000230C049A8DF85331069B8DF85141934219
:10C4C000BFF60CAFBBE70023C9F85C3012AA1FFA15
:10C4D00088F1484612F0F6F9A4E70023C9F85C3069
:10C4E00012AA1FFA88F1484612F0ECF98CE700BF57
:10C4F00093B705006CCB0500BAB7050067683FBB72
:10C5000012A8FFF7F9F9D9F83C80169B013308D13E
:10C510000023C9E91E33D8F8003012A95B694046F0
:10C52000984754AD00242C7285F8204085F8384097
:10C5300085F850400494A246264616994B1C6DD0AF
:10C54000BAF1000F6AD1BDF853205346182021E0FC
:10C55000E06812F03DFF074612A8FFF7CDF9D9F8C1
:10C560003C80002FD1D0D9F87830BB42CDD1D9F85A
:10C570007C20002AC9D0D8F8003012A9DB694046D7
:10C580009847C2E700FB03FC9B4655F80CC0944556
:10C590001BD001339E42F5D19DF84A30D8072FD4E5
:10C5A0000FB1BA422CD9042E31D018237343E918A5
:10C5B000EA500023B3464B60013604930092404991
:10C5C00033465A460120ECF793FDBBF1030F17D811
:10C5D000182303FB0B53DDF84B20596891422CBF05
:10C5E00059605A609DF849200499114401221A7239
:10C5F00003F11002196100235360BDF85340049108
:10C60000D8F8003012A99B694046984795E7C9E9D8
:10C610001E414FF0FF3B4FF0010ACFE73246294958
:10C620000120ECF765FD284A0399ADF830600CABAA
:10C63000BAF1000FCDE90E2309F124000EAB0CBFB7
:10C64000C82264220D95EAF7E8FD13E7B9F84C30EB
:10C65000ADF8483012A954A8FFF736FC54AB039943
:10C66000C82209F12400EAF7D8FDF1E4B9F84C300A
:10C67000003B18BF01238DF85031039954AA09F1EA
:10C6800024000FF07DFDE3E4D9F83C00FCF7BCFD8D
:10C69000B0F5806FACBF002001208DF85001ECE7B1
:10C6A0004FF4C8723DE4002B7FF424AEBAE69DF847
:10C6B0004830042B3FF401AE4FF6FF73FFE500BF97
:10C6C000F5B7050023B8050001340300A0F12400EC
:10C6D000FFF700BC7FB5CA8843F203439A42044681
:10C6E0000D4600F1240620D1B0F84C30EBB1013BEF
:10C6F000A0F84C30FDF728F9EB88B4F84C20ADF8E1
:10C7000006200DF1060102A8FFF7DEFB194602AA7A
:10C71000304614F035FAB4F84C3033B907498DF887
:10C72000083002AA3046FDF703F9C82229463046F0
:10C7300004B0BDE87040EAF76EBD00BF02340100EE
:10C74000A0F12400FFF7C6BF2DE9FF41CB88A3F578
:10C750005053013B04460D46174600F12406042BB6
:10C7600000F28480DFE803F045380382500090F83F
:10C770004F3043B140F2A7122946304604B0BDE81D
:10C78000F041EAF748BDB0F84C300133A0F84C3026
:10C79000FDF7DAF8EB88B4F84C20ADF806200DF17F
:10C7A000060102A8FFF790FB194602AA304614F0D2
:10C7B000E7F9C82229463046EAF72DFDB4F84C3097
:10C7C000012B06D12B498DF8083002AA3046FDF71F
:10C7D000AFF804B0BDE8F081B0F84C30003B18BFB2
:10C7E00001238DF8083002AA294630460FF0C8FC14
:10C7F000EFE7C06BFCF708FDB0F5806FACBF002021
:10C8000001208DF80800EEE71B490120ECF770FCD1
:10C81000F86812F0E8FD1949024680460120ECF75D
:10C8200067FC7B6813B13B89062B02D04FF4C872BA
:10C83000A2E794F86C7017B140F299129CE70123BB
:10C8400029463046C4E91677C4E91877C4E91C784C
:10C8500084F86C30A766C822EAF7DDFC3A4664210A
:10C86000304604B0BDE8F041EAF7AFBC40F2F51243
:10C8700082E700BF0234010042B8050060B805003D
:10C88000A0F12400FFF760BF704700002DE9F743D7
:10C89000002480F855400546EBF7DFFADFF84C80BE
:10C8A000DFF84C90A86505F168066FF47F4756F8ED
:10C8B000041FB94211D04B460522CDF8008028460E
:10C8C000ECF7DEFEEAF78CF938B905EB840306498C
:10C8D000DA6E0120ECF70CFC37600134042CE6D151
:10C8E000C82003B0BDE8F08385B805005CEC0020EB
:10C8F000202F002038B5044618461546EAF770F98F
:10C9000028B92046FFF7C2FF012384F8543004F110
:10C91000680200236FF47F4152F8040F884211D15E
:10C9200004EB8303DD6604F15C000EF0BBFD0546FD
:10C9300004F16C000EF0B6FD854204BF012384F8BB
:10C94000543038BD0133042BE6D1ECE72DE9F84330
:10C9500000F17C02054600F16C0300246FF47F4176
:10C960001CB91C68641A18BF012404339342F7D120
:10C9700054B11B490120ECF7BBFB2846FFF786FFAB
:10C9800040F29310BDE8F883286C85F85440AC65FC
:10C99000FFF710F805F15C000EF084FD05F1580773
:10C9A0000646A64201D1C820ECE757F8049F286C40
:10C9B0007988FEF7D5FF042249462846ECF7BAFFEE
:10C9C0008046EAF70DF940B90120064943464A4638
:10C9D000ECF78EFB4FF4C870D4E70134E1E700BFF9
:10C9E000A8B80500C9B805002DE9F04FCB88D3B031
:10C9F000B3F54C5F0746029108D043F201329342EF
:10CA000000F096804F48942111F020FA5C300EF02F
:10CA100049FD0024CDE90844CDE90E44CDE9104498
:10CA20000DF1280A07F15E038146CDF804A012AD8E
:10CA300003934C4514D10EAA0992434A0299ADF8CA
:10CA4000209008ABC5E9002307F124002B46C8223B
:10CA5000EAF7E3FB00244C4564D153B0BDE8F08F06
:10CA6000039B33F82460F5F7B7FA80464069F2F784
:10CA700095FD08F12C03009300233146009885F8BA
:10CA8000FE3007AAF1F76CFB0146C8B9D8F81400CC
:10CA9000F2F790FD284616F0F7FB00F1010840463A
:10CAA000EAF7DAF8019B43F8040B424629460646AA
:10CAB000019316F025FB0EAB43F824600134B8E770
:10CAC000FE268B88DDF81CB04FF6FF72934208D12A
:10CAD000BBF81810F9B1009807AAF1F741FB01461D
:10CAE000EFE7DBF804000593026809889268904735
:10CAF000049016F0C9FB361A04990246A819013EA3
:10CB000016F0AEFA2F22AA55059BDBF80400194651
:10CB100012F0BAF8E3E7C6F1FF02A919284616F0A9
:10CB2000BDFFB3E75AF8040BECF724F8013492E7A1
:10CB300090F844308DF84830C82212AB2430F8F712
:10CB4000C9FE8AE7DDB6050002330300A0F1240028
:10CB5000FFF74ABFF8B504460D46012023491646A3
:10CB6000ECF7C6FA237C022B07D040F2F7122946D5
:10CB70002046BDE8F840EAF74EBBEB88A3F55C53CE
:10CB8000013B0A2B2ED8DFE803F0062D2D2D2D0CAE
:10CB90002D2D2D1E2800164B1868F3F7E7F8C82234
:10CBA000E5E7F06812F01FFC276A86B23146384686
:10CBB000F3F71FFBB0B13846F3F7D8F8132130462E
:10CBC000F3F780F8EBE7266A0A483322002116F0D3
:10CBD0007FFF012386F84930E1E7236A002283F8CA
:10CBE0004320DCE74FF4CA72C1E700BFFEB805007E
:10CBF0000431002064ED00202DE9F04F037C022B6E
:10CC00009BB004460D4606D040F2F7121BB0BDE8BB
:10CC1000F04FEAF700BBCB88A3F55C530C2B00F276
:10CC2000CD80DFE813F00D0093009D003300CB00B2
:10CC3000E100CB005800C300CB003B01CB007901E1
:10CC40000DA8F3F7E5FA12AE0246D0B99DF83530DB
:10CC500004939DF8363003939DF8373002939DF886
:10CC6000383001939DF839300093B54A9DF83A3039
:10CC70001221304616F0C4FBB24BCDE90D360DAB98
:10CC8000D3E0B1490120ECF733FAF5E712AE002109
:10CC90002022304616F01CFF202309A93046ADF8AB
:10CCA0002430F3F715F840B14FF4FA7229462046C4
:10CCB000EAF7B1FA1BB0BDE8F08FBDF824300C964E
:10CCC00068336B4403F8200C01238DF82C309F4B04
:10CCD0000D930BAB38E0D06812F085FB002681B2D3
:10CCE000206A8DF848608DF84C608DF850608DF8A2
:10CCF00054608DF85860F3F77CFA034670B1B0F8D1
:10CD00000A80877C92493B4642460120ECF7F0F9C5
:10CD1000B8F1000F08D14FF4CA72C7E702468C4938
:10CD20000120ECF7E5F9F6E7002FF4D001238DF8A8
:10CD300048308DF84C30874BADF84A80ADF84E70D6
:10CD40008DF850600D9312AB0E9398E70023CDE958
:10CD50001333814B1B681B788DF848307F4BF1E70C
:10CD600000231993ADF84C30ADF858308DF84830A9
:10CD700014938DF854301793774B1B6818899E894C
:10CD8000DB7BADF86200C3F30001C3F34002012076
:10CD9000C3F380038DF86730ADF86060704B8DF899
:10CDA00064008DF865108DF86620CBE7D06812F02E
:10CDB0001AFB81B2206AF3F71CFA20B94FF4CA7249
:10CDC0002946204622E78389ADF83430C289ADF880
:10CDD0003820028AADF83630624BADF83A20129313
:10CDE0000DAB139312AB20E0006AF3F7FBF90026BA
:10CDF0008146122231460DA8CDE9096612968DF8BA
:10CE00004C6014968DF8546016F062FE0DF14808DF
:10CE10004FF0140AB1450ED112AB0A93524B0B934B
:10CE200009AB0C93ADF824900BABC82229462046E1
:10CE3000EAF7F3F93EE7226A0AFB06270DAB334413
:10CE4000B7F818B007934FF6FF739B4524D0797C51
:10CE5000BB7D0491B97C0391F97C0291397D0191EC
:10CE600006FB0AA10A440798527800921221344A1C
:10CE700016F0C6FAB7F818B001220DAB3B490120F5
:10CE8000ECF736F9012388F80C30079BC8F810B08E
:10CE9000013648F8143BBDE70022EEE700210E22E0
:10CEA00013A8129116F014FE31490120ECF720F975
:10CEB0000FF066FA12AF064620B32E4B93F82D20E2
:10CEC000049293F82E20039293F82F20029293F865
:10CED0003020019293F83120009293F83230184AB2
:10CEE0001221384616F08CFA01223B4622491046A0
:10CEF000ECF7FEF801230997ADF82C3009AB0C9341
:10CF00001E4BE5E602461C493B460120ECF7F0F8D3
:10CF1000ADF82C600996F1E7194B1B7803F00F026E
:10CF20000F2A08BF00238DF83430164B1B884FF6AC
:10CF3000FF72934208BF0023ADF83630124B4EE724
:10CF400051B205000C00030024B9050000370300AE
:10CF50004CB90500023703000431002004370300F8
:10CF6000063703000D3703000837030071B90500C9
:10CF7000A3B9050064ED0020C0B905000F37030018
:10CF800097ED0020ACEC0020113703002DE9F04FA5
:10CF9000037C8FB04FF00009022B04460D46164665
:10CFA000CB46CDF8249006D040F2F7120FB0BDE882
:10CFB000F04FEAF730B9CB88A3F55C53023B0A2B5C
:10CFC00000F2E680DFE813F069000B00C800E4001F
:10CFD000E4004900D600E400E400EE00060106F19A
:10CFE0000800E9F7EFFF027842B988490120ECF721
:10CFF0007FF84FF4FA7229462046D7E701224768A6
:10D0000082491046ECF774F82021384616F08BF868
:10D010007F49064602460120ECF76AF81F2E02D926
:10D020004FF4C872E7E7002EE3D07A493A46012070
:10D03000ECF75EF81123B2B239460CA88DF8303007
:10D04000F2F744FE7449064603463A460120ECF7DF
:10D050004FF8002ECDD1C822CDE706F11000E9F738
:10D06000B1FF037B07460BB9037833B16B4901204D
:10D07000ECF73EF840F2F512BDE70379002BEAD059
:10D08000F06812F0B0F93B791BB96548352110F012
:10D09000DDFEB97911F0A8F9DDE706F10800E9F73E
:10D0A00091FF0678002E47D0B0F804C0D0F808E011
:10D0B000077B002F43D0018A4369028B90F81CA0A4
:10D0C0000792428B0892BAF1000F05D0827F90F848
:10D0D0001D9090F81FB00992A6B30CA8CDE90A13D1
:10D0E000ADF830C0CDF834E05FFA8CF60FF066F89A
:10D0F000DDE90A1380463FB30CA80D93ADF830105C
:10D10000CFB20FF05BF8034646490868BAF1000F4A
:10D110001CD10122CDE90322CDF814A0CDE90137BD
:10D12000DDE9071200964346F2F702FF00280CBF24
:10D130004FF4C872C8225EE7B646B446B8E73B462D
:10D140003946BAE7B046D6E73B46DDE7099ACDF85F
:10D1500014B0CDE90392E1E706F10800E9F732FFE8
:10D16000838842880188C08800904FF6FF7010F0D5
:10D17000C9FCDBE7F06812F036F987B206F110005F
:10D18000E9F720FF39460646206AF3F732F810B96E
:10D190004FF4CA722FE7F088B38872883188009004
:10D1A0003846E4E7F668204932460120EBF7A0FF55
:10D1B000276A16B987F843604DE7304616F064F8E1
:10D1C000062802467FF42CAF314607F1430015F0E4
:10D1D00047FF40E706F10800E9F7F4FE02784388CC
:10D1E000032A3FF61DAFB42B3FF61AAF0F48266A4D
:10D1F000017891420E4903D10F889F423FF42BAF33
:10D200000B800123027086F8493024E7EFB905004E
:10D210000FBA05001BBA050027BA050042BA05007F
:10D22000E7AF0500043100206FBA050097ED00203C
:10D23000ACEC00200C4B10B503F1600203609C3392
:10D2400004464262C3624830EAF7CCFA04F12C008B
:10D2500012F022F904F12400E9F714FB2046EAF762
:10D260004FF9204610BD00BF5C740500A0F12C00F2
:10D27000FFF7E0BFA0F12400FFF7DCBF10B50446C4
:10D28000FFF7D8FF204615F027FD204610BDA0F17E
:10D290002400FFF7F3BFA0F12C00FFF7EFBF02233C
:10D2A0000374012070470223037201207047032397
:10D2B000037470470323037270470323037470479A
:10D2C0000323037270470223037401207047022373
:10D2D0000372012070470323037470470323037212
:10D2E0007047022303740120704702230372012058
:10D2F00070470323037470470323037270470223AC
:10D300000374012070470223037201207047032336
:10D3100003747047032303727047022303740120D0
:10D320007047022303720120704703230374704780
:10D330000323037270470223037401207047022302
:10D3400003720120704703230374704703230372A1
:10D3500070470223037401207047022303720120E7
:10D360007047022380F83430012070470223037293
:10D37000012070470048704725CE0500C82070473F
:10D380000F207047C0687047008A704730B50D465F
:10D3900014460FCD0FC40FCD0FC495E8030084E8E9
:10D3A000030030BD08B5436FB0F84020013393420D
:10D3B00005DB1D490120EBF79BFE002008BD90F81E
:10D3C0003D10436701294FF000020ED00229F4D12D
:10D3D0000023C0F88C30C0F89030C0F8943001239E
:10D3E000C0F8882080F885301CE00023C0F8882031
:10D3F000C0F88C30C0F89030C0F89430C0F8C0212C
:10D40000C0F8A430C0F8A830C0F8AC30C0F89830EC
:10D41000C0F89C30C0F8A030C0F8C42180F8871054
:10D4200080F884100120C9E72CCE05007047000069
:10D4300008B502482E2110F009FD00BF50CE0500AE
:10D4400008B502486C2110F001FD00BF69CE05004F
:10D4500008B502488A2110F0F9FC00BF69CE05002A
:10D4600070B5047C022C90B006D040F2F71210B0D8
:10D47000BDE87040E9F7CFBECB88B3F58E4F25D11C
:10D480004FF42D440025124BCDE90245114C1B6889
:10D4900026680025CDE90435D3F52D43CDE90C658B
:10D4A00065EB0505CDE90835037E8DF839300A4B6B
:10D4B000009302AB01240193C8226B468DF82840EB
:10D4C0008DF818408DF83840E9F7A7FE10B070BD10
:10D4D0007CEB002070EB0020014703001FB5047CAB
:10D4E000022C06D040F2F71204B0BDE81040E9F774
:10D4F00092BECA88B2F5844F0CD1037E8DF80430F9
:10D50000064B029301AB0393C82202ABE9F785FEF9
:10D5100004B010BD4FF4CA72E6E700BF0142030039
:10D520002DE9F047044688B094F83430022B0D46BC
:10D53000104608D040F2F71204F1240008B0BDE80C
:10D54000F047E9F768BECB88B3F54C5F08D043F2EB
:10D550000132934260D04E484FF4E27110F076FCF5
:10D560000830E9F72FFD0788D0F80490ADF808706F
:10D57000042FCDF80C90B84645D9464904233A46C5
:10D580000120EBF7B5FD4FF4C872294604F12400E1
:10D59000E9F741FE34E059F8261001AA204611F0BF
:10D5A000DDFEE9F71DFB0028EDD0019B4AF826308F
:10D5B0000136B742EFD804AE6FF47F43B8F1040FE1
:10D5C00025D194F84470032F02D12046FFF75EF96D
:10D5D000049BE365059B2366069B6366032F079BFD
:10D5E000A36602D12046FFF7B1F92B4B049302AB9F
:10D5F0000593C8223346294604F12400E9F70DFEBD
:10D6000008B0BDE8F08700260DF1100AD1E746F812
:10D61000283008F10108D1E7C168012204A815F0FB
:10D620001FFD94F844209DF81030022A04D0032AEC
:10D630001AD040F29312A8E7032B14BF0022012254
:10D64000002AF6D0032B11D12046FFF77FF90646BA
:10D650003046E9F7C5FAC0B19DF8103084F844307F
:10D66000032B0CD1C82290E7022BE6E7022B03D153
:10D670002046FFF70BF9EAE740F29316E8E7294660
:10D6800004F14800EAF77EF9BAE732467DE700BFC9
:10D69000DDB605007BCE050002330300A0F12400B7
:10D6A000FFF73EBF73B5CE88134644F60302964299
:10D6B00004460D4614D10422D9680DEB020015F082
:10D6C000CFFC94F918209DF904309A42B8BF237614
:10D6D000C8222946204602B0BDE87040E9F79BBD4C
:10D6E0004FF4CA72F7E7000008B5104609B10B788D
:10D6F0002BB90449102215F0B3FCC82008BD4FF423
:10D70000C870FBE774E5050038B590F83430022B9B
:10D7100004460D4607D040F2F71204F12400BDE89C
:10D720003840E9F778BDCA8843F201339A4209D1FB
:10D7300090F84430032B02D1006CFEF72FFAC82278
:10D740002946EAE738BDA0F12400FFF7DDBF00005D
:10D7500010B5064B03604C33044640F8083F11F007
:10D760009BFE2046E9F78EF8204610BDE8E505004F
:10D77000A0F10800FFF7ECBF10B50446FFF7E8FF83
:10D78000204615F0A9FA204610BDA0F10800FFF7C9
:10D79000F3BF10B5044615F09FFA204610BD0000F7
:10D7A00010B5054A01210446EBF7E8FDC82806BF7D
:10D7B00001202074002010BD3CE80500A0F1080005
:10D7C000FFF7EEBF10B5054A02210446EBF7D6FD80
:10D7D000C82806BF01202074002010BD2CE80500D9
:10D7E000A0F10800FFF7EEBF10B5064A0446042179
:10D7F0002430EBF7C3FDC82806BF012084F83400AD
:10D80000002010BDC4E50500A0F12C00FFF7ECBF1F
:10D8100010B5054A04210446EBF7B0FDC82806BF41
:10D8200001202074002010BDD8E50500A0F10800FB
:10D83000FFF7EEBF10B5054A03210446EBF79EFD46
:10D84000C82806BF01202074002010BDD2E50500C5
:10D85000A0F10800FFF7EEBF10B5054A012104460C
:10D86000EBF78CFDC82806BF01202074002010BDF6
:10D87000D0E50500A0F10800FFF7EEBF10B5054A9E
:10D8800002210446EBF77AFDC82806BF0120207468
:10D89000002010BDCCE50500A0F10800FFF7EEBFA9
:10D8A00010B503490446E9F7E6FB0023237410BDD5
:10D8B0003CE80500A0F10800FFF7F2BF10B50349EE
:10D8C0000446E9F7D8FB0023237410BDD0E505001A
:10D8D000A0F10800FFF7F2BF2DE9F043364A85B00A
:10D8E00006210446EBF74AFDC82862D1A37ED3B3D4
:10D8F000012304F1340623646A46002130460BF00C
:10D900003FFEBDF800804CF6CD43984528D1258FC9
:10D9100000232D094FF6FF79BDF804704F4510D153
:10D92000A3876A46002130460BF02AFE4FF6FF78A7
:10D9300000234CF6CD49BDF80270474522D1E3875C
:10D940000EE06A46394630460BF01AFEBDF800304C
:10D95000013D4345ADB200D155B930460BF022FE32
:10D96000012384F83A300120207405B0BDE8F0832B
:10D97000DDF80630226C01339A422CBF2264236406
:10D980003B46C9E76A46394630460BF0F9FDBDF81B
:10D990000030013D4B45ADB2DFD1002DDDD0DDF8CB
:10D9A0000630226C01339A422CBF226423643B462A
:10D9B000C1E70020D9E700BF30E80500A0F108006A
:10D9C000FFF78ABF10B5044A04460621E9F737FB82
:10D9D0000023237410BD00BF30E80500A0F108004B
:10D9E000FFF7F0BF10B5054A044604212430E9F7DB
:10D9F00026FB002384F8343010BD00BFC4E50500C9
:10DA0000A0F12C00FFF7EEBF10B5044A0446042134
:10DA1000E9F715FB0023237410BD00BFD8E505000E
:10DA2000A0F10800FFF7F0BF10B5044A0446032137
:10DA3000E9F705FB0023237410BD00BFD2E5050004
:10DA4000A0F10800FFF7F0BF70B5037C022B04467D
:10DA50000D4605D040F2F712BDE87040E9F7DBBB98
:10DA6000CB88B3F5904F06D044F60206B34216D0E9
:10DA70004FF4CA72F0E702F10800E9F7A3FA03785D
:10DA800006461BB1F7F71AFF0378E376B37823B1A4
:10DA9000B01CF7F713FF03782377C82209E002F1DF
:10DAA0000800E9F78FFA0368DAB2042A04D94FF4C0
:10DAB000C87229462046CFE76376EEE710B50449E1
:10DAC0000446E9F75FFBCC2804BFFF23237610BD93
:10DAD0000F00034838B504460D46FFF7EFFF29460F
:10DAE0002046C822BDE83840E9F795BBFFF7E6BFFE
:10DAF000FFF7E4BF2DE9F043CC68114FDFF8448015
:10DB0000DFF8449089B005460E4695F91830A342D7
:10DB100002DA09B0BDE8F083E3B2019301A9012361
:10DB200006A8CDE9047311F0B3FE04AB02AA49467E
:10DB30002846CDE90286013412F0EAFDE5E700BF90
:10DB4000D082050002480300034801002DE9F0419E
:10DB5000DFF8BC8090F830708CB0044600250C26AD
:10DB6000EAB2974220D194F83130ABB101AD142123
:10DB7000264A94F83260284615F042FC0023CDE98D
:10DB80000A338DF81830EAF768F906A9CDE90806D6
:10DB900020460B95FFF7AEFF00232386FF2384F872
:10DBA00032300CB0BDE8F0810023CDE90A338DF8A6
:10DBB000183094F83030934215D9206A06FB05F2EC
:10DBC0008318825808925A680A925A7A1B7A02F08D
:10DBD0000F02DB09099216D1D4F824C01A469D42DF
:10DBE00007DC62440B9206A92046FFF783FF01354C
:10DBF000B6E706FB03010133097AC1F306010131DF
:10DC00000A44D2B2EBE74246ECE700BF97CE0500EC
:10DC10007FB1050010B50446EAF7B0FF204610BDFD
:10DC200070B505690446EAF725F92B689B688342BD
:10DC300004D009484FF4817110F008F9E268616876
:10DC4000A368551001EB6200D20748BF4A59BDE8EE
:10DC5000704048BFD3581847FC6F050070B50546A3
:10DC600008460E4615F010FB202828BF2020044649
:10DC700002463146284615F0F3F900232B5570BDB6
:10DC80002DE9F04FCB88A3F59043D3B004460D4661
:10DC9000052B00F23481DFE813F07F0094008F0041
:10DCA00032017200060000213C222BA82A9115F0B7
:10DCB0000FFF944B1B792AAFDBB993490120EBF797
:10DCC00017FA0CAE0023C6E900333372F3609DF8F7
:10DCD000A830412B28D19DF8A930303B092B32D8F0
:10DCE00001233372F7607360884BCDE9083608ABC7
:10DCF0004AE0012B08D18649384615F0F7F83C2157
:10DD00002BA8F1F78FFEDCE7033BDBB2032B9CBFB4
:10DD1000804AD35C804A009288BF41237F4A4021D9
:10DD2000384615F06DFBCCE7572B0CD19DF8A93088
:10DD3000412B08D19DF8AA30702B04D101233372F6
:10DD4000F7600623CFE772490422384615F096FEA5
:10DD50000028C9D1012333729DF8AC30F760482BFD
:10DD600001D10223BFE74D2B01D10323BBE7422B97
:10DD700001D10423B7E7552BB6D10523B3E7684B90
:10DD80002A93654B2B932AABC82229462046E9F7F4
:10DD900044FA53B0BDE8F08F0122ADF83020ADF861
:10DDA0003220C17E027F8DF833200CAB8DF831100C
:10DDB0004FF452322A92E5E7427E0C920CAB594A5C
:10DDC000F8E7837E3BB9CC222946204653B0BDE814
:10DDD000F04FE9F720BA02F10800E9F7F3F8052758
:10DDE0000CAB0022013FC3E904221A7003F11803AF
:10DDF000F8D1037B3BB3B0F80E90B9F1050F28BF03
:10DE00004FF00509036803930379FBB1D0F808B01C
:10DE100094F83A30002B6CD0A68F04F1340A4FF0FE
:10DE20000008C14503D94FF6FF739E4211D1B8F1E6
:10DE3000000F5ED00CAA07923B4AADF8188006ABE3
:10DE4000CDE9082353E74FF00509DBE74FF0FF3B2F
:10DE5000DEE708AA314650460BF092FBBDF82020C1
:10DE60004CF6CD439A42E2D1DDF82630039A9A422D
:10DE700002D2BDF82260D4E7DDF82A309B45F8D302
:10DE80009DF82F20D3199F2BD1D806F110012AAB72
:10DE90003B4489B25046CDE9042310F0E9FADDE9AC
:10DEA000042300201821985401FB08F10CAE7218CD
:10DEB0004FF0010EDDF826C006F801E0C2F804C0FC
:10DEC000DDF82A1091609DF82E10BDF8226001F057
:10DED0000701D1601549C2E904139DF82F303B4476
:10DEE00003EB0E0703F5A4736B44F04403F8A00C96
:10DEF00097E7CC2229462046E9F78DF949E74FF408
:10DF0000CA7261E790FF0020A9CE05000648030011
:10DF1000B9CE0500A496050098FF0020198B0500D6
:10DF2000074803000448030005480300B5610500E5
:10DF3000037C022B03D040F2F712E9F76CB9FFF72C
:10DF40009FBE000010B503490446EAF70FFE002308
:10DF5000237410BD2CE80500A0F10800FFF7F2BF04
:10DF600010B503490446EAF701FE0023237410BDEF
:10DF7000CCE50500A0F10800FFF7F2BF37B5037C40
:10DF8000022B04460D4606D040F2F71203B0BDE85E
:10DF90003040E9F740B9EA8843F20150012182425A
:10DFA0008DF8061014D043F202539A420ED10DF1AF
:10DFB00006020846F2F772FC9DF806308DF807302D
:10DFC0000DF10702294620460EF0DAF803B030BD05
:10DFD00018460DF10602F2F761FC9DF8063083F059
:10DFE0000103EBE738B51446D3230546137200212D
:10DFF000072204F1090015F06BFD6869E2880368E7
:10E0000008325B6804F10801984730B901200449DF
:10E01000EBF76EF840F2F71038BDC820FCE700BF00
:10E02000BECE05002DE9F04F2DED068BC3B0CDE936
:10E03000030102F10800E8F7C5FF0778002F39D087
:10E04000B0F804B0D0F808A090F80C90B9F1000F27
:10E0500033D0D0ED04AA90ED05AAD0ED068A047F56
:10E0600094B3038C0193436A029390F8285075B3DC
:10E07000036BB0F82C80009390F8346056B3D0ED69
:10E080000E9A90ED0F9A90ED108A002F00F0938079
:10E09000B9F1000F03D025B3002E40F0B380DDE9C5
:10E0A00003014FF4FA7243B0BDEC068BBDE8F04FAC
:10E0B000E9F7B1B8BA46BB46C6E7DFED9F8AB0EED6
:10E0C00068AAF0EE68AACAE7CDE90144CDE7009559
:10E0D000A846D1E79FED988AB0EE489AF0EE489AAC
:10E0E000D3E7002EDBD195480DF0D0F90346002C84
:10E0F00040F016810028D2D0ADF820B0CDF824A091
:10E10000002108A8E8F778FD00210368159308A806
:10E11000E8F772FD00214368169308A8E8F76CFD44
:10E1200001218368179308A8E8F766FD01210368B9
:10E13000189308A8E8F760FD01214368199308A81F
:10E14000E8F75AFD022183681A9308A8E8F754FDFE
:10E15000022103681B9308A8E8F74EFD02214368DB
:10E160001C9308A8E8F748FD83681D9300232193BA
:10E1700022934FF07E5372492393724BCDED1EAA2A
:10E18000CDE924138DED1FAACDED208AE9F72EFEEF
:10E190004FF48173269015A924A827930EF0EAFE68
:10E1A000034620B1684A01210020ECF781FA002CD7
:10E1B00063D1EDB10FE0B9F1000F7FF470AF9DB105
:10E1C000002E3FF46CAF002C43D160480DF05EF997
:10E1D00000283FF464AF009BADF818800793002E31
:10E1E00040F0BC80FFF724F9002E7FF458AF24BB29
:10E1F000DDE90301C922E9F70EF843B0BDEC068B57
:10E20000BDE8F08F4D480DF041F903460590002C14
:10E2100040F086804D480DF039F900283FF43FAFBB
:10E22000059A002A3FF43BAFADF820B0CDF824A00A
:10E23000B9F1000F7FF464AFD4E74FF4E9200DF09B
:10E2400025F90346002B3FF42AAF002FECD1A4B9E7
:10E25000CEE74FF4E9200DF019F903463B4805934A
:10E260000DF014F900283FF41AAF059B002B3FF482
:10E2700016AF002FD8D1002CADD0019BADF82030C7
:10E280000021029B099308A8E8F7B6FC0021036867
:10E290000C9308A8E8F7B0FC002143680D9308A888
:10E2A000E8F7AAFC012183680E9308A8E8F7A4FC0C
:10E2B000012103680F9308A8E8F79EFC0121436839
:10E2C000109308A8E8F798FC02218368119308A826
:10E2D000E8F792FC02210368129308A8E8F78CFC87
:10E2E00002214368139308A8E8F786FC8368149317
:10E2F0001748184BCDE92403E9F778FD4FF48473F0
:10E3000026900CA924A827930EF034FE034600287B
:10E310003FF44FAF104A01210020ECF7C9F948E75C
:10E320004FF4E92005930DF0B1F8059B0340DBB2F3
:10E33000002D87D092E700BF0000000000420700D8
:10E340004143434302003C00DACE0500004307008E
:10E350004759524F010024000ACF0500002106A8AA
:10E36000E8F74AFC00210368369306A8E8F744FC66
:10E3700000214368379306A8E8F73EFC0121836833
:10E38000389306A8E8F738FC01210368399306A8FA
:10E39000E8F732FC012143683A9306A8E8F72CFC21
:10E3A000022183683B9306A8E8F726FC0221036854
:10E3B0003C9306A8E8F720FC022143683D9306A899
:10E3C000E8F71AFC83680F4A3E930F4BCDED3F9A56
:10E3D000CDE908238DED409A8DED418AE9F706FDE0
:10E3E00040F203130A9024A908A80B930EF0C2FD73
:10E3F000034600283FF4FCAE044A01210020ECF75C
:10E4000057F9F5E64D41474E0100780036CF05003B
:10E41000024604210020ECF74BB910B504460A4629
:10E4200000684FF48071FCF7BFFF236803F5807329
:10E43000236010BD30B5C1B004460D4600686A4681
:10E440004FF48071FCF7FAFD20B9094840F27D21B4
:10E450000FF0FCFC4FF480726946284607F010FC70
:10E460000028F2D0236803F58073236041B030BDEB
:10E4700050CE050013B5002304464FF4E82101A84F
:10E480000193FFF7D7FF1B4901A8FFF7D3FF1A49F4
:10E4900001A8FFF7CFFF19498C4215D101F5807112
:10E4A00001A8FFF7C7FF164901A8FFF7C3FF1549E9
:10E4B00001A8FFF7BFFF4FF4E92101A8FFF7BAFF5A
:10E4C000114B9C420CD10FE001A8FFF7B3FF0F499D
:10E4D00001A8FFF7AFFF0A4B24F480729A4205D1DE
:10E4E000094901A8FFF7A6FF02B010BDB4F5E92F56
:10E4F000F6D0D8E7004407000045070000460700B3
:10E5000000420700004307000049070000470700DA
:10E5100013B504464FF480510020FDF7A9F820B947
:10E5200021484FF422710FF091FC00234FF4E821B1
:10E5300001A80193FFF771FF1C4901A8FFF76DFFC8
:10E540001B4901A8FFF769FF1A498C4215D101F553
:10E55000807101A8FFF761FF174901A8FFF75DFF70
:10E56000164901A8FFF759FF4FF4E92101A8FFF769
:10E5700054FF134B9C420CD10FE001A8FFF74DFF55
:10E58000104901A8FFF749FF0B4B24F480729A420F
:10E5900005D10B4901A8FFF740FF02B010BDB4F54B
:10E5A000E92FF6D0D8E700BF50CE050000440700A1
:10E5B000004507000046070000420700004307002F
:10E5C000004907000047070070B50446ACB0484852
:10E5D0000D46FFF71DFF237C022B08D040F2F712F7
:10E5E000294620462CB0BDE87040E8F714BEEB8801
:10E5F000A3F56063032B78D8DFE803F009027045C8
:10E60000294620462CB0BDE870400CF0A3BD002385
:10E61000059306930793089309930A930B930C931E
:10E620000D93012100230EA8CDE90133F9F758F924
:10E6300008BB209B0593219B0693229B0793239B5A
:10E640000893249B0993259B0A93269B0B93279B56
:10E650000C93289B0D930323ADF8043005AB029374
:10E66000244B039301AB049303ABC82229462046F5
:10E67000E8F7D3FD05E04FF4FA7229462046E8F7A3
:10E68000CAFD2CB070BD0EAE20220021304615F020
:10E690001FFA042101AA0846F2F700F940B9ADF8C3
:10E6A0000C00154B059303AB0693049605ABDCE712
:10E6B00001990022C9430191134621FA02F0C007D3
:10E6C00006D503F1B0006844013300F8782CDBB2C2
:10E6D0000132202AF1D1ADF80C30E2E7294620467C
:10E6E0002CB0BDE870400CF0FFBD4FF4CA7277E764
:10E6F00065CF0500010E0300040E030070B504464B
:10E7000017480D461646FFF783FE237C022B07D0E1
:10E7100040F2F71229462046BDE87040E8F77BBD7D
:10E72000EB88B3F5685F06D043F6022293420BD024
:10E730004FF4CA72EEE7F3681E7831461F2007F0E7
:10E7400089F82676C822E5E7F06810F04CFE00282C
:10E75000EED106F11000E8F735FC0678EDE700BFD2
:10E7600092CF050070B5044686B022480D46164685
:10E77000FFF74EFE237C022B08D040F2F712294609
:10E78000204606B0BDE87040E8F745BDEB8843F68B
:10E790000122934206D043F6022293421BD04FF44B
:10E7A000CA72ECE7237E8DF8043001238DF8053022
:10E7B000ADF8083001AB002203930F4B8DF8062013
:10E7C000049302AB0593C82204AB29462046E8F720
:10E7D00024FD06B070BDF06810F005FE0028DED103
:10E7E000237E8DF8083001238DF809308DF80A005A
:10E7F000024BE5E7B5CF0500023A0300013A0300FA
:10E80000418B38B54FF6FF75A942044602D0E8F7B0
:10E81000EEFC65831F2006F06AFF0023237638BDD7
:10E8200010B590F824200446BAB9C169E8F7CDFCC8
:10E830004FF6FF739842608308D112490120EAF72E
:10E8400057FC2046BDE81040FFF7DABF1F2006F056
:10E8500045FF012384F8243010BD1F2006F047FF38
:10E86000216A19B94FF6FF736383EAE70022204655
:10E87000E8F7ABFC4FF6FF7398426083DDD00023CE
:10E88000E8E700BFD8CF050037B51346027C022A5F
:10E8900004460D4606D040F2F71203B0BDE8304002
:10E8A000E8F7B9BCCA88B2F5844F40D1D9680122D3
:10E8B00001A814F0D5FB9DF80430022B07D94FF4C2
:10E8C000C87229462046E8F7A6FC03B030BD227E78
:10E8D0009A4206D0012B09D0022B1BD02046FFF70D
:10E8E0008FFF9DF804302376C822EAE7618B4FF64C
:10E8F000FF73994202D02046E8F779FC4FF4B463E5
:10E900003C21C4E90713002384F824302046FFF794
:10E9100087FFE6E7618B4FF6FF73994202D02046EE
:10E92000E8F765FCC8220023C4E90723ECE74FF4AD
:10E93000CA72B2E7FFF774BF2DE9F0430446A5B0F1
:10E9400040480D461746FFF763FD237C022B08D095
:10E9500040F2F7122946204625B0BDE8F043E8F71B
:10E960005ABCEB88B3F5884F22D044F2014293425F
:10E970000BD1F86810F037FD334B1B78C0B28342DF
:10E9800003D9324B53F8203013B94FF4CA72E1E780
:10E990002F4ACDE902232F4B049302AB059304AB1E
:10E9A000C82229462046E8F738FC25B0BDE8F083A8
:10E9B000F86810F018FDFB690646786993F8008046
:10E9C00010F006FDB8F1800F07462AD81E4B08EB61
:10E9D00000011878F3B283423ABF1C4A52F8232050
:10E9E000002291421DD800221849164693421BDC92
:10E9F00000217C2205A80DF11009049115F068F89A
:10EA00004A464146B819FCF719FBA0B14FF45133FF
:10EA10000293ADF80080CDF80490CDF80CD002AB95
:10EA2000BEE74FF4C87295E79042E1D051F804CBAD
:10EA300001326644DAE74FF4FA7229462046E8F7D5
:10EA4000EAFBB2E722D00500F4300020EC300020D1
:10EA500048D00500014403002DE9F0410446274851
:10EA60000D461746FFF7D4FC237C022B07D040F25B
:10EA7000F71229462046BDE8F041E8F7CCBBEB8809
:10EA8000B3F5884F36D1F86810F0ADFC06467869CA
:10EA900010F09EFC804607F11800E8F793FA018811
:10EAA0004268802919D8164B93F800C0F3B2634529
:10EAB0003CBF144850F8230001EB080728BF002092
:10EAC00087420AD800260F4F30469E4208DB40445A
:10EAD000FCF76AFC58B1C822CBE74FF4C872C8E70C
:10EAE000B445F4D057F804EB01367044EDE74FF429
:10EAF000FA72BEE74FF4CA72BBE700BF51D00500FF
:10EB0000F4300020EC30002037B505460C460120DB
:10EB10001249EAF7EDFA95F83430022B05F124009A
:10EB200007D040F2F712214603B0BDE83040E8F7C5
:10EB300072BBE28843F203639A420BD195F83C30F2
:10EB40008DF80730C8220DF107032146F6F7C2FE03
:10EB500003B030BD4FF4CA72E5E700BF77D00500BF
:10EB6000A0F12400FFF7D0BF7FB590F83D2000232F
:10EB7000012A80F8D43103D0022A1BD0002011E0F2
:10EB8000CDE9033302238DF81430342302930F4967
:10EB900002AB0093052203ABEBF76EFEE8F720F81B
:10EBA00018B1012007B05DF804FB09490120EAF71C
:10EBB0009FFAE3E7CDE903333423029302AB8DF8E8
:10EBC00014200093034903AB0522E5E71F00023B35
:10EBD000A2D005001F00023D90F8D43110B50446C4
:10EBE0000BB1FFF7C1FF032384F8343010BDA0F14F
:10EBF0002C00FFF7F1BF000030B5140C134987B0AB
:10EC0000054622460120EAF773FA43F602339C4296
:10EC100019D10023CDE9033302238DF814303423B6
:10EC2000029302AB0A490093052203AB2846EBF797
:10EC300023FEE7F7D5FF30B90649012007B0BDE84C
:10EC40003040EAF755BA07B030BD00BFB6D0050076
:10EC50001F00023C03D1050030B5140C134987B0E6
:10EC6000054622460120EAF743FA43F602339C4266
:10EC700019D10023CDE9033302238DF81430342356
:10EC8000029302AB0A490093042203AB2846EBF738
:10EC9000F3FDE7F7A5FF30B90649012007B0BDE84D
:10ECA0003040EAF725BA07B030BD00BF26D10500D5
:10ECB0001F00023C71D105002DE9F04F2DED028BB4
:10ECC00090F83D30AFB004462BB99F490120EAF7D8
:10ECD0000FFA002030E1B0F840A0BAF1050F01D8DA
:10ECE0009A49F3E7012B4FF0000540F0FE80834680
:10ECF00000F15802032300F14009681CB5FBF3F64C
:10ED0000B0FBF3F106EB460601EB4101AE1B401AE6
:10ED10000235B5FBF3F101EB41010DF1B80C691AB5
:10ED200000270CEB86060CEB80000CEB8101B8464B
:10ED3000049605900691414648460792E7F75CFF26
:10ED4000049B016843F8941C48464146E7F754FF8A
:10ED5000059B416843F8941C48464146E7F74CFF41
:10ED6000069B816843F8941C9DED098A079AB5EECD
:10ED7000C08AF1EE10FA40F3B080DDED0A7AF5EECC
:10ED8000407AF1EE10FA40F0A880DDED0B7AF5EE56
:10ED9000407AF1EE10FA40F0A0804FF0000882EDCA
:10EDA000008A46468BF85270314648460792E7F78C
:10EDB00023FF049B006843F8940C31464846E7F76C
:10EDC0001BFF059B406843F8940C31464846E7F723
:10EDD00013FF069B816843F8941C9DED097A079AFE
:10EDE000F1EE487AB4EE677AF1EE10FA4FF00303D1
:10EDF0006BD1DDED0A7AF5EE407AF1EE10FA64D1CE
:10EE0000DDED0B7AF5EE407AF1EE10FA5DD1062DCC
:10EE10008BF8538002F104020BF1020B7FF46DAF0B
:10EE200094F85730039394F85630029394F8553081
:10EE3000019394F85430009394F8533094F852208E
:10EE400043490120EAF754F90025B4F840100322A1
:10EE50000CA8CDE90C550AF08BF9DDE90C120EABCC
:10EE600004F1B0000AF0CEF9032211460CA8CDE956
:10EE70000C550AF07DF9DDE90C120EAB04F59C701F
:10EE80000AF0C0F984F8845084F886504FF0FF33BC
:10EE9000636730490120EAF72BF994F83D200123FC
:10EEA0009A4284F8D4314FF0000332D0022A7FF422
:10EEB00010AFCDE90C333423099309AB8DF838201A
:10EEC000009325490CAB04222FE008F101085FFAFA
:10EED00088F8D0454646FFF467AF0137FFB2574583
:10EEE000B846FFF428AF1D49F0E6022B7FF4F1AEDF
:10EEF000032251460CA8CDE90C550AF039F9DDE999
:10EF00000C120EAB04F1B0000AF07CF984F88550C5
:10EF1000BCE7CDE90C3302238DF838303423099354
:10EF20000F4909AB009304220CAB2046EBF7A4FC7D
:10EF3000E7F756FE28B101202FB0BDEC028BBDE8EB
:10EF4000F08F0849C2E600BF92D10500B6D1050096
:10EF500003D205001ED205001F00023DECD10500C2
:10EF60001F00023B2CD2050008B5C069F1F760FB19
:10EF7000C82008BD08B51846114602B11BB904489F
:10EF800050210EF063FF034A0FF054F9C82008BD6A
:10EF900069CE050041D2050008B5C069F1F7D0F986
:10EFA000C82008BD70B50546486900260C460E719C
:10EFB00010B1EFF7FDFA6661D5F89030E11AD5F897
:10EFC000883005F180009B88B1FBF3F1BDE870400B
:10EFD000C9B2EFF771BD000010B50C6872B9D0F876
:10EFE000B0308B4204D0074840F662110EF02EFF7D
:10EFF000C0F8B040FFF7D6FF204610BD00231460D4
:10F000000B60F7E7526D050038B54C1EE4B20546BB
:10F0100021461030EEF790FF20B1AB69286A9B883B
:10F0200004FB030038BD10B50C460978FFF7ECFF70
:10F0300020B1037B62789A4218BF002010BD000007
:10F0400010B5064B03604C33044640F8083F10F0FF
:10F0500023FA2046E7F716FC204610BDD8770500B6
:10F06000A0F10800FFF7ECBF10B50446FFF7E8FF7A
:10F07000204613F031FE204610BDA0F10800FFF736
:10F08000F3BF0000084B10B503604C3304468360A7
:10F090004430E8F771FF04F1080010F0FDF9204654
:10F0A000E7F7F0FB204610BD58780500A0F10800F6
:10F0B000FFF7E8BF10B50446FFF7E4FF204613F062
:10F0C0000BFE204610BDA0F10800FFF7F3BF70470C
:10F0D000F0B587B0154600230F46CDE9043304464A
:10F0E0008DF80030E8F7B9FE05953A4D2E78CDE958
:10F0F000020746BB01232B70A37E43B194F919305C
:10F100009F4204DC694604F134000FF0C5F9039B0B
:10F1100094F91820934214DC94F83010A26A9142BA
:10F1200013D394F83120013284F8312094F832203E
:10F13000934201DA84F83230002104F14400E9F707
:10F1400006FD00232B7007B0F0BD059814F09CF865
:10F15000002794F83020216ABC464FF00C0E9742ED
:10F160002ADB02EB4202029B41F8223001EB8207CC
:10F17000049B7B60039B03F00F0200F07F0343EAD4
:10F1800002233A8922F4776222F00F0213433B8173
:10F19000E36A5CFA80F0984219D2606A059960448B
:10F1A00013F0A4FE3B7A66F3C7133B7294F8303039
:10F1B000013384F83030BFE70EFB071301371B7AA9
:10F1C000C3F30603013363445FFA83FCC7E70126F8
:10F1D000E8E700BFF4EF0020064B0246186838B19C
:10F1E000037C022B04D1C37E13B10421FFF770BF4F
:10F1F000704700BF602F00200A4B10B503F14C028E
:10F2000003606C330446826040F8183FE8F778F9F1
:10F2100004F1080010F040F92046E7F733FB2046E0
:10F2200010BD00BFD4790500A0F11800FFF7E4BFBE
:10F23000A0F10800FFF7E0BF10B50446FFF7DCFFC0
:10F24000204613F049FD204610BDA0F10800FFF74D
:10F25000F3BFA0F11800FFF7EFBF000070B5144C2A
:10F2600000234FF6FF7534F83320AA4204EBC3069F
:10F2700009D1104B00221C464FF6FF761D88B5427F
:10F2800008D1002003E0824202D17368188870BD63
:10F290000133E8E7A84207D15D68A94204D10C23F5
:10F2A00003FB0244A368F1E701320C33E6E700BF39
:10F2B00014E805004CE6050010B5064B03604C331E
:10F2C000044640F8083F10F0E7F82046E7F7DAFA7E
:10F2D000204610BDF4750500A0F10800FFF7ECBF53
:10F2E00010B50446FFF7E8FF204613F0F5FC204672
:10F2F00010BDA0F10800FFF7F3BF000010B5064BEA
:10F3000003604C33044640F8083F10F0C5F820462F
:10F31000E7F7B8FA204610BD60760500A0F10800B6
:10F32000FFF7ECBF10B50446FFF7E8FF204613F0E7
:10F33000D3FC204610BDA0F10800FFF7F3BF00008A
:10F3400010B5064B03604C33044640F8083F10F0FC
:10F35000A3F82046E7F796FA204610BD6C77050023
:10F36000A0F10800FFF7ECBF10B50446FFF7E8FF77
:10F37000204613F0B1FC204610BDA0F10800FFF7B5
:10F38000F3BF0368002B05DD40680028D4BF0020D0
:10F3900001207047002070472DE9F04F2DED0A8BBA
:10F3A0000546ADF2CC4DFFF7DFFBB7490120E9F789
:10F3B0009FFE95F83D30012B50D0022B40F04D823E
:10F3C0009FEDB29AB5F84010DFEDB0BAB04E9FEDA8
:10F3D000B1CA0422AAA80024CDE9AA4409F0C8FEB3
:10F3E000DDE9AA23AC490120E9F782FEB5F84030F7
:10F3F0009C4236D388A80FF0F8F8AAA8FFF7C1FFFF
:10F40000002840F0BF8088AA05F1B001CCA80DF516
:10F41000886609F00DFF88AAAAA9304609F008FFFE
:10F420003146EEA809F058FF66A8EEAACCA909F06B
:10F43000FFFE66A8FFF7A5FF8046002840F0C480C5
:10F44000DDE96623954900900120E9F751FE404629
:10F450000DF2CC4DBDEC0A8BBDE8F08F9FED909A7C
:10F46000B0E7D5ED198A214628EE890A0022AAA81C
:10F4700009F0ACFED5ED1A9A214629EE890A01223F
:10F48000AAA809F0A3FE95ED1B8A214628EE090AD9
:10F490000222AAA809F09AFEB7EE000A214603222A
:10F4A000AAA809F093FE69EEAB9A68EEAB8AFDEE6E
:10F4B000E97A28EE2B8A17EE903ABDEEC88AFDEE67
:10F4C000E87A8DED008A17EE902A31460120E9F79F
:10F4D0000FFE214605F14000E7F78EFBD0ED009AC4
:10F4E000D0ED018A90ED02BA69EE8C9A68EE8C8AB2
:10F4F000B0EE690A12F048FCB0EE408AB0EE690A3C
:10F5000012F002FCF0EE40AAB0EE680A12F03CFCE9
:10F51000B0EE40AAB0EE680A12F0F6FB2BEE0CBA81
:10F52000F0EE409AB0EE4B0A12F02EFCF0EE408A5C
:10F53000B0EE4B0A12F0E8FBD5ED1A6AD5ED1B5A76
:10F54000D5ED197A26EE886A28EE658AA5EEAA6AB4
:10F550000134A6EEAA8A66EE0A6AE9EEA76A67EEA9
:10F56000CA7AE6EE297A26EEA86A68EEC88AA8EE7C
:10F57000006AE6EE808A85ED1A6AC5ED198AC5ED46
:10F580001B7A33E7DDE9AA6488A83246214609F0F0
:10F59000D9FD26EAE6704FEA84088AA98000002394
:10F5A000ACAA9C427FF72FAF8C4696460027BE42FE
:10F5B00003DC024401330431F3E75EF8049BCCF82A
:10F5C00000900137C444F2E7032200241146EEA85C
:10F5D000CDE9EE4409F0CCFD0DF11008C24600273C
:10F5E0003946224666A809F0D7FD39462246EEA8DC
:10F5F000013709F0EBFD032FF2D12246394666A808
:10F6000009F0CAFD0134032CA8EC010AE7D19FEDF3
:10F61000258A002422460021EEA809F0BDFD2246DD
:10F620000121EEA8F0EE408A09F0B6FD2246022143
:10F63000EEA8B0EE409A09F0AFFD29EE089A68EE08
:10F64000888AFDEEC97A20EE080A17EE903ABDEEE0
:10F65000C00AFDEEE87A14498DED000A17EE902AF3
:10F6600001200134E9F744FD032CD3D1CCA8EEA945
:10F6700009F032FECCA8FFF784FE8046C0B9DDE970
:10F68000CC230A490090DFE645D205000000C842BD
:10F690007ED2050035FA8EBC6AD2050093D20500F1
:10F6A000C3F51C4100007A44B6D20500C4D205005F
:10F6B000AD4C4FF000094A460021CCA809F06CFD82
:10F6C0004A460121CCA8F0EE408A09F065FD4A4681
:10F6D0000221CCA8B0EE409A09F05EFD29EE089A0E
:10F6E00068EE888AFDEEC97A20EE080A17EE903A95
:10F6F000BDEEC00AFDEEE87A8DED000A17EE902A05
:10F700002146012009F10109E9F7F2FCB9F1030FE3
:10F71000D1D1DAED028A9AED019ADAED009A934995
:10F7200068EE887A69EE086AFDEEE77A29EE887A53
:10F73000CDED007AFDEEE67A19AC17EE903AFDEECB
:10F74000C77A002717EE902A0120E9F7D1FC0023A1
:10F750003A463946CCA823616361A361A363E3639E
:10F7600023642770A780A7602773277727846762A1
:10F7700084F82870A785276384F8347009F00CFD9D
:10F7800001223946CCA8F0EE40AA09F005FD02227C
:10F790003946CCA8B0EE40AA09F0FEFC3A46012159
:10F7A000CCA8CDED07AA8DED08AA8DED090A09F0C8
:10F7B000F3FC01221146CCA8F0EE40AA09F0ECFCC3
:10F7C00002220121CCA8B0EE40AA09F0E5FC3A469D
:10F7D0000221CCA8CDED0AAA8DED0BAA8DED0C0A65
:10F7E00009F0DAFC01220221CCA8F0EE40AA09F0CF
:10F7F000D3FC02221146CCA8B0EE40AA09F0CCFC02
:10F8000095F83DA0CDED0DAABAF1010F07AB83ED40
:10F8100007AA83ED080A23D184F800A0A4F8049075
:10F82000A36084F80CA0C4ED049A84ED059AC4ED9D
:10F83000068A304605F59C7109F04EFD3046FFF70B
:10F84000A0FD002840F09E800090DDF84434DDF8F3
:10F85000402447490120E9F74BFC4FF00008F6E54A
:10F86000BAF1020FF9D101273946304684F82870E1
:10F87000A4F82C90236384F83470C4ED0E9A84EDC0
:10F880000F9AC4ED108AF8F72BF88346002853D15D
:10F8900094F828300BB9FDF7CBFDA38DADF80830F7
:10F8A0000146236B039302A8E7F7A6F959460368BC
:10F8B000109302A8E7F7A0F959464368119302A8EC
:10F8C000E7F79AF939468368129302A8E7F794F9A3
:10F8D00039460368139302A8E7F78EF9394643685F
:10F8E000149302A8E7F788F951468368159302A894
:10F8F000E7F782F951460368169302A8E7F77CF907
:10F9000051464368179302A8E7F776F910A9836870
:10F91000189352A80EF090FD0DF591613EA80EF0DF
:10F920008BFD3EAA52A92AA805F08EF92CAB84F8CB
:10F930002870A4F82C90236395F83D30012B3FF4F8
:10F9400078AF0123CDF844340A4BCDF840340A4B4C
:10F95000CDF8483409490A4B009602222846CDF8D2
:10F960004C44E9F78DFE72E5F9D20500EAD20500B4
:10F97000C4D20500D0820500020E03000F00010E64
:10F9800064EC00204A4F4FF000094A4600213046FF
:10F9900009F002FC4A4601213046F0EE408A09F0A7
:10F9A000FBFB4A4602213046B0EE409A09F0F4FBD8
:10F9B00029EE089A68EE888AFDEEC97A20EE080AD8
:10F9C00017EE903ABDEEC00AFDEEE87A8DED000A22
:10F9D00017EE902A3946012009F10109E9F788FB61
:10F9E000B9F1030FD1D100221146304609F0D4FB02
:10F9F000012200213046F0EE408A09F0CDFB0222C0
:10FA000000213046B0EE408A09F0C6FB00220121F9
:10FA10003046CDED528A8DED538A8DED540A09F0B2
:10FA2000BBFB012211463046F0EE408A09F0B4FBE0
:10FA3000022201213046B0EE408A09F0ADFB0022DF
:10FA400002213046CDED558A8DED568A8DED570A4F
:10FA500009F0A2FB012202213046F0EE408A09F0B3
:10FA60009BFB022211463046B0EE408A09F094FB1F
:10FA700052AF4FF0010A022121A8CDED588A8DED39
:10FA8000598A8DED5A0A84F81CA0A4F82090676268
:10FA9000E7F7B2F8D0ED027AF5EE407AF1EE10FA1F
:10FAA0007FF44FAF03495046E9F722FBD5E600BF8C
:10FAB000F8D2050007D305002DE9F0472DED048BA2
:10FAC000044682B00D460120B6491646E9F710FB00
:10FAD00094F83430022B03D040F2F7122946B0E0FC
:10FAE000EB88A3F55853032B00F20982DFE803F0FB
:10FAF0000245697BF3681E7804F1240736BB94F84D
:10FB0000D43113B12046FFF72FF800226266A266B7
:10FB10004FF07E52E26613222267A34AA264A34AF0
:10FB2000E264002343F2344284F83C30A4F84030CD
:10FB30006364A4F8502084F8D4319D4984F83D6072
:10FB400032460120E9F7D4FAC8220DE094F83C309F
:10FB500033B198490120E9F7CBFA40F2F71203E0FC
:10FB6000032EEAD94FF4FA722946384602B0BDECAA
:10FB7000048BBDE8F047E7F74EBB94F83C3004F146
:10FB800024070BB18C49E5E70422F1680DEB020074
:10FB900013F066FA019B7169A36404220DEB020065
:10FBA00013F05EFA019BE364F36984491B7884F8DF
:10FBB0005030736A1B7884F851300120E9F798FAC5
:10FBC000C2E794F83C3004F124070BB17C49C1E74B
:10FBD00006F10800E7F7F6F90388A4F84030436817
:10FBE00078496364E9E7F3681E78042E02D94FF47C
:10FBF000FA7273E704F1780729463846E7F7C2FE40
:10FC000094F83C30042B15D8DFE813F005000D0004
:10FC10001E0055015F01012E0CD12046FFF74CF864
:10FC2000002876D106E0022E04D12046FDF7BAFB6B
:10FC3000002874D164490120E9F75AFA4FF4FA72A6
:10FC4000394604F1240091E7032EF3D194F83D8066
:10FC5000B8F1010F28D0B8F1020FEBD1D4F88830F9
:10FC6000626F5A490120E9F743FAD4ED227A04F190
:10FC70008C00B8EEE70A0EF052FED4F8749094EDC2
:10FC8000230A04F1B00500224946284609F09EFAED
:10FC900094ED240A01224946284609F097FA94ED8A
:10FCA000250A4246494672E00025D4F88820484992
:10FCB00084F886504046E9F71BFAD4ED227A04F125
:10FCC0008C00B8EEE70A0EF02AFED4F874A094ED8A
:10FCD000230A04F1B0092A465146484609F076FA4B
:10FCE00094ED240A42465146484609F06FFA022232
:10FCF00094ED250A5146484609F068FA04F151038B
:10FD00002A4613F8011F8A4500F0FC800132062ABA
:10FD1000F7D1C822394604F12400E7F77CFA84F8C9
:10FD20003C6002B0BDEC048BBDE8F08794ED166A30
:10FD300036EE066A86EE869A002211462846C7EEFF
:10FD4000068A87EE868A84ED269AC4ED278A84ED9A
:10FD5000288A09F021FA0022114639EE000A2846C5
:10FD600009F034FA00220121284609F015FA002290
:10FD700038EE800A0121284609F028FA00220221E3
:10FD8000284609F009FA38EE000A00220221284626
:10FD900009F01CFABDE794ED166AF8EE005A26EE5B
:10FDA000256AC7E726D30500C3F51C410000C842F9
:10FDB00076D3050051D3050089D30500B1D30500E2
:10FDC000C4D30500EDD3050022F2050019D40500C7
:10FDD000FED3050094ED176A36EE066A86EE869A23
:10FDE000012200212846C7EE068A87EE868A84ED26
:10FDF000269AC4ED278A84ED288A09F0CDF90122DC
:10FE000039EE000A0021284609F0E0F901221146E6
:10FE1000284609F0C1F90122114638EE800A284629
:10FE200009F0D4F901220221284609F0B5F901228E
:10FE300038EE000AAAE794ED176AF8EE005A26EEAB
:10FE4000256ACBE794ED186A36EE066A86EE869A46
:10FE5000022200212846C7EE068A87EE868A84EDB4
:10FE6000269AC4ED278A84ED288A09F095F90222A2
:10FE700039EE000A0021284609F0A8F902220121E2
:10FE8000284609F089F9022238EE800A0121284625
:10FE900009F09CF902221146284609F07DF9022258
:10FEA00038EE000A114672E794ED186AF8EE005A2F
:10FEB00026EE256ACAE7022E3FF4B7AE042E7FF481
:10FEC000B9AE2046FFF768FAAAE6002E7FF4B2AE7C
:10FED00000236366A3664FF07E53E3661323236714
:10FEE000154BA364154BE36443F23443A687A4F88F
:10FEF00040606664A4F8503084F8D46109E74FF498
:10FF0000CA72EBE5D2B2013AD4ED266A94ED277AB3
:10FF1000D4ED287A04F59C75042A3FF607AF01A3B7
:10FF200053F822F097FD0300D5FD030037FE0300D0
:10FF300045FE0300A9FE0300C3F51C410000C842B2
:10FF4000A0F12400FFF7B8BD7047000038B50546A2
:10FF5000144B45F8C83B04462846EEF7C9FBD4F8D5
:10FF6000B400EFF7E5FAA068EFF7EEFA28460EF0D6
:10FF70001FFE04F180000EF0AFFDE06E0A4BA36699
:10FF800008B1EFF7D5FA206FE8F7F4FD04F11C0093
:10FF90000EF0A2FD2069054BE36008B1E8F7EAFD29
:10FFA000204638BDB48105009C81050070810500A4
:10FFB00010B50446FFF7CAFF2046E8F7DFFD2046EC
:10FFC00010BD00001FB500230522CDE901230393D6
:10FFD0006FF00042012301A9C830F2F76BFAE7F78E
:10FFE0006FFA18B903490120E9F782F805B05DF806
:10FFF00004FB00BF3DD4050038B5044680680D46BB
:020000024000BC
:10000000EFF7CCFA226EAA42536807D12366A068A4
:10001000BDE83840EFF7CEBA1A460B46002BF6D0B3
:10002000AB425968F8D15160F1E7000038B5194B7F
:1000300003600446C069F0F7FBFAA56911F020F9E6
:100040000021284611F016FCC0B2012810D011F092
:10005000F3F9606903681B689847E069EFF768FA8D
:100060000D4BE06823602146FFF7C6FF204638BDF0
:1000700002220021284611F0F1FB11F0DDF90120E8
:10008000E7F732FF0021284611F0F4FBC0B2022846
:10009000F5D0DEE78CE505006897050010B504464D
:1000A000FFF7C4FF2046E8F769FD204610BD2DE9A3
:1000B000F04F85B00C4690461D460746DDF838B037
:1000C000E7F7CBFEE66A6061102204F13001684672
:1000D00012F0C6FF337C94F80CA094F80E90013314
:1000E0003374B868EFF766FA336842469B6A69462C
:1000F000304698475FFA8AFA5FFA89F9804695B1E7
:10010000B868EFF74BFA3046EAF736FCBBF1000F60
:1001100009D0237B534504D1A57BB5EB090518BF56
:1001200001258BF80050404605B0BDE8F08F37B58B
:100130006D46044608314FF6FF7328460091ADF82E
:1001400004300EF0E0FE95E8030084E8030020464A
:1001500003B030BD036C1868EFF720BA036C186861
:10016000EFF728BA837B13B9064B1888704790F8CD
:100170002420037B4FF0000062F3070063F30F209D
:10018000704700BFCC2E00202DE9F04105460C46FB
:10019000806805F10C0816461F46EFF7FFF9214667
:1001A0004046FEF731FF044608B3837B052B1ED182
:1001B00090F827203346003A18BF012203F8012B9C
:1001C000024603CAC6F801005960106898606B6E59
:1001D00033612046FFF7C6FF394638804046FEF7B8
:1001E00022FF58B911484FF491710DF02FFEA86805
:1001F000EFF7E0F94FF4FB70BDE8F081C66A3368B1
:1002000030465B6A9847069B1860B3685A7A079B2A
:100210001A80607BEDF782FE03681B689847089B95
:100220001860A868EFF7C6F9C820E5E7526D050029
:100230002DE9F34704460E461746984600F1480953
:100240000025A36CAB4202D802B0BDE8F08759F894
:10025000040F0368D3F808A098F800308DF8043034
:100260003A4601AB3146D0470135EAE773B50C4653
:100270008B7B8DF8043000268E73CE6201AB032297
:100280000546FFF7D5FF237B0133DBB223736B6C8D
:10029000A34208BF6E6494F824100139C9B205F175
:1002A000100002B0BDE87040EEF706BC2DE9F04F3B
:1002B00090F855308FB0044688460192002B59D0F3
:1002C000236C0393E7F792FD4FEA1848B8F5785F7F
:1002D00006907AD027D840F2017398457FD011D884
:1002E00040F21113984575D0B8F5E06F72D040F226
:1002F0000913984569D0AC4942460120E8F7F8FE59
:10030000002347E043F60243984507D043F60253E3
:10031000984503D043F602339845ECD10198E6F7AF
:1003200051FE83884DE044F20263984543D011D8D2
:1003300044F20233984527D044F20333984523D042
:10034000B8F5804FD7D10198E6F73CFE8388023399
:100350005B001FE044F2036398452CD044F2046331
:100360009845C8D10198E6F72DFE82898388134409
:10037000828A25E0E7F771FDA36DC01AB0F57A7F98
:100380009ED90FB0BDE8F08F0198E6F71BFE0388F9
:1003900001339B00029302994046FEF75FFF18BBB2
:1003A0000B46824942460120E8F7A2FE0FB0BDE8A5
:1003B000F04FFBF703BD0198E6F704FE83888289BE
:1003C00013440C2253430433E4E70198E6F7FAFDA3
:1003D0000823DFE7019B58680FF04EFAF8E7019811
:1003E000E6F7F0FD0C23D5E74046E6F715FC41465D
:1003F00007900398FBF7B4FA4578079B0F2D38BF99
:100400000F25DB0FC5F1FF05A5EB4305039B00227C
:10041000814603F26E43049233F8022F22B1049A0C
:100420000132042A0492F7D1079B029A002B40F272
:10043000CE23A8BF4FF43473934201D25C49B2E794
:10044000029BC3F307230A930027049B0298012B06
:100450009FBF99F80421F023C2F103025A43029B83
:1004600088BF00220728A3EB07012A44D9F80330EC
:1004700040F28E80072D40DC8A42C0F08E80002F33
:1004800000F08B80049A012A00F28780069AD31A22
:10049000022B94BF0023012303980122414683F0DD
:1004A0000104FBF709FB069BC9F803304FF000037A
:1004B00089F8093089F80A3040F60473A9F8003049
:1004C000039B89F802405868A9F8078003681B68F5
:1004D0009847A9F80B00002C61D099F8043101333A
:1004E000DBB2039A89F804311269D9F8033001327A
:1004F00004BF039AC2E9043305E08A424DD399F858
:100500000120002ABBD099F80160D9F80320069990
:100510000F2E38BF0F268A42A6F10F03C6F1FF0542
:1005200005D2039AC9F80011C9F803105161079A5E
:100530000136002A4E4434DA9FBB09EB03020299CC
:1005400011740A9A7270C3F1EE0502360223B8F5EF
:10055000785F089300F0F6846CD840F201739845F8
:1005600000F0288528D840F21113984500F06A85DC
:10057000B8F5E06F00F0098540F20913984500F0E6
:100580003E850C4942460120E8F7B2FD002442E0D6
:100590008A4202D3032DB2DC71E701237CE72346B4
:1005A0009FE70023D3E700BF73D40500A4D4050060
:1005B000F8D4050051D5050043F60243984500F0F4
:1005C000B98143F60253984500F04D8443F6023357
:1005D0009845D6D10198E6F7F5FC002403680C9302
:1005E000059023469F4205D8A54281BF0CAAD25C44
:1005F000325501340133042BF4D1059B04334FF001
:100600000C0A4FF0000B0993059B98888345AAF1CB
:100610000802C0F0DE80089B99F8012023441344AF
:1006200089F80130029B27449F42A5EB0405FFF4A3
:100630000CAFBBE644F20263984500F0EA8139D87A
:1006400044F20233984500F0128144F20333984596
:1006500000F03E81B8F5804F93D10198E6F7B2FCE7
:10066000002403680C9323469F4205D8A54281BF0E
:100670000CAAD25C325501340133042BF4D1002191
:1006800082889142C7D282681A449F4232F8042C71
:1006900003D8A54284BF3255013403F1010C6745EC
:1006A00005D8A54282BFC2F3072232550134023376
:1006B0000131E5E744F20363984500F0718244F2AA
:1006C000046398457FF45DAF0198E6F77BFC002456
:1006D00003680C93059023469F4205D8A54281BF2D
:1006E0000CAAD25C325501340133042BF4D1059BA2
:1006F00004334FF00C0A4FF0000B0993059B9888C8
:100700008345AAF10802C0F012830C334FF0000BAE
:100710000993059B98898345AAF10802C0F0558387
:1007200014334FF0000B0993059B988A8345AAF177
:100730000802BFF470AF09980B925946E6F75CFACD
:100740000B9A00680C90002002EB000C674507D85C
:10075000A54281BF0CAB13F800C006F804C00134F9
:1007600001300428F0D1AAF1040209980B925946ED
:10077000E6F742FA0B9A40680C900CA8974206D80C
:10078000A54282BF90F800C006F804C001340132CF
:10079000524500F10100F1D109985946E6F72CFACB
:1007A00082680C920CA852460AF1040C974206D8B3
:1007B000A54282BF90F800E006F804E0013401325F
:1007C000624500F10100F1D10BF1010B0AF10C0AB5
:1007D000AAE709980B925946E6F70EFA0B9A0068B9
:1007E0000C90002002EB000C674507D8A54281BFA2
:1007F0000CAB13F800C006F804C001340130042823
:10080000F0D1AAF1040209980B925946E6F7F4F9DF
:100810000B9A40680C900CA8974206D8A54282BF5C
:1008200090F800C006F804C001340132524500F1CE
:100830000100F1D109985946E6F7DEF982680C9279
:100840000CA852460AF1040C974206D8A54282BF72
:1008500090F800E006F804E001340132624500F14E
:100860000100F1D10BF1010B0AF10C0ACCE6019861
:10087000E6F7A8FB002483680C9323469F4205D823
:10088000A54281BF0CAAD25C325501340133042B3E
:10089000F4D1002302889900934201F10401BFF4CE
:1008A000BAAE426852F823200C92002201EB020CEF
:1008B000674508D8A54281BF0DF1300C1CF802C075
:1008C00006F804C001340132042AEFD10133E1E714
:1008D0000198E6F777FB002483680C9323469F4238
:1008E00005D8A54281BF0CAAD25C32550134013330
:1008F000042BF4D1002203884FEA820C9A420CF1B7
:100900000401BFF488AE436863441B680C93002362
:1009100001EB030C674508D8A54281BF0DF1300CEF
:100920001CF803C006F804C001340133042BEFD1D6
:100930000132E0E70198E6F745FB002403680C93D9
:10094000059023469F4205D8A54281BF0CAAD25CE0
:10095000325501340133042BF4D1059B04334FF09D
:100960000C0A4FF0000B0993059B98888345AAF168
:100970000802BFF450AE09980B925946E6F73CF9CD
:100980000B9A00680C90002002EB000C674507D81A
:10099000A54281BF0CAB13F800C006F804C00134B7
:1009A00001300428F0D1AAF1040209980B925946AB
:1009B000E6F722F90B9A40680C900CA8974206D8EB
:1009C000A54282BF90F800C006F804C0013401328D
:1009D000524500F10100F1D109985946E6F70CF9AA
:1009E00082680C920CA852460AF1040C974206D871
:1009F000A54282BF90F800E006F804E0013401321D
:100A0000624500F10100F1D10BF1010B0AF10C0A72
:100A1000AAE70198E6F7D6FA002403680C9305903C
:100A200023469F4205D8A54281BF0CAAD25C32550D
:100A300001340133042BF4D1059B04334FF00C0A2D
:100A40004FF0000B0993059B98888345AAF1080293
:100A500058D30C334FF0000B0993059B98898345BD
:100A6000AAF10802BFF4D7AD09980B925946E6F7F0
:100A7000C3F80B9A00680C90002002EB000C67454D
:100A800007D8A54281BF0CAB13F800C006F804C01C
:100A9000013401300428F0D1AAF1040209980B9224
:100AA0005946E6F7A9F80B9A40680C900CA89742B3
:100AB00006D8A54282BF90F800C006F804C00134F1
:100AC0000132524500F10100F1D109985946E6F78B
:100AD00093F882680C920CA852460AF1040C9742D3
:100AE00006D8A54282BF90F800E006F804E0013481
:100AF0000132624500F10100F1D10BF1010B0AF165
:100B00000C0AAAE709980B925946E6F775F80B9A72
:100B100000680C90002002EB000C674507D8A54246
:100B200081BF0CAB13F800C006F804C001340130DB
:100B30000428F0D1AAF1040209980B925946E6F76D
:100B40005BF80B9A40680C900CA8974206D8A54217
:100B500082BF90F800C006F804C00134013252454B
:100B600000F10100F1D109985946E6F745F882688D
:100B70000C920CA852460AF1040C974206D8A542E2
:100B800082BF90F800E006F804E0013401326245CB
:100B900000F10100F1D10BF1010B0AF10C0A52E74F
:100BA0000198E6F70FFA002403680C93059023469A
:100BB0009F4205D8A54281BF0CAAD25C32550134B0
:100BC0000133042BF4D1059B04334FF00C0A4FF092
:100BD000000B0993059B98888345AAF1080258D316
:100BE0000C334FF0000B0993059B98898345AAF1BC
:100BF0000802BFF410AD09980B925946E5F7FCFFC7
:100C00000B9A00680C90002002EB000C674507D897
:100C1000A54281BF0CAB13F800C006F804C0013434
:100C200001300428F0D1AAF1040209980B92594628
:100C3000E5F7E2FF0B9A40680C900CA8974206D8A3
:100C4000A54282BF90F800C006F804C0013401320A
:100C5000524500F10100F1D109985946E5F7CCFF62
:100C600082680C920CA852460AF1040C974206D8EE
:100C7000A54282BF90F800E006F804E0013401329A
:100C8000624500F10100F1D10BF1010B0AF10C0AF0
:100C9000AAE709980B925946E5F7AEFF0B9A006850
:100CA0000C90002002EB000C674507D8A54281BFDD
:100CB0000CAB13F800C006F804C00134013004285E
:100CC000F0D1AAF1040209980B925946E5F794FF76
:100CD0000B9A40680C900CA8974206D8A54282BF98
:100CE00090F800C006F804C001340132524500F10A
:100CF0000100F1D109985946E5F77EFF82680C9210
:100D00000CA852460AF1040C974206D8A54282BFAD
:100D100090F800E006F804E001340132624500F189
:100D20000100F1D10BF1010B0AF10C0A52E709980D
:100D30000B925946E5F760FF0B9A00680C90002073
:100D400002EB000C674507D8A54281BF0CAB13F836
:100D500000C006F804C0013401300428F0D1AAF123
:100D6000040209980B925946E5F746FF0B9A406832
:100D70000C900CA8974206D8AC423EBF90F800C039
:100D800006F804C001340132524500F10100F1D1EE
:100D900009985946E5F730FF82680C920CA8524634
:100DA0000AF1040C974206D8A54282BF90F800E0F1
:100DB00006F804E001340132624500F10100F1D18E
:100DC0000BF1010B0AF10C0A98E409980B925946B1
:100DD000E5F712FF0B9A00680C90002002EB000C64
:100DE000674507D8A54281BF0CAB13F800C006F8D1
:100DF00004C0013401300428F0D1AAF1040209989A
:100E00000B925946E5F7F8FE0B9A40680C900CA837
:100E1000974206D8A54282BF90F800C006F804C0E9
:100E200001340132524500F10100F1D109985946CF
:100E3000E5F7E2FE82680C920CA852460AF1040C17
:100E4000974206D8A54282BF90F800E006F804E079
:100E500001340132624500F10100F1D10BF1010BC7
:100E60000AF10C0A55E40198E6F7ACF8002403688F
:100E70000C93059023469F4205D8A54281BF0CAA3A
:100E8000D25C325501340133042BF4D1059B043379
:100E90004FF00C0A4FF0000B0993059B988883458F
:100EA000AAF10802BFF4B7AB09980B925946E5F7CF
:100EB000A3FE0B9A00680C90002000EB020C674523
:100EC00007D8A54281BF0CAB13F800C006F804C0D8
:100ED000013401300428F0D1AAF1040209980B92E0
:100EE0005946E5F789FE0B9A40680C900CA897428A
:100EF00006D8A54282BF90F800C006F804C00134AD
:100F00000132524500F10100F1D109985946E5F747
:100F100073FE82680C920CA852460AF1040C9742A8
:100F200006D8A54282BF90F800E006F804E001343C
:100F30000132624500F10100F1D10BF1010B0AF120
:100F40000C0AAAE70198E6F73DF8002443680C93E1
:100F500023469F4205D8A54281BF0CAAD25C3255D8
:100F600001340133042BF4D102680C920CAA9F4285
:100F700004D8A54282BF1178315501340133082BC2
:100F800002F10102F3D1FFF746BB019B58680EF056
:100F900073FCCDE90C01002423469F4205D8A542ED
:100FA00081BF0CAAD25C325501340133082BF4D135
:100FB000FFF731BB0198E6F705F8002483680C932E
:100FC00023469F4205D8A54281BF0CAAD25C325568
:100FD00001340133042BF4D1D0E90001CDE90C0137
:100FE0000CAA9F4204D8A54282BF11783155013422
:100FF00001330C2B02F10102F3D1FFF70CBB019876
:10100000E5F7E0FF002443680C9323469F4205D890
:10101000A54281BF0CAAD25C325501340133042BA6
:10102000F4D102680C920CAA9F4204D8A54282BF58
:101030001178315501340133082B02F10102F3D14B
:10104000FFF7E9BA019B58680EF016FCCDE90C01D8
:10105000002423469F4205D8A54281BF0CAAD25C3A
:10106000325501340133082BF4D1FFF7D4BA00BF55
:101070002DE9F341067C022E04460D4606D040F2CF
:10108000F71202B0BDE8F041E6F7C5B8CB8843F2ED
:1010900001518B4222D043F202518B421BD1D368C3
:1010A00001210DF1070208461E788DF80710EFF7B1
:1010B000F5FB9DF80730B34200D138B901218DF816
:1010C00007600DF107020846EFF7C0FCC822294669
:1010D0002046E6F7A0F802B0BDE8F081D36801270A
:1010E0000DF107023946304693F800808DF80770FD
:1010F000EFF7D4FB9DF807304345E7D17B408DF8EF
:1011000007300DF1070239463046DDE773B5044676
:1011100051480D461646FDF77BF9237C022B08D07B
:1011200040F2F7122946204602B0BDE87040E6F7CB
:1011300072B8EB88A3F56063032B00F28980DFE8C7
:1011400003F02D02724A454B1B780A2B02D040F265
:101150009312E7E742480AF099F950B14FF4E920B9
:101160000AF094F928B13F480AF090F908B13E4AD4
:1011700009E03B48FDF7CCF90AF026F950B13848B0
:10118000FDF778F9394A2946204602B0BDE870409B
:101190000EF070B93248FDF76DF948E02F4B1B781F
:1011A0000A2B02D04FF4FA72BCE731480AF06EF90C
:1011B00010B140F29912B5E72D48FDF7A9F90AF0F0
:1011C00003F900280CBF4FF4FA76C8262848FDF72B
:1011D00051F93246A6E7F3681E78204B1B780A2B9C
:1011E000E0D11F2E02D94FF4C8729BE7042101AA57
:1011F0000846EFF753FB019A22FA06F3DB070FD4F8
:1012000001230421B3401343084601AA0193EFF7D9
:101210001DFCC82229462046E5F7FDFF02B070BD3F
:1012200040F29912F6E70D4B1B780A2B01D0114AB8
:10123000A9E711480AF02AF9002898D10E48FDF7CD
:1012400067F90AF0C1F808B10B4899E70A48A2E724
:101250004FF4CA7266E700BF86D5050069360020E4
:10126000004207000043070099010100C800010087
:1012700000490700F4010100004607002DE9F04F86
:101280000646CFB0AD480F4615460AF0FFF80446B3
:1012900040B94FF4FA72394630464FB0BDE8F04FCE
:1012A000E5F7B9BF0021E62214A812F011FC05F100
:1012B0000800E5F787FE83680593037BD0E9001BF0
:1012C000002B00F08B8002690892426990F824801C
:1012D0000692026A0792D0E90659B8F1000F7FD052
:1012E000028DD0F82CA009920DF1BF000B93FCF7F2
:1012F000B5FC584611F0C8FF13280246594628BFCE
:1013000013220DF1A1000A9211F0AAFE0A9A059883
:1013100002F59C730DEB03024FF0000B02F897BC33
:1013200011F0B2FF09280246059928BF09220DF1E4
:10133000B5000A9211F094FE0A9A02F59C730DEB27
:1013400003020B9B02F883BC002B4DD008990DF1D2
:10135000F100FCF783FC069811F096FF022828BFE5
:1013600002200246069983460DF19E0011F078FE98
:101370000BF59C730DEB03004FF0000B00F89ABCCB
:10138000079811F081FF10280246079928BF102204
:1013900038A8059211F064FE059A02F59C730DEBD6
:1013A000030202F858BC1DB3284611F06DFF0C284B
:1013B0001ED1CDE910BB2B78302B18D9372B20D874
:1013C00010AB01935E490DF1330300930FAA0EABEE
:1013D000284612F069F804280AD137E0089374E728
:1013E000C246CDF824807FE78DF8F130B3E715D001
:1013F0004FF4C87239463046E5F70DFF4FB0BDE8EF
:10140000F08F382B0AD0392BF2D110AB01930DF1AC
:10141000330300934B490EAB0FAAD9E700230D937A
:101420000DAC10ABCDE901430DF1330300934649F8
:101430000EAB0FAA284612F037F80528D8D10D9C1C
:10144000013CE4B2082C8CBF002401240F9B0F3B0D
:10145000DBB2402BCCD80E9B013BDBB2342BC7D880
:101460009DF833302F2BC3D9392B03D9402BBFD94B
:101470005A2BBDD8002306E0ABF1300BBBF1090FAE
:1014800003F10103B4D84EAA52FA83F212F8F8BC61
:10149000BBF1000FF0D1002CAAD00C22294614A8D1
:1014A00011F0DEFD232259460DF5897012F010FB74
:1014B000B9F1000F14D1B8F1000F39D1234B244AF0
:1014C000CDE91023E6F792FC4FF48373129014A930
:1014D00010A813930BF04EFD68B34FF4FA7289E72E
:1014E0002321484611F01FFE494602460DF589703A
:1014F00011F0B6FDDFE70134099B9C42DED25AF8B9
:101500003400294611F0E8FC0028F4D10AEBC404A9
:101510006368002BD2D014AAA3F11201D87B1073F8
:10152000187C5073033B8B4202F10202F6D1C5E7EF
:10153000084D0024E0E7C9225CE700BF0046070031
:10154000B6D50500DFD50500C7D505000100E600CA
:10155000484C4154DBB0050070B50446A4B05C486B
:101560000D461646FCF754FF237C022B08D040F2B0
:10157000F7122946204624B0BDE87040E5F74BBE7F
:10158000EB88A3F56063032B00F29E80DFE803F095
:101590000A02947132462946204624B0BDE87040C4
:1015A000FCF740BD7822002106A812F091FA06F15E
:1015B0000800E5F707FD0388ADF8003043684548AB
:1015C000019309F063FF38B94FF4FA7229462046B7
:1015D000E5F721FE24B070BD00216846E5F70CFB5D
:1015E0000021036818936846E5F706FB002143686D
:1015F00019936846E5F700FB012183681A93684652
:10160000E5F7FAFA012103681B936846E5F7F4FA57
:10161000012143681C936846E5F7EEFA02218368CE
:101620001D936846E5F7E8FA022103681E936846B1
:10163000E5F7E2FA022143681F936846E5F7DCFA12
:10164000836825492093254BCDE90213E6F7CEFBAD
:1016500040F20913049006A902A805930BF08AFC36
:10166000034620B11E4A01210020E9F721F8C922D2
:10167000ACE7F3681E781F2E02D94FF4C87278E7E2
:1016800004214FF0FF3306AA08460693EFF706F948
:10169000069B23FA06F2D2070BD50122B2400421A1
:1016A00023EA0203084606AA0693EFF7CFF9C822F9
:1016B0008CE740F2991289E732462946204624B049
:1016C000BDE87040FFF7DABD4FF4CA7251E700BFC2
:1016D000F3D50500004907004D41474E0100780051
:1016E00036CF05000C4B10B503F15C020360983354
:1016F00004464262C3627830E6F774F804F12C00C5
:101700000DF0CAFE04F12400E5F7BCF82046E5F729
:10171000F7FE204610BD00BFB0720500A0F12C00FE
:10172000FFF7E0BFA0F12400FFF7DCBF10B50446CF
:10173000FFF7D8FF204611F0CFFA204610BDA0F1E8
:101740002400FFF7F3BFA0F12C00FFF7EFBF00006C
:1017500070B591F91C30002B86B00C4615462FDA77
:10176000436891F82410D86909090DF087FB237F9D
:1017700003F01F030A3B0D2B2ED8DFE803F0292BC3
:101780002D32342D07232D2D2D2D25270423D4E98B
:1017900008218DF80D300023E68B0093CDE904215C
:1017A000124BADF80E602A4603A901248DF80C40B7
:1017B000F0F7A8FF03A8E5F78BFE03A8E6F712F8F9
:1017C00006B070BD0523E2E70223E0E70323DEE76E
:1017D0000623DCE70723DAE7054840F651110CF051
:1017E00035FB0023D3E70123D1E700BFE43E00200F
:1017F000526D05002DE9FF4705460C468068EDF760
:10180000CDFE04F1100105F10C00FDF70CFC0646BD
:10181000B8B9A868EDF7CEFE4FF4FB7A0DF10E00D3
:10182000ADF80EA00DF0BCFCC82802465AD0CA285C
:1018300054D1D5F8B0302360C5F8B04004B0BDE84D
:10184000F087837B052BE4D1C36AE360E6F705FBF1
:10185000E3689B685F6863695A79134480469A7AA3
:10186000DB7ABFF35B8F03F0030342EA032305F542
:101870008E7252E8000F184442E800010029F8D1A6
:10188000BFF35B8F4FF00009CDF8009031466269DD
:101890004B462846FEF70BFCCA280646824606D170
:1018A000012347442371A7604FF0CA0AB6E7E068F6
:1018B000E9F762F8C82EC4F80C90AFD1A369002BE9
:1018C000ACD002232371E6F7C8FAA3690344A360EE
:1018D0006069ECF76DFEC4F81490E5E721462846F0
:1018E000FFF736FF2146284604B0BDE8F047FDF774
:1018F00059BB2DE9F04F87B0D0E9016B43690193E3
:10190000836900931746D0F81CA0E6F7B3FAD6F81F
:10191000D090814514BF6FF000410021804606F150
:101920008000F0F737F9C0B2FF2861D0D6F88810F0
:10193000019B89884143D6F8900044180025455002
:101940002571BBF80020A3617B792282083307EB65
:10195000030BC4E9025567615846EDF707FB9BF896
:101960000110227F01F01F0122F07F0201380A439B
:10197000C0B22277012898BF8AF00405227F98BF61
:10198000C5F3800565F3C71222779BF804209BF806
:10199000053042EA0323E383009BC145C4E9083ACA
:1019A0000FD121463046FFF725FFCA252846E5F727
:1019B00087FD00BB3846ECF7FBFD284607B0BDE8C5
:1019C000F08F00220123ADF8142003A96FF000422C
:1019D00006F1C800CDE90334F0F76CFD0546E5F7E4
:1019E0006FFD0028E2D121463046FDF7DBFADDE746
:1019F00040F2FB15DAE7CA25DFE700002DE9FF47D3
:101A00000B78013B0546042B00F21281DFE813F04E
:101A100005000B005800F8004100496804B0BDE81B
:101A2000F047FFF7E7BE48684E88D5F8B04000277A
:101A30006CB9437903445B7A03F01F03142B38D845
:101A4000112B38D904B0BDE8F047ECF7B1BD63699C
:101A5000984204D12379012B04D0032B21D02746AF
:101A60002468E5E7E068E8F787FF4FF00008C82E34
:101A7000C4F80C8010D1A3699BB102232371E6F74F
:101A8000ECF9A3690344A3606069ECF791FDC4F825
:101A9000148004B0BDE8F087324621462846FFF79F
:101AA00057FE3A462146284604B0BDE8F047FDF708
:101AB00093BA1A2BC6D04FF40D615F480CF0C6F9EB
:101AC0004E68B1F80280747908343444637803F0C6
:101AD0001F021A2A33D1E27813F0800FA37802F0A4
:101AE000030214BF1F21062143EA02238B4207D0C1
:101AF00052490120E7F7FCFA3046ECF759FD6DE05A
:101B00002344A2885988D0F8B0400027002CF3D095
:101B10002079022810D1E08B90420DD1E08C8842D0
:101B20000AD11A8821462846FFF712FE3A46214676
:101B30002846FDF751FADFE727462468E6E74FEA33
:101B400018294846ECF7EAF90368A7885B689847C4
:101B5000036803AADB682146984738B96278384998
:101B600002F01F020120E7F7C3FAC5E7BDF80E3007
:101B7000D5F8B010002221B99DF80C305B07BBD519
:101B80000BE00879022830D1C88BB8422DD1C88C1F
:101B900098422AD12846FDF71FFA9DF80C706B6811
:101BA0003F09D86939460DF0F8F80DF1080AF8B187
:101BB00061784FF48073ADF80830CDE9009A5FFA90
:101BC00088F3324601F01F01F1F704FACA235046A8
:101BD000ADF808300DF0E4FACA288DD1D5F8B4007C
:101BE00004B0BDE8F047EEF723BD0A460968C2E736
:101BF00014493A460120E7F77BFA4FF4DE73E6E733
:101C00004E884C68300AECF789F903685B6898479E
:101C1000637902686968976808332344F2B2043133
:101C2000B84718B908490120E7F762FA204664E787
:101C300040F2334141E700BF526D050021D6050057
:101C400047D6050067D60500E59405002DE9F04F5D
:101C500097B0D1E901A905460C460DF12500497A56
:101C6000059116461F46E5F728FF07AB02930DF1D5
:101C70001A0301930DF1240808AB0DF1180B009322
:101C800005995B4642462846FEF77EFAC8281AD1D7
:101C90000E4ABDF81A300798ADF84830CDE90E2548
:101CA0000023089A11920268CDF840B0CDE9018373
:101CB000CDE9133A0EAB0093D568CDF854903B466E
:101CC00032462146A84717B0BDE8F08FF4980500CA
:101CD0002DE9F0478AB0064608461746DDF85080E1
:101CE0001D46FEF73FFA0DF114090C46ADF814003D
:101CF000494606F10C00FDF796F9C8F8000094F883
:101D00002730002B14BF1F2306230DF1150014BF2D
:101D10004FF0010A4FF0000A1D44E5F7CEFE03CC58
:101D2000736ECDF8150009932068D8F80030CDF80F
:101D30001910CDF81D008DF814A0D86A03685B6AED
:101D40009847D8F80030DB6A9B685A7A139BCDE934
:101D50000293BDF848300121CDE90073ABB202F027
:101D60001FFF0AB0BDE8F0872DE9F04F98465B7978
:101D7000083308EB030618F80330A52BB7B0054667
:101D8000894692460CD1B8F80610052908D9F27890
:101D9000B37802F0030243EA02239A1D8A4209D073
:101DA00065490120E7F7A4F94FF4C8744046ECF701
:101DB000FFFB83E096F90120002A0ADA182B01D8EC
:101DC0005E49EEE75E490120E7F792F940F2F5142B
:101DD000ECE78068EDF7E2FB05F10C03524618468C
:101DE0004946159302F076FC0DF1A40B0446002140
:101DF0005846E5F789FE727802F01F03123B012B6B
:101E000031AF00F2818102F01F0316936CB9132BDE
:101E100000F074810094159853464A4659460AF0DA
:101E20004DFC0446002800F06C8196F90130002B2F
:101E3000ABBF06F1060A06F11F0A093622362CA9A5
:101E40003046E5F750FED9F8003048469B68984781
:101E50003C4911F041F8A27B052AD3B203D0062BEE
:101E60001BD0032B32D188B931462046E5F73DFE21
:101E700060B939462046E5F736FEE5F7EEFFE5F7AF
:101E8000ECFF314B18604FF0C80A08E04FF4FC72C9
:101E9000214628460AF060FBA0B940F2F71A28460E
:101EA000FEF790F8A868EDF785FB31A8ADF8C4A05F
:101EB0000DF076F9CA2804467FF478AF204637B093
:101EC000BDE8F08F237B0133DBB223739AF8013036
:101ED000092B08D940F2F912214628460AF03CFBAA
:101EE00040F2F91ADBE79AF80030082B08D840F2E4
:101EF000F912214628460AF02FFB4FF4D57ACEE797
:101F00003046E5F7E2FD814668B1686E3146E5F797
:101F1000ECFD40B995F824219AF80030B2B9092BAC
:101F200028BF092315E04FF4C872214628460AF05D
:101F300013FB4FF4C87AB2E79DD60500D4D605004E
:101F400012D70500E4840500F0EF0020934228BF7B
:101F5000134663739AF8023084F82530DAF80300E8
:101F6000DAF80710234603C3DAF80B0018600AF109
:101F70000F0104F11C000CF092FC9AF81730E27B80
:101F8000DB4363F30002E2739AF8173083F0020335
:101F9000C3F34003D2B263F38202E2739AF81730BC
:101FA000D2B2C3F3800363F3C302E2733946686EAF
:101FB000E5F799FD16999B4B9B4A132918BF1A46C2
:101FC0009AF80030179394F824301893237F1993CC
:101FD000637F1A93A37F1B9394F820301C9394F88B
:101FE00021301D9394F822301E9394F823301F93D0
:101FF000637B209394F825302592219302F08EFD87
:102000000178249102F08AFD4378229302F086FD44
:10201000867802F083FD90F804A002F07FFD90F82E
:1020200005B002F07BFD8379239302F077FD09234D
:102030001393239BC07924991290CDE910B3229B6E
:102040000D93219B0C91CDE90A73209B09931F9B53
:1020500008931E9B07931D9B06931C9B05931B9B3C
:1020600004931A9B0393199B0293189B6F49CDE924
:102070000E6A01932CAB0093259A179B0120E7F77A
:1020800037F8E37BA67B13F00103F6B24FF00507A8
:1020900030D0E5F7E2FEA77300F5FA40E37B20615C
:1020A00069F30413E37315988DF8A06028AB01223F
:1020B0002146FEF7BDF8169B132B3FF4E4AE002338
:1020C0008DF8A030012228AB214628460AF0D0F92D
:1020D0009DF8A0308246002B7FF4E1AE20F0020391
:1020E0009BB2C82B3FF4CFAE0246214628460AF0E9
:1020F00033FAD4E6A77399461846CFE74FF4FB7A34
:10210000CDE640F2FB1ACAE6002C53D0A37B052B88
:1021100050D1E37B94F8249094F80DA0DB0704D50C
:10212000E5F79BFE00F5FA402061A868EDF742FA5A
:10213000737803F01F03142B39D098F8053043440B
:102140009A7ADB7ABFF35B8F03F0030342EA03233F
:1021500005F5907252E8000F184442E8000100298A
:10216000F8D1BFF35B8F3046ECF700FFC4B2032C0D
:1021700024D0012C21D05046EBF7D0FE03685B68D9
:1021800098470DF19E02036802922CAACDE900B295
:102190003146D3F800B04A460023D847C0B290BBBE
:1021A0007278234902F01F020120E6F7A1FF4FF0E9
:1021B000C80A7AE64FF4FB7A74E60424D5F8B40032
:1021C000EEF7BEF800238DF8C53049EA0A29ADF8CC
:1021D000CC306FF000420123394605F1C8008DF87C
:1021E000C440ADF8C690CDF8C880F0F763F98246D8
:1021F000E5F766F920B9D5F8B400EEF719FA54E618
:102200004FF0CA0A51E6042C16D19DF8B0B04FEA3F
:102210001B1BBBF10F0F58D106490120E6F768FFE1
:10222000C5E700BFB561050099D6050033D70500A5
:1022300047D6050088D705009DF8A4B04FEA1B1BC0
:10224000BBF10F0F41D132490120E6F751FF022CBB
:10225000ADD1A868EDF7A2F949461598FCF7D4FE70
:10226000014670B328AB02970193B38800931A22FA
:1022700006232846BDF8B290FFF72AFD064600B3B4
:10228000BDF8A02043791344083318444FF0000AE6
:102290006FF00A020127F25451464770A0F80290ED
:1022A0002246043011F014FC3199CDF800A03B46D1
:1022B00032462846FDF7FBFECA2802D03046ECF72E
:1022C00077F9A868EDF776F971E76B685946D86930
:1022D0000CF063FDA0B171784FF48073CDE900A7D5
:1022E000ADF8C43042464B4601F01F01F0F772FED4
:1022F0004FF0CA0A5046E5F7E3F80028A7D0D4E526
:1023000004495A460120E6F7F3FE4FF4DE7AF1E77E
:1023100088D7050067D605002DE9FF410646E5F799
:1023200035FD00283FD1F3685B68586A6FF00042C2
:10233000036800929C6808224FF400730221A047B2
:10234000054670B1604F0024E5F720FD80B1E5F748
:102350001DFD002850D1002C78D05C48EF210BF0F7
:1023600075FD5B49012004B0BDE8F041E6F7C0BE51
:1023700004BBF0690021EDF797FFB8B9554901207A
:10238000E6F7B6FE2846ECF713F9F069EDF7D8FF4B
:10239000F069EEF74DF950490120E6F7A9FEE5F79F
:1023A000F5FC0028BBD004B0BDE8F081F069EEF781
:1023B0003FF900247069C4F10E030393036804F12C
:1023C00008019B6803AA2944984748B9434901205A
:1023D000E6F78EFEE5F7DAFC0028CAD00024B6E75F
:1023E000039B1BB9002CF5D03D49F0E71C440D2C94
:1023F000AAD9E5F7CBFC38B1002DD4D0284604B0DB
:10240000BDE8F041ECF7D4B80E2CA6D1EA7CAB7C49
:1024100002F0030243EA02232A7AD32A04D103F109
:102420000E08B8F5027F17D905F1080300221846F7
:10243000114601320E2A09D013F8014FD32CF7D1DF
:102440000931C2F10E02294411F028FBE5F79EFC88
:1024500000283FF478AFCFE70633EB80E5F796FC32
:102460000028F3D1A8EB040303936BB170690368F0
:1024700004F108019B6803AA29449847F0B1039B23
:10248000E3B11C44A045E9D82B46164AF068314612
:10249000FFF76AFC20F002039BB2C82B3FF43FAF6A
:1024A000643880B2B0F5CC7F36BF0F4B0F4A53F87B
:1024B00020200F490120E6F71BFE30E739460120B6
:1024C000E6F716FEC2E700BF57D8050069CE050043
:1024D000B8D70500D8D70500EFD7050005D8050007
:1024E0002BD8050074E5050014DF05003B640500EA
:1024F0007BD805002DE9F04F91B00546E5F7ADFC1E
:1025000005F114080646A868EDF748F8414609A801
:10251000FDF70DFE099BBDF82820DB899A422DD1DD
:1025200041460BA8FDF703FEA74F0B9BBDF83020DB
:10253000DB899A4240F02281A868EDF73BF8D5F894
:10254000B0404FF000084FF0030A002C40F04081EB
:10255000D5F8B0209C48002A40F08881B84228BFB6
:1025600038460A306428984B38BF6420984228BF08
:10257000184640F0004011B0BDE8F08F09A8EBF715
:10258000F4FC836904469BB19B1B002B10DC0BA958
:10259000E5F7A9FA8D4901200BAAE6F7A9FD214626
:1025A00005F10C00FDF762FE09A80CF0ACFCB1E7E8
:1025B00094F82830012BA37B04D1062BF4D04FF4E0
:1025C000FC7293E0012BDAB2EED9072AECD0E27B61
:1025D000D70603D523699B1B002B22DDA37B052B8C
:1025E000E2D194F82730002BDED1D107DCD5626927
:1025F00043F69721B21A8A42D6DD0BAA029208AAA4
:10260000CDE900322146142228468DF81F30FFF70D
:102610005FFB8146002840F0988040F2FB173A4665
:1026200064E0A37B023B042BBED801A151F823F048
:1026300045260400BF250400BF250400BF25040073
:10264000452704009007E76AB9D5A37B94F82710C3
:10265000BA68DBB205F10C0A00294CD103211268DB
:10266000A173E17B324441F01001E1732261214604
:102670008DF82C3001220BAB5046FDF7D9FD10220E
:1026800004F130010BA894F80CB010F0E9FC3B7C8D
:1026900001333B74A868ECF78DFF3B680BA99B697D
:1026A000384698478146A868ECF778FF3846E8F73F
:1026B00063F9237B5FFA8BFB9B457FF475AFA27BAD
:1026C000032AD3B27FF470AFB9F1C80F13D0B9F1B8
:1026D000CA0F3FF469AF0222A27321468DF8203061
:1026E000012208AB5046FDF7A3FD4A462146284685
:1026F00009F032FF58E7BA6804215268A173E17B00
:10270000324441F01001E173226121468DF82C30F2
:1027100001220BAB5046FDF78BFD00220BAB21468F
:1027200028468DF82C2009F0A3FE20F002039BB26E
:10273000C82B02463FF438AF9DF82C30002B7FF4B5
:1027400033AFD3E74FF4FB72D0E70DF11F030093D3
:1027500002460B9901232846FDF7A9FCCA28074623
:102760003FF422AF4846EBF723FFC82F3FF41CAFDE
:102770009DF81F30002B7FF417AF50E70BA8EBF745
:10278000F4FB827B052AD3B207D0072B01D0012BA3
:1027900011D10BA80CF0B7FBC7E690F8273053B95E
:1027A000C37BDA0707D54369F31AC3F56A531833B5
:1027B0009F42A8BF1F46C37BDB06EAD503699B1B6C
:1027C0009F42A8BF1F46E4E7FEFFFF7FA9D8050090
:1027D0002379013B012B47D8A3689B1B002B1DDDF0
:1027E00004F1100105F10C00FCF71DFC00283BD1A1
:1027F0004FF4FB7294F80490B9F1010F11D000234B
:10280000E36021462846FEF7A3FF214642462846BC
:10281000FCF7E2FB4446A046044696E64FF4CC7231
:10282000E8E7E06820B940F2E37116480BF00EFBD0
:1028300084F804A003680592DB6A616998478346BF
:10284000E068E8F799F8BBF1C80F059AD7D0BBF15B
:10285000CA0F09D0BBF5CA7F06D00B494846E6F738
:1028600047FC4FF40061E0E72068D4E711790139B3
:10287000012904D89168891B8842A8BF08461268BC
:1028800069E600BF526D0500C1D80500014AC0E9E4
:10289000002170472B000300014AC0E90021704766
:1028A00022000300014AC0E9002170472300030011
:1028B000014AC0E90021704725000300014AC0E930
:1028C0000021704726000300014AC0E9002170473B
:1028D00027000300014AC0E9002170472C000300D3
:1028E000014AC0E9002170472D0003002DE9F84F8F
:1028F0001D4603680B9F5B698A4651888046914656
:1029000098470446E8B100234FF6FF7234F81310DD
:10291000914218D1402D28BF40259D4228BF1D4619
:102920000A9E04EB450B5C4506F106060DD1A7F89F
:1029300000A099F80030BB7001233B750A9B3D83D2
:10294000FB61BDE8F88F0133E0E7D8F8002034F8E8
:10295000021B126940469047028826F8062C4288DE
:1029600026F8042C027902F00101C2F3400206F8B5
:10297000021C06F8012CD6E7704708387047086833
:102980007047704708387047704708387047037EB3
:102990000A681344026993429DBFC068C01808606A
:1029A0000020704730B40546084611461A460368B1
:1029B0001C68AB88A44630BC604770B40546084626
:1029C0009DF8106004680496AD8811461A46039B72
:1029D00003952468A44670BC6047704710B5044650
:1029E000C0686AB1636803445B4201390B4050FA26
:1029F00083F0A3680244E2609A4288BF4FF0FF3040
:102A000010BD10B50A68037E04691344A34201D9BE
:102A1000002010BDC26813440B60002BF8D0224484
:102A200019469142F4D011F8014B002CF9D1CA1A81
:102A300008300121FFF7D2FF013018BF0120E8E77D
:102A40004A888978C1F3C201013108B5C2F38912FD
:102A5000C9B20830FFF7C2FF029B1860013018BFEF
:102A6000012008BD10B55468037E23440469A342C5
:102A700003D8C4681C44546014B90024204610BD17
:102A8000029B12881A604B888978C1F3C201C3F394
:102A9000891301315A43C9B20830FFF79FFF039BE6
:102AA00018600130EAD1E8E77047000010B5094C22
:102AB0000B1D00F00F020009A25C03F8012D8B42F0
:102AC000F7D1DA1C00210F3302F8011F9A42FBD123
:102AD00010BD00BF236B0600C0B2002348700B700E
:102AE00070477047704729DF704728DF704770B51F
:102AF00003689E6886B004460D466EB1142200211C
:102B0000684610F0E5FFA3680593237901952BB182
:102B1000012B0DD06846B04706B070BD01238DF87B
:102B2000003023690293E368039363690493F1E738
:102B300002238DF80030E3681B030293F5E70000E1
:102B4000074B1A885B889A4208D1064B53E8021F4C
:102B5000C1EA214143E80212002AF7D1704700BFC1
:102B600040F1002044F100200D4B10B501214360DD
:102B70000C4B53E8002F42EA010043E8000494F0B4
:102B8000000FF6D14AB9084909781974074B08496A
:102B90009A60C3E90012074ADA60002010BD00BF46
:102BA00084F405002CF10020383B002044F1002083
:102BB0009CF000208C001C000846704700207047E5
:102BC000024B187A003818BF012070472CF1002002
:102BD000034B187A0122B0FA80F05A74400970470A
:102BE0002CF10020ADDF7047034607B51A88112A83
:102BF000084608D0502A09D0102A01D19B880384A6
:102C000003B05DF804FB4FF6FF73F8E7D9888289BB
:102C10009142F5D11A8A022AF2D10268002AEFD035
:102C20005B8A03F0010383F0010301A98DF80430EE
:102C30009047E5E74BDF70478268C3689A420AD045
:102C40008268838813400268D35C0B708368013309
:102C500083600020704705207047036800229B6C4A
:102C60000121184748DF704749DF70474ADF704746
:102C7000026890F8241010B4946C826A23465DF8C0
:102C8000044B18470438012808B504D8FFF7ECFFB7
:102C9000014B01221A7008BD8DF0002008B50328F1
:102CA0000AD8DFE800F002140B0F0B4B00225A6029
:102CB0001A700A4B01221A70074808BD064B002201
:102CC0005A60F8E7FFF7D0FF054B01221A70024B5C
:102CD000044A5A600322EEE770F000208CF00020D6
:102CE0008DF000207CF000207047000007B5142212
:102CF0000021114810F0ECFE104B53E8021FD88859
:102D0000B1EB314F4FF0000217BF89B240EA0040EB
:102D100041EA004004E05968B1EB314F08BF01229D
:102D200043E802010029E8D18DF807209DF807301B
:102D3000002003B05DF804FB2CF1002044F10020DA
:102D400038B514460D4607C984E807002B7B23736A
:102D50006B7B6373AB7BA373EA7BE37B62F3000360
:102D6000E373EB7BE27BC3F3400363F34102E27363
:102D7000EB7BD2B2C3F3800363F38202E273EB7B9B
:102D8000D2B2C3F3C00363F3C302E273EB7BD2B2EC
:102D9000C3F3001363F30412E2732B6923616B69BD
:102DA0006361AB69A36105F11C0104F11C000BF028
:102DB00076FD95F8243084F8243095F8253084F891
:102DC000253095F8263084F8263095F8273084F899
:102DD000273095F8283084F828302C350FCD2C3446
:102DE0000FC42B68236038BD10B5034B0360044645
:102DF000E3F748FD204610BD44F7050010B5034B2E
:102E000003600446E3F73EFD204610BD08F70500C9
:102E100010B5034B03600446E3F734FD204610BDB4
:102E200078F6050010B5034B03600446E3F72AFD6E
:102E3000204610BDB8F3050010B50446FFF7D4FFD7
:102E400020460FF049FF204610BD10B50446FFF79D
:102E5000D5FF20460FF040FF204610BD10B50446B8
:102E6000FFF7D6FF20460FF037FF204610BD10B504
:102E700004460FF031FF204610BD10B504460FF098
:102E80002BFF204610BD10B504460FF025FF20464D
:102E900010BDA0F10800FFF7F6BF10B504460FF013
:102EA0001BFF204610BD10B504460FF015FF20464D
:102EB00010BDA0F10800FFF7F6BF10B504460FF0F3
:102EC0000BFF204610BD10B504460FF005FF20464D
:102ED00010BDA0F10800FFF7F6BF10B504460FF0D3
:102EE000FBFE204610BD10B504460FF0F5FE20464F
:102EF00010BD10B504460FF0EFFE204610BD10B512
:102F00000446FFF78FFF20460FF0E6FE204610BD77
:102F1000C822E4F780B9000070B50D460A4904469E
:102F2000E4F730F9CC2808D121894FF6FF76B14279
:102F300003D02046E4F75BF9268129462046C822C3
:102F4000BDE87040E4F767B90F00110110B50749FB
:102F50000446E4F717F9CC2806D121892046E4F786
:102F600046F94FF6FF73238110BD00BF0F00090122
:102F70002DE9F74F154612688A4281460E4602D364
:102F8000CC18A24203D9532117480AF05FFF174813
:102F90000368DB69984703682A681B684946A4EB05
:102FA000020A80469847824507464FF0000017D333
:102FB000D8F800300090D3F804B02A685346494648
:102FC0004046D847874201D05B21DDE72B683B4470
:102FD000B3422B6001D39C4201D25D21D4E7012092
:102FE00003B0BDE8F08F00BF3EE805007CEC002098
:102FF00008B590F82C301BB90748F1210AF026FFDC
:10300000013BDBB280F82C3000EBC303DA6842608E
:103010001B69836008BD00BF53E805001FB540F67B
:1030200009130193064B0093064B0293C82202AB8F
:10303000CDF80CD0E4F7F1F805B05DF804FB00BF63
:1030400074E805000001030070B5CB880C4640F21F
:103050000D11E8B08B42064604AD19D0B3F5887F58
:103060001FD14FF4C8720021284610F031FD4FF4F3
:10307000C873ADF800300D4B02930195CDF80CD01C
:1030800002ABC82221463046E4F7C7F868B070BDED
:1030900002F10800E3F796FF044BC5E900302B4628
:1030A000EFE703484F210AF0D1FE00BF20000300E4
:1030B00083E80500F0B55468DFB005460E462CB134
:1030C00014891CB1D0680CF083F90446002206ABC9
:1030D000019208211F4601391A601A731A751A776E
:1030E00083F8242003F12C03F5D101AB22460821FB
:1030F0003846EBF7F7FE019AADF80800A24202ABA2
:103100005F6007D84FF4D07231462846E4F783F861
:103110005FB0F0BD06490444CDE90413A2428CBF60
:103120006422C82204AB31462846E4F776F8EFE77C
:103130000301030037B504460D46EEF74DFF8369E2
:10314000D3F81C21E260D3F820312361064B0093B1
:1031500004F10C030193054A6B4629462046E4F727
:103160005CF803B030BD00BF01010300C8000100DE
:1031700010B50446FFF7DEFF06492046E4F702F8E3
:10318000CC2806D101224FF47A712046E4F71DF8CD
:10319000208110BD0F0009012DE9F04F5568ADF5F4
:1031A000037DCDE9010113460AAF3DB115892DB16B
:1031B000D968012238460FF053FF3D783B460F2473
:1031C0000022013C43F8202BFBD1EEF705FFAB00BA
:1031D0008146A2460DF1200B04930F2C08D0D9F89C
:1031E0001C00E1B20BF0D9FD064628B90134F4E722
:1031F000D9F81860002E35D03268304612699047F1
:1032000041680590C8788BF8000009798BF80110A7
:1032100031684FEA4A13896803933046884707EBC1
:103220004A18039B059A1BF80510F850049BC8F830
:103230000410916C19440134CA68C8F808204A681F
:10324000C8F80C204A69C8F81020CA69C8F81420C8
:103250004A6AC8F81820102CCA6AC8F81C200AF15B
:10326000010ABAD1084B089306AB0993DDE90101C5
:10327000064AADF818A008AB0797E3F7CEFF0DF5A7
:10328000037DBDE8F08F00BF05010300C800010009
:1032900030B585B00446EEF79FFE836904F10C0556
:1032A000D3F81C210092D3F820310193082229463B
:1032B000684610F0E3FB60B10822694628460FF02B
:1032C000CFFE054B054902AA2046CDE902350DF097
:1032D00057FC05B030BD00BF01010300090101002A
:1032E00008B510461A460FF0BBFE002008BD0000CE
:1032F0002DE9F04F5668ADF5117D074601911EB1DD
:10330000D0680CF065F8C6B2FC6804F10C0A5046AF
:1033100007ADFCF71FFF04F114012846FCF707FF77
:103320000024A14606F11A0B2A68A988D289914285
:1033300026D100265046FCF711FF1A232A46002109
:10334000013B42F8041BFBD121AA2946D8B2A04276
:1033500037D33A7C8DF810201C4A0199ADF81440FF
:10336000002E04ABCDE90223384602AB0CBFC822C5
:1033700064220695E3F751FF0DF5117DBDE8F08F4E
:103380002846EAF7F2FD827B052A16D1D94516DADE
:1033900009F101084E455FFA88F809D8631C5FFA05
:1033A00083F904EB041421AB1919E4F79CFB4C4698
:1033B00028460BF0A8FDC146B6E7C846F8E7012647
:1033C000B8E741F8042B01331132BFE70C010300C9
:1033D0002DE9F043CB88A3F5807399B004460D46E0
:1033E000062B6AD8DFE813F0070078009E000D0076
:1033F000BB00F7001D01294619B0BDE8F043FFF7F7
:1034000077BF00230893D368C6681978002960D075
:1034100096F828308B425CD3013906F10C08CFB204
:103420004046FCF797FE394606F11C00EAF784FD9A
:10343000002845D0736AF66A9B8807FB0366E4F7A9
:103440000CFD0DF10C09074649463046E4F74BFBED
:10345000CDF82090337B8DF8243096F826308DF807
:10346000253096F827308DF82630B37B8DF827303D
:103470003369DB1B0A937369FB1A0B93B369DB1B7C
:103480000C93737B8DF83430337F8DF83530737F38
:103490008DF83630B37F8DF83730B38CADF83830D7
:1034A0004046FCF75BFE6F4B019308AB0293C822CA
:1034B00001AB29462046E3F7B0FE19B0BDE8F08322
:1034C0004046FCF74BFECC2229462046E3F7A3FEFC
:1034D000F3E74FF4D072F7E7C768D0680BF083FFCB
:1034E0000646B868ECF75AF8386E1EB1013E98B13E
:1034F0004068FAE780B103689B689847102102464C
:1035000008A80AF097FEB868ECF754F808AA29460C
:1035100020460AF09FFFD0E7B868ECF74BF84FF46D
:10352000D07251E0C768D0680BF05DFF0646B868FE
:10353000ECF734F83B6E1EB1013E0BB15B68FAE765
:10354000B868002BE9D05E7CECF734F88DF8206089
:1035500008ABC82229462046F2F7BCF9ADE7D0688F
:103560000BF041FFFE28DAD8D4F80C80C6B2002850
:10357000D5D098F828309E42D1D808F10C07013EEA
:103580003846F6B2FCF7E6FD314608F11C00EAF7D2
:10359000D3FCA8B1D8F82430D8F82C109B8806FBAF
:1035A000031191F827301BB13846FCF7D7FDADE782
:1035B000C86A036840221E69303108ABB047F3E7A0
:1035C0003846FCF7CBFDCC222946204619B0BDE891
:1035D000F043E3F720BED0680BF005FFFE289ED82D
:1035E000E768C6B200289AD097F828309E4296D84D
:1035F00007F10C08013E4046F6B2FCF7ABFD314640
:1036000007F11C00EAF798FC48B17B6A9888FB6ACE
:1036100008A906FB0030E4F766FA4046C5E74046D5
:10362000CFE7D0680BF0DFFE431EFD2B12D8E36816
:1036300093F82820C0B290420CD85A6ADB6A92886C
:103640000138C0B200FB0233074A9B7B8DF8203063
:1036500008AB7FE7054A2946204619B0BDE8F0438C
:103660000BF008BF0A010300C8000100A00101001F
:1036700038B523492DED028B044615460120E5F7A8
:1036800037FD2A461F490120E5F732FD07EE905A23
:10369000F8EEE77AB1EE047A87EE878ADFED1A7AE0
:1036A00028EE278ADFED197A28EE278AF0EE087ACD
:1036B00028EE278ADFED167A38EE088A28EE278A68
:1036C00018EE100A12F0D4F8124B002212F028F96A
:1036D00012F0C0FB1049024600230120E5F708FD67
:1036E000092384F8243084ED048ABDEC028B002386
:1036F000A36204F11C000121BDE83840E5F727BAB8
:103700009AE80500C4E80500000080399A99193F3D
:10371000713D8A3F00408F40D5E8050010B5044652
:10372000E5F72CFA204610BD10B50446E5F726FA59
:10373000204610BD70B505690446E4F79BFB2B6875
:103740009B68834204D009484FF481710AF07EFBE4
:10375000E2686168A368551001EB6200D20748BFB8
:103760004A59BDE8704048BFD358184703E90500DF
:1037700070B505690446E4F77DFB2B689B688342BE
:1037800004D009484FF481710AF060FBE268616877
:10379000A368551001EB6200D20748BF4A59BDE843
:1037A000704048BFD3581847ACEA05002DE9F047F0
:1037B00090468A46518899460446E3F7CCFBB8F810
:1037C00004304FF6FF729342DDE908671DD064684C
:1037D000B4F86A209A4218D9A56B05EB43052C442E
:1037E000A7F800A098F80030BB70D8F808307B60CC
:1037F00000214FF6FF7330F811209A4207D10829B3
:103800001CD9722116480AF021FB0024E8E7013197
:10381000F1E730F8123029F8123001328A42F8D13B
:103820003A81C7F80C9000224FF6FF7334F812105B
:10383000994205D1202A10D97A21E3E70022EDE749
:103840000132F3E734F8131026F8131001339342D2
:10385000F8D13B827E61BDE8F0870023F7E700BF27
:103860001CE905002DE9FF471E46036889469B6950
:103870000146174668469288DDE90C849847019B0B
:10388000D3B10098C0F35E00402828BF4020864294
:1038900028BF0646002508F1020AB5420FD1A4F858
:1038A00000903B78A3707A8822820123A37384F866
:1038B0002030A584C4F8288004B0BDE8F0872A46EB
:1038C000694602A8EAF73AFCBDF8083028F8253026
:1038D000039B2AF825300135DFE7000070B58CB076
:1038E00000240D461646ADF80E300494EEF774FB36
:1038F00004AA0DF10E012C30EAF79AFF0246B0B18E
:103900000F49049B069305914FF0FF332031CDE919
:10391000093402350791CDE90044BDF80E10089531
:10392000334605A88DF82C4005F019FF18B9054855
:1039300075210AF08BFA0A9802300CB070BD00BFF6
:10394000E8F50500F7F9050008B5034608469A783A
:10395000D1060DD5134B1A68D00707D4124A134964
:103960001160134801221A600FF00DFE0E4808BDC9
:1039700091060DD50F4B1A68D10707D40E4A0F498F
:1039800011600F4801221A600FF0FDFD0A48EEE7B2
:10399000D20748BF1B880B4A026058BF4FF6FF731F
:1039A0008380E4E754F3002050F3002070F5050015
:1039B000ADA602005CF3002058F3002088F5050056
:1039C000C9D00200A0F5050007B50DF10600E4F727
:1039D0002DFABDF806304FF47A71024601FB03F070
:1039E000034B0021E2FB030103B05DF804FB00BFC1
:1039F00040420F0037B504460D46FFF7E5FF6A4623
:103A0000CDE900012946204608F066F803B030BD34
:103A100070B50D460A4904461646E3F7B3FBCC28B9
:103A200006D101224FF47A712046E3F7CEFB2081C4
:103A3000324629462046BDE87040FFF7DBBF00BF95
:103A40000F0011011FB50446FFF7BEFF064B02939E
:103A5000CDE9000102AA0549CDF80CD020460DF0B1
:103A60008FF804B010BD00BF080003001101010071
:103A700037B504460D46FFF7A7FF6A46CDE90001BA
:103A80002946204608F028F803B030BD2DE9F84358
:103A900043680F4616463BB1234CDFF8A490DFF88D
:103AA000A4802EB9012036E0204898210AF0CEF9F2
:103AB000A068E268A3883978121A9A4206D90520CC
:103AC000E4F712FA00231F44F61AEAE7E26813400B
:103AD0002268D154E3680133E36098F8003019F8A4
:103AE0000330D3B198F80820114B242101FB023395
:103AF0005B69BBB90F492046FFF79EF8054688B9B8
:103B000009F0ACFB024668B10428D8D001200A496C
:103B1000E5F7EEFA2846BDE8F88398F81020074B41
:103B20002C21E3E70123CEE7CCF2002030E90500A9
:103B300018F30020CAF2002039E90500ECF2002059
:103B40003CF30020FC2B002070B50D46044618B94C
:103B500008497120E4F76EFA23681A6812683AB1CE
:103B60001A681B6851681B682846BDE870401847F2
:103B700070BD00BF64E9050037B50378012B0DD097
:103B8000022B39D01BBB24492448FFF755F80028E5
:103B90003DD103B0BDE8304009F060BB204C426825
:103BA000A568E1681078A288491B914211D98DF867
:103BB0000030042301931B4B68461B689847A1689B
:103BC000E368A2885B1A9A4212D309F0FDFB03B0A6
:103BD00030BDE3681A4023689854E3680133E3601A
:103BE000A268E3689A42EAD000238DF80030E2E749
:103BF0000D4B01221A70EAE78DF80030C36801937B
:103C000009F0E2FB074B68461B689847DFE7032390
:103C10008DF80030F6E700BFCAF20020CCF2002099
:103C2000DCF2002040F20020C9F200202DE9F84F1C
:103C300043680C461546ABBB1D48BB210AF006F98C
:103C4000052F29D10120E4F74FF92B689E421FD29E
:103C50001CB91849C220E4F7EDF94FF0000B2146DA
:103C6000504698F80090FEF7E7FF0746B9F1000FBD
:103C700006D088F800B009F0A7FB08B1EDF758F8B6
:103C8000002FDDD12B6801369E4204F10104E6D3FA
:103C90002E600120BDE8F88F07493A460120E5F77C
:103CA00027FAD2E7DFF81480DFF814A00026CCE76B
:103CB00030E90500B2E90500FDE90500C9F2002080
:103CC000DCF2002080B10378022B03D0032B0BD051
:103CD0003BB9704743689B0706D004490120E5F7CC
:103CE00007BA0320EDF724B8704700BF1AEA0500B1
:103CF00010B5084904460120E5F7FAF9064B1868A3
:103D0000ECF796FC63691BB16068BDE8104018478A
:103D100010BD00BF45EA05000030002010B5024686
:103D2000044606490120E5F7E3F9054B1C60054B05
:103D3000BDE810401868ECF77BBC00BF5DEA0500E9
:103D4000C4F20020043000202DE9F74F9046009186
:103D5000F2B13B4D4FF003094FF0000B009B03EB1A
:103D60000B01EB6A012B16D0022B39D03BBBAB6A9F
:103D7000686A83429CBF2A6A9B18013B181A8045D7
:103D80001DD842462F4806F0A3F92F4B01221A7086
:103D900003B0BDE8F08FAB6A6C6A2A48A3429CBFAF
:103DA0002A6A9B18013B1C1B444528BF44462246F7
:103DB00006F08EF9A344A8EB0408002C39D1224B5D
:103DC0001B78002BE4D0214B4FF47A4043F00103E1
:103DD0009847B9F1010928D11B4B83F80090D7E728
:103DE0006F6AC2460024AB6A2E6AE8690191BB4241
:103DF00098BF9B19F61B564503F1FF3328BF564663
:103E0000DB1B9E4228BF1E46384432460FF028F97D
:103E10002B6A019937449F4208BF0027BAEB060A74
:103E2000344431446F62DED1C4E7074A0123137082
:103E300094E7054B01221A70B8F1000F8ED1A7E765
:103E40008C380020A4380020D4F1002090F4050024
:103E50002DE9F04F084697B00C46EDF757F8794B2F
:103E60000A9300268023CDE90B36774B0F93082267
:103E7000334607A920468DF834600E96EDF77CF89E
:103E8000099B0493089B05939DF81C308DF81960DD
:103E900003F00302012A6ED1BDF81C20079DC3F375
:103EA000C203C2F383178DF8183010A920460823E7
:103EB000BA00EDF761F80AA904A89DF834808DF8DE
:103EC0003460C5F3952506F0E9FA062F09D8DFE836
:103ED00007F004151B222B36430029460AA806F0DA
:103EE00039F900220AA904A806F024FB8DF83480D1
:103EF0002046EDF718F817B0BDE8F08F109A294664
:103F00000AA806F027F9ECE7DDE9102329460AA8FC
:103F100006F020F9E5E7129B00932946DDE910231E
:103F20000AA806F017F9DCE7139B0193129B009394
:103F30002946DDE910230AA806F00CF9D1E7149B05
:103F40000293139B0193129B00932946DDE91023F2
:103F50000AA806F0FFF8C4E7159B0393149B02938D
:103F6000139B0193129B00932946DDE910230AA8B5
:103F700006F0F0F8B5E7022ABAD1BDF81E50C3F337
:103F8000C203C5F389158DF818300827082D2E4671
:103F90000DF1400828BF08263B46324641462046E0
:103FA000ECF7EAFF4FF0000B0AA904A89DF8349043
:103FB0008DF834B006F072FADFF8A0A03744AD1BDC
:103FC0005E4533D918F80B2051460AA806F0C2F80E
:103FD0000BF1010BBBF1080FF2D11C49DFF880B0E7
:103FE0000AA806F0B7F84FF0000A564525D918F888
:103FF0000A207E2A1FD8511C154BC9B2595C11F0FA
:10400000970F08BF2E2259460AA806F0A3F80AF116
:10401000010ABAF1080FE8D101220AA904A806F0A2
:1040200089FA8DF83490002DB0D161E709490AA8CA
:1040300006F090F8CCE72E22E5E707490AA806F03B
:1040400089F8E4E754F10020493D04007CEA0500CA
:104050006069060078EA05007AEA050072EA050060
:10406000FBFB050038B5284C237A0246002B49D0CB
:10407000022B09D1032826D0244B18680023E360C3
:1040800003793BB1012B18D0637C6BBBBDE8384092
:1040900000F048B8D0E90513CD1AB5F5805F94BF9C
:1040A0005B1903F5805383619942EDD10023022A05
:1040B000237214BF0D21194611E0036941690133D0
:1040C00003618B42F1E7E3680133082B01D8E36019
:1040D000DAE70023E36023720C4B18680D21FEF72A
:1040E00006FDFEF72DFDCFE7094B1B7853B1094BB9
:1040F0001B781BB1BDE838400AF05ABCBDE8384017
:10410000EDF71EBC38BD00BF2CF1002028F10020C7
:10411000A0EC0020383B0020831E012B01D8FFF7C4
:10412000A1BF704773B5374C374D237A002B2FD181
:10413000364B53E8022F1FFAA2F6D888864202BFF8
:10414000BFF32F8F00210DE0D8890644988986425D
:1041500028BF361AC2EA064643E802600028E8D1C2
:104160004FF001018DF8031029490192019A0A606C
:104170009DF8031001F0FF0021B92860002363605F
:1041800002B070BD1B6803EB12432B60002BF5D00F
:10419000022323722B681A796AB1012A23D0286876
:1041A0000321FEF7A4FC00232372636002B0BDE884
:1041B0007040FEF7C5BCD3E90520121AB2F5805F46
:1041C000D3E9031328BF4FF480529208012A014417
:1041D00038BF01221844FEF786FC50B11128DED109
:1041E00001232372CCE7D3E903031844FEF77DFCD7
:1041F000F3E7237C002BC3D1022002B0BDE870405E
:10420000FFF730BF2CF1002028F1002044F10020FE
:1042100040F1002010B40A4B012253E8001F41EA8C
:10422000020043E8000494F0000FF6D129B95B7B4B
:104230001BB95DF8044BFFF775BF5DF8044B704781
:1042400030F100202DE9F347824601A80F461646BB
:104250001D4606F08DF918B3124BBDF80480D3F853
:10426000009019EB08041BD01C22002120460FF0FF
:104270002FFC002323710A9B49F808A0BDF80420F5
:10428000A360BDF8063065619A42C4E9036701D1B5
:1042900006F094F9FFF7BEFF002002B0BDE8F087FA
:1042A0000420FAE744F100202DE9F347824601A8F3
:1042B0000D4616461F4606F05BF910B3124BBDF8CB
:1042C0000480D3F8009019EB08041AD01C220021B6
:1042D00020460FF0FDFB01232371BDF80420BDF83B
:1042E000063049F808A02D0B9A42A760E560666188
:1042F00001D106F063F9FFF78DFF002002B0BDE8A1
:10430000F0870420FAE700BF44F1002000F0FD032D
:10431000012B08D1044B00225A74421E50425041D6
:104320001874FFF7FFBE70472CF1002030B5104A1B
:10433000104C114D85B0944208BF002401A8FEF72F
:1043400079FC60B9CDE90254039B002BF6D00198AB
:10435000D3E90021904702A8EDF746F9F4E70528D4
:1043600004D005B0BDE83040ECF7E2BC05B030BD8C
:10437000486C0600286C060078F4050038B504780F
:10438000F4B943689A1E083332F9021F9A420C446A
:10439000FAD1002005F08EFC05F0D2FC094B1D6817
:1043A0001DB909499220E3F745FE092385F8243019
:1043B000AC6205F11C000121BDE83840E4F7C7BB41
:1043C00038BD00BF98F000207EEA050038B50749E7
:1043D000074D0120E4F78CFE0524D5F80034002BAE
:1043E000FBD105F087FD013CF7D138BDC3EA0500DC
:1043F0000070004038B50749074D0120E4F778FE0A
:104400000524D5F80034002BFBD105F073FD013CE9
:10441000F7D138BDE9EA05000070004030B52DED58
:10442000028B044625499FED268A83B00120E4F7DC
:104430005FFED4ED047A234967EE887A0120FDEE11
:10444000E77A17EE902AE4F753FE1F4AD4ED047A78
:104450000023114692ED017AF4EEC77AF1EE10FADC
:1044600025DD31F933501949EDB22A460120E4F730
:104470003FFE174BA06993ED007AD4ED047A67EE06
:10448000887ABCEEC77AFCEEE77A8DED017A17EEFA
:10449000903A9DF804209BB22946F4F7D5FC2046BB
:1044A00003B0BDEC028BBDE83040FEF7D6BB013354
:1044B000112B02F10802CDD10025D4E711EB050044
:1044C00000007A4433EB0500ECF305004EEB0500E9
:1044D000F42B0020084B10B5044603604033836082
:1044E0002830E3F749FD606A09F0C8FB2046E2F78F
:1044F000C9F9204610BD00BFB4F60500A0F10800C0
:10450000FFF7E8BF10B50446FFF7E4FF20460EF0C2
:10451000E3FB204610BDA0F10800FFF7F3BF000049
:104520002DE9F041BAB01D460B8891F80380ADF833
:10453000123028464B6805930DF112011746EAF731
:1045400065F908F00108044648B1059EB8F1000F6E
:1045500027D00DF10E0206A905F044F818B9002085
:104560003AB0BDE8F081294B0699CDE90A3619B970
:1045700027480F2109F06AFC7118264B0A9328BFBF
:104580000021013900230C918DF85430409B089391
:1045900022460AAB05A907A80795099306F060FB18
:1045A000DEE70DF11103019304AB009307AA0DF1AF
:1045B0000F034FF0FF313046EAF7FEFE18B91648F8
:1045C00040F2DF11D6E7F7B99DF81030002BC6D0C6
:1045D00005999DF80F300D4802314A42013B1340C6
:1045E000DAB251FA83F30593079BCDE90A01002B58
:1045F000BED0C91828BF0021084B0A9301390C917D
:104600008DF83420C2E79DF81130DFE758F6050039
:104610005AEB050048F6050053E8050068F605006A
:104620001FB50846CDE900234FF0FF310DF10B0314
:1046300003AAEAF7C1FE05B05DF804FB70B58EB0C1
:104640001E460DF11503144601930DF11603ADF846
:104650000E10009306AA0DF117034FF0FF3120460C
:10466000129DEAF7A9FE36B19DF815301BB9BDF8C9
:104670000E30FF2B27D80DF10E012846EAF7C6F8B9
:10468000024600B39DF81730089502346142013BA1
:104690000B4006990B910E490A94DBB2002007915A
:1046A0001C442031CDE900000C9009918DF8343084
:1046B000BDF80E10234607A805F051F818B1069A68
:1046C0000C9B9A4200D0002420460EB070BD00BF63
:1046D000B8F5050073B50D4600F1080168461646A9
:1046E000FBF725FD009BBDF80420DB899A4203D12E
:1046F0000024204602B070BD6846E9F736FC90F809
:104700002730044653B9C36AAB4207D100F13001E8
:10471000102230460FF0B2F90028EAD068460AF0BD
:10472000F2FBDFE77FB51F4B044653F8200070B360
:10473000002243F8242003685B68984720461A4CFF
:104740006946FEF7B3F923680BB3184A18490120EC
:10475000E4F7CEFC2568EC68A06804F10C06EAF7E3
:104760001DFF29466A463046FFF7B4FF014680B177
:1047700090F8273013B9C36A9D420AD13046FBF73F
:1047800075FDA068EAF716FF2046FBF71BFC04B096
:1047900070BDA068EAF70EFF06490120E4F7A8FC07
:1047A000F5E700BF3CEE002044EE00207FEB050063
:1047B00083EB05009CEB050030B503883A2B85B0F0
:1047C00067D0502B07D0112B50D1808805B0BDE8A1
:1047D0003040FFF7A7BF334AC388928885889A4242
:1047E00046D1028A022A43D1438ADB072846EDD507
:1047F000FFF798FF69462846FEF758F94FF41970FD
:104800000EF06CFA284B29491A68002304464360CD
:1048100040F8081B2649A161C4E9082004F12801D9
:10482000244AC4F82C22C4F8341204F118024FF4BC
:104830000171C4E98E13C4E99133C4E99533E3618E
:104840000321C4F83022C4F85C321B4A84F84012B9
:104850000123C4F84C2284F86032C4F8504210227C
:1048600069460EF0FDFB154B43F8254005B030BD01
:10487000134A12889A42F9D1104B028A53F8253014
:1048800000F1120103F50B7005B0BDE8304004F0F3
:10489000ADBA8288094B53F82230012283F8602296
:1048A000E4E700BF46F3002044EE00203CF505009D
:1048B00024F505000CF50500509705003CEE00209E
:1048C0003EF3002010B5034B03600446E1F7DAFF26
:1048D000204610BD3071050010B50446FFF7F2FF09
:1048E00020460EF0F9F9204610BD000010B5034B2C
:1048F00003600446E1F7C6FF204610BD9471050031
:1049000010B50446FFF7F2FF20460EF0E5F9204609
:1049100010BD000010B5034B03600446E1F7B2FF81
:10492000204610BDF470050010B50446FFF7F2FFF5
:1049300020460EF0D1F9204610BD000010B5034B03
:1049400003600446E1F79EFF204610BDD0710500CC
:1049500010B50446FFF7F2FF20460EF0BDF92046E1
:1049600010BD000010B5034B03600446E1F78AFF59
:10497000204610BD0C72050010B50446FFF7F2FF8B
:1049800020460EF0A9F9204610BD704780B586B0CC
:1049900000AFF860B9607A603B6007F110033968D6
:1049A0001846FDF773FF07F110007B68BA68F968D5
:1049B000FEF7DEFA034618461837BD4680BD80B5BF
:1049C00086B000AFF860B9607A603B6007F1100311
:1049D00039681846FDF760FF07F110007B68BA6878
:1049E000F968FEF7C5FA034618461837BD4680BD7C
:1049F00080B586B000AFF860B9607A603B6007F1BF
:104A0000100339681846FDF74DFF07F110007B6869
:104A1000BA68F968FEF7ACFA034618461837BD467F
:104A200080BD80B586B000AFF860B9607A603B6049
:104A300007F1100339681846FDF73AFF07F1100037
:104A40007B68BA68F968FEF793FA03461846183788
:104A5000BD4680BD80B586B000AFF860B9607A60B1
:104A60003B6007F1100339681846FDF727FF07F18F
:104A700010007B68BA68F968FEF77AFA03461846B0
:104A80001837BD4680BD80B586B000AFF860B9600C
:104A90007A603B6007F1100339681846FDF714FF90
:104AA00007F110007B68BA68F968FEF761FA0346FF
:104AB00018461837BD4680BD80B586B000AFF86097
:104AC000B9607A603B6007F1100339681846FDF75A
:104AD00001FF07F110007B68BA68F968FEF748FA31
:104AE000034618461837BD4680BD80B586B000AF76
:104AF000F860B9607A603B6007F1100339681846C6
:104B0000FDF7EEFE07F110007B68BA68F968FEF762
:104B10002FFA034618461837BD4680BD10B51B4C0A
:104B20002368DB0786B004D4194809F0AEFE0123E0
:104B30002360174C637821781943A37819431ED159
:104B400004232370012363701022022302A8A370A0
:104B5000E1700EF0BDFF05AB019304AB00930D496E
:104B60000D4803AB02AA0EF09FFC04280AD1029B59
:104B70002371039B6371049BA371059BE37104483C
:104B800006B010BD05481D2109F060F968F300204A
:104B900060F30020B6EB05007AE80500C7EB0500DE
:104BA000F7B504680A9E4FF4FA770097A4681D468B
:104BB000A047074600283AD043790833A522C254BB
:104BC000C41863786FF346136370E37803F003034C
:104BD000E3707EB333789DF82020E17802F01F0265
:104BE00042EAC312637803F060031A43AB1FA37059
:104BF00021F00301C3F301230B43E370BDF824301C
:104C0000A3801306627004F106000DD50C22711CFE
:104C10000EF026FA31690C2204F112000EF020FA8F
:104C2000002304F11F00A3770B9B001B188038465C
:104C300003B0F0BD3346CEE708B502482E2109F097
:104C400005F900BFDDEB05000023C0E900332DE9C5
:104C5000F74F0C689C4218DD4B68002B15DD55683A
:104C6000A54212D11468002C07DD03FB04F5122DB8
:104C700001DDFFF7E1FFC0E900434B68009300F15D
:104C800008070026009BB34202DC03B0BDE8F08FAA
:104C9000D1F800B00BFB06F40234154601EB840397
:104CA000019355F8083BBE469C004FF0000C63454D
:104CB00005DC23EAE37307EB83070136E2E7DDF85F
:104CC00004A0DFED0C7AA9464FF00008D845CEEDE0
:104CD000007A05DB0EF1040E0CF1010C0435E6E759
:104CE00099ED007AFAEC016AA144E6EE877A08F1C0
:104CF0000108EBE70000000070470000B1F5803FBD
:104D000008B503D36121204809F0A0F80170C1F370
:104D1000002141EA03139DF8081043EA411341784A
:104D200003F0310321F031010B43102A437020D0EE
:104D300013D8013AD3B2072B15D8072A13D8DFE8C6
:104D400002F0161A1204121212140223427802F010
:104D5000310242EA4303437008BD402A0DD0802A45
:104D60000DD0202A0DD03721CDE70323EEE7002315
:104D7000ECE70423EAE70123E8E70623E6E7072355
:104D8000E4E70523E2E700BF53E805002DE9F0431F
:104D90008BB04FF000080E4615461F46CDF8088030
:104DA000EDF71AF902AA12A92C30E9F741FD0246E3
:104DB00010B10378032B03D09221194809F046F86B
:104DC000047902990491B31C16490693C4F3C204F2
:104DD0005B4204F1010903911C4020314FF0FF3385
:104DE000CDE90083023D05913B46BDF848108DF8A2
:104DF000244003A8CDE9075804F0B1FC08B9A2216A
:104E0000DBE7089C0123009330469DF84C304A466E
:104E10002146FFF773FFA01C0BB0BDE8F08300BF75
:104E200001EC050018F6050010B50C68013A634264
:104E3000134054FA83F30B604268934205D38068B1
:104E400083428CBF0020012010BD0020FCE773B519
:104E50000B6801930E4601A905461446FFF7E4FFCF
:104E600048B10198021932606B68013A9A4202D344
:104E7000AB689A4200D9002002B070BD38B5154623
:104E800004220446FFF7E3FF30B10368227B1A4493
:104E9000636813442B60012038BD70B516460422A8
:104EA00004461D46FFF7D3FFB0B194F82C30032B16
:104EB00013D80268326004EBC3026168D160A16854
:104EC0001161013384F82C303268551928BF4FF036
:104ED000FF35C4E90125012070BD0020FCE77047C3
:104EE0007047704773B5C3780D462BB1092B03D0BB
:104EF0001F485F2108F0AAFF03880B2B01D90E2B56
:104F000006D10F2B1B4A28BF0F23D05C023008E0CC
:104F10000D2B446807D00E2B1FD820460EF0B4F995
:104F2000033002B070BD23789B0703D5B4F80700A7
:104F30000930EBE72046F6F77CFE6279A37912028E
:104F400042EA034223791A43C2F109021044B0F540
:104F5000E77F28BF4FF4E770D8E76946FEF7F4FC17
:104F6000036805491E68AA1C2346B047CEE700BF68
:104F70000AEC05005CF5050088EC00202DE9F04FF7
:104F80001C460F460388456807F8023B16461A0A76
:104F90004A7002880D2A87B088460BD00E2A58D84E
:104FA0003946FFF79FFF8642044662D23448B72154
:104FB00008F04CFF95F800B0AB7903932846F6F75C
:104FC00038FE1BF0020F2C7995F805A0A6F10B0610
:104FD00005F1090908F10B082ED1039B4FEA0A2AB3
:104FE0004AEA034A4AEA040AA0EB0A04B44228BF88
:104FF000344604EB0A031A0A2B711B0CAB714BF0FD
:10500000020BC4F307236A7129460922EC712B7243
:1050100085F800B038460EF023F8224609EB0A0165
:1050200040460EF01DF82B7823F002032B700B3452
:10503000204607B0BDE8F08FB5F80740B44228BF5E
:1050400034460922294638460EF00AF822464946D7
:10505000E6E7FF2B04A998BF0124FEF775FC03685F
:105060000849CDE900543A465C68B31EA047841C49
:10507000DEE7821E294638460DF0F2FFD8E700BF72
:105080000AEC05008CEC00202DE9F041D0F80480FA
:1050900006460F4600250124454502D12046BDE8BD
:1050A000F0810135E11906EBC500FFF71BFF044451
:1050B000F2E70000F8B504464F68236840689A7824
:1050C0000E46D97801F00301451C42EA01229542BF
:1050D00003D90948D02108F0B9FE034465609F71E7
:1050E0000025BD4200D1F8BD013506EBC5012046C3
:1050F000EAF768F8F5E700BF0AEC050008B5FDF728
:105100006DFC431C03D10248262108F09FFE08BD18
:10511000E8EB050010B5044608680EF0B5F801216B
:10512000421C04F10800FFF7E9FF012010BD4A8886
:105130008978C1F3C20108B50131C2F38912C9B23D
:105140000830FFF7DBFF029B1860012008BD10B597
:10515000029B144612881A604B888978C1F3C201F9
:10516000C3F3891301315A43C9B20830FFF7C6FFB0
:10517000039B1860606810BD2DE9F0431E468FB098
:105180000C4621B940F29F11264808F05FFE012A23
:1051900002D84FF4D071F7E7234B09938B1C376883
:1051A0000A9300238DF83430B6F808800C933B68DE
:1051B000023ADB680B924146384698470546F0B103
:1051C00001460DF10F0304AA384604F041FAB0B1CC
:1051D0000DF12409049A9DF80F104846FFF78EFF41
:1051E00073680590CDE906738DF8340005AB2A4647
:1051F000414606A8CDF8209005F0D4FA20B9002544
:1052000028460FB0BDE8F0830C990029F7D09DF82F
:10521000583000939DF80F20012320468D1CFFF786
:105220006DFDEDE7FCEB050054F50500F0B5154606
:105230008BB0194B2E68059300238DF824304FF066
:10524000FF32CDE90723336802310691DB682989F3
:10525000304698470446B8B101460DF1030301AA50
:10526000304604F0F5F978B105AF9DF80310019AC6
:105270003846FFF743FF6B680497214602A8CDE943
:10528000026305F0A7F910B900200BB0F0BD089833
:105290000028F9D00230F8E754F50500406810B452
:1052A0000C46204411465DF8044B1A460DF0D8BE5A
:1052B0002DE9F0410F680446384616460DF0E4FF2C
:1052C00004F10808451C2A4601214046FFF716FF55
:1052D000237EE268C31A935101462B4640463A4664
:1052E000FFF7DCFF0120BDE8F0812DE9F843B1F8BC
:1052F00002908978089FC1F3C20100F10806C9F342
:105300008919013104461546C9B24A4630469846C5
:10531000FFF7F4FEB8F1FF3F38601FBF227EE3685D
:10532000801A43F808002A46304639684B46FFF792
:10533000B5FF0120BDE8F8832DE9F8434C88897852
:10534000DDF82480994613881646C4F38914089A18
:10535000C1F3C2015C4300F1080701310546136047
:10536000C9B222463846FFF7C9FEEB68C8F800000C
:105370002A7E75684B44801A5860D8F80010384669
:1053800023462A46FFF78AFF2846BDE8F88310B572
:105390000C4601230968FFF781FF2368013323606E
:1053A00010BD10B50C4604230968FFF777FF23688A
:1053B0000433236010BD30B5411EC31C002011F81A
:1053C000012FA2F13004E5B20001092D80B204D80A
:1053D000204380B29942F2D130BDA2F14104052CA4
:1053E000F8D8373A1043F4E773B5FE280E46144652
:1053F000ADF804000AD810700125FE2E04EB05005C
:105400000ED866550120284402B070BD1046FF2317
:1054100000F8013B022201A90DF022FE0325ECE772
:10542000FF23042263550DEB0201013001960DF0BC
:1054300017FE0520E7E70000F0B585B01446ADF88B
:1054400006000E4619B944211A4808F0FFFC084628
:105450000DF01AFFC51C471C20460023FE2D00F846
:10546000023B0FD8657002220DF106010DF0F8FD28
:10547000201DEFB102243A4631460DF0F1FD281906
:1054800005B0F0BDFF236370042203A903950DF05E
:10549000E7FDEB1D04F1060001D91A21D4E7022231
:1054A0000DF106010DF0DCFD04F108000624E2E731
:1054B0002121C9E719EC0500F7B504460F4615464A
:1054C000014601220DF103000DF0CAFD9DF80330E5
:1054D000FF2B04F101060FD03B600224012231466C
:1054E0000DF103000DF0BCFD9DF80330FF2B0ED035
:1054F0002B60204603B0F0BD3146022201A80DF01A
:10550000AFFDBDF804303B60E61C0424E6E704224E
:10551000711C0DEB02000DF0A3FD019B2B60043408
:10552000E7E7704738B505460C4609F011FA00EB7D
:105530008500D0F8003723F44033C0F80037D0F8A6
:10554000003743EA0443C0F8003738BD10B50446BD
:1055500009F0FEF904F5E074032340F8243010BD8F
:1055600010B5044609F0F4F904F5E074022340F89C
:10557000243010BD43682DE9F04706461BB94E485C
:105580008C2108F063FC4D4B4D4CDA689A604D4B12
:10559000DA689A6023784C4AD35C002B48D0606864
:1055A000277A4A4D0023C0F80035242303FB075314
:1055B0005B6833B1464BC0F8083340F30730ECF773
:1055C00075F96468D4F80C05D4F814A5D4F80885E6
:1055D000D4F810954FF0FF339842C4F80C35C4F856
:1055E0001435C4F80835C4F8103501D0FFF7B8FFFA
:1055F000BAF1FF3F02D05046FFF7B2FFB9F1FF3FCB
:1056000002D04846FFF7ACFFB8F1FF3F02D040465A
:10561000FFF7A6FF204604F0EDFC242303FB07550B
:10562000002385F820306B6000237360BDE8F087AD
:10563000E068277C274DC0F800352C2303FB075377
:105640005B6833B1244BC0F8083340F30730ECF704
:105650002DF9E468D4F80C05D4F814A5D4F808851D
:10566000D4F810954FF0FF339842C4F81435C4F8BD
:105670000C35C4F80835C4F8103501D0FFF770FFB9
:10568000BAF1FF3F02D05046FFF76AFFB9F1FF3F82
:1056900002D04846FFF764FFB8F1FF3F02D0404612
:1056A000FFF75EFF204604F0A5FC2C2303FB075503
:1056B000002385F82A30B6E730E90500DCF2002047
:1056C000FC2B0020CCF200203CF3002018F300203B
:1056D00010030200ECF200208402020010B5044620
:1056E00009F036F90123A340C0F8083510BD10B504
:1056F000044609F02DF90123A340C0F80C3510BD74
:1057000038B549492DED028B044601201546E3F7D3
:10571000EFFC0B20FFF7EBFF1F20FFF7E8FF2A4607
:1057200042490120E3F7E4FC07EE905AF8EEE77AED
:10573000F1EE048A87EEA88A3D4DDFED3E7A28EE31
:10574000278ADFED3D7A28EE278AF0EE087A28EEE8
:10575000278ADFED3A7A38EE088A28EE278A18EE93
:10576000100A10F085F8364B002210F0D9F810F02E
:1057700071FB0123024633491846E3F7B9FC84ED77
:10578000058AD4ED046A9FED307AD4ED057A2F4A6C
:1057900067EE677AE6EE877A92ED007AE7EE287A8E
:1057A000B1EE087AC7EE876AD2ED007ABCEEE67AEF
:1057B000FCEEE77A17EE103A99B217EE903A481ECF
:1057C0009BB283421FDBD2ED007AFCEEE77A17EE44
:1057D000903A9BB28B4216D801232B70C2ED006A1F
:1057E0002A781B490120E3F783FC2B7803F0FF02A2
:1057F0005BB9A469C8212046E1F7E7FCBDEC028B48
:10580000A4F84A0138BD0023E7E7042384F82430D4
:10581000BDEC028B0023A36204F11C000121BDE852
:105820003840E3F794B900BF22EC05004AEC0500CC
:1058300078F00020000080399A99193F713D8A3F25
:1058400000408F40D5E8050000007A44F42B00208A
:105850005AEC050009B9FFF74ABFFFF73FBF000048
:10586000F0B585B0002301938DF80C300646214B2E
:10587000214802930D46214904F054F90446F8B139
:105880001F4902460120E3F733FC1E49224601204E
:10589000E3F72EFC0B20FFF721FF29461F20FFF71F
:1058A000D9FF2A4618490120E3F722FCB4690022F7
:1058B00004212046E1F789FCA4F84A0105B0F0BDB7
:1058C00003238DF806300127022301A98DF8083043
:1058D0008DF80A7004F08AF9044610B10B490246AB
:1058E000D0E70B48052104F07DFA0028D2D0EBF771
:1058F0001FFACFE70200000574F405007D430400A1
:1059000073EC0500BBEC0500D3EC050093EC05003F
:105910008EF00020F8B51C491C4F1D4E0546012095
:10592000E3F7E6FB1B4B1C481D6000233B70337004
:10593000FDF798F90446D8B91848194B04704EF68B
:1059400060228480C0E90223FDF790F9044668B91B
:1059500014490120E3F7CCFB337873B93B78002B73
:10596000FAD011490120E3F7C3FB06E0FDF77CF90B
:105970000E4922460120E3F7BBFB28460021BDE883
:10598000F840FFF76DBF00BFE7EC05008DF0002089
:105990008CF0002098F000209D2C04007CF000206A
:1059A000A086010005ED050033ED050019ED0500A9
:1059B00010B5054904460120E3F79AFB2046012172
:1059C000BDE81040FFF74CBF42ED050010B505499A
:1059D00004460120E3F78CFB20460021BDE810407F
:1059E000FFF73EBF66ED0500F8B50446002853D02A
:1059F000057905F00F030B2B4ED80668202E4BD8E7
:105A000015F00F070FD0417915F0100518BF0325C9
:105A1000C8070BD4C1F34001042B0CD8DFE803F016
:105A2000080D0D381C003D463946F5E70321F3E724
:105A30003046FFF795FD0120F8BD3046FFF786FDA3
:105A40001DB16021154808F001FABA1E51425141BA
:105A50003046FFF7FFFEEEE73046FFF777FD0DB16A
:105A60007021EFE76479A408204608F071FF04F57F
:105A7000E07350F82330DB0704D42046F1F7F1FF40
:105A80000146E5E7D0F80415E14001F00101DFE748
:105A90003046F1F7DBFFCEE70020CDE78AED0500C9
:105AA00038B504464FF6FF752368AB4205D0204653
:105AB000FFF79AFF08340028F6D138BD2DE9F74FDB
:105AC00005460F4616465E49024601201C46E3F78E
:105AD0000FFB15F0030A03D05A497A20E2F7AAFA1D
:105AE00017F0030903D057497B20E2F7A3FAB30765
:105AF00003D054497C20E2F79DFA06F1FF38B8F54F
:105B0000805FDFF878B12DD25C4531D1CFB94E4BF3
:105B10004E484F4A4F49C01AC00800040E2340F0B7
:105B2000010008F09DF80E243B46CDE900644A4987
:105B30002A460120E3F7DCFA484B1868EAF778FDBB
:105B400077E0474B1B6863BB3F4B4048404A4549A1
:105B5000C01AC0080004082340F0010008F080F8D3
:105B60000824E1E737497D20E2F764FA5C4503D079
:105B70003A4B1868EAF7DAFB002FC8D0384B1B689D
:105B8000002BE1D06EB9304B3048314A3649C01A4B
:105B9000C0080004092340F0010008F061F809245E
:105BA000C2E72F4842685168B6FBF1F201FB12626E
:105BB00042B1254B2548264A2C49C01AC00800048A
:105BC0000923E8E7BAF1000F0DD01F4B1F48204A08
:105BD0002749C01AC0080004102340F0010008F053
:105BE0003FF81024A0E7B9F1000F08D0164B174872
:105BF000174A2049C01AC00800041023EDE7C26804
:105C0000954203D30269A844904508D90E4B0F482A
:105C10000F4A1949C01AC00800041023DDE7009498
:105C2000DC683A4633462946A047044600287FF4FC
:105C30007BAFB4FA84F0400903B0BDE8F08F00BF39
:105C400096ED050018680500706C0600D86C06001B
:105C5000EFF40500BCED05005EEE0500003000200D
:105C6000E82C0020C2ED0500CEED0500D2ED0500C8
:105C7000FCED050014EE050037EE05001D3D0400A7
:105C8000214B2DE9F341214F054618680E46144675
:105C9000EAF74CFB38680021EAF7FAFA18B91C4910
:105CA0005820E2F7C7F91B4B224631462846FFF73A
:105CB00005FF40B918490120E3F71AFA00242046ED
:105CC00002B0BDE8F081386840F6B831EAF7E0FA92
:105CD00038B912490120E3F70BFA0D496920E2F7C0
:105CE000A9F90F4B3868D3F80080EAF7A1FCB8F1A6
:105CF000000FE4D0CDE900480A4933462A46012086
:105D0000E3F7F6F9DAE700BF0030002004300020A6
:105D1000186805001D3D040097EE0500BBEE050068
:105D2000C4F200205EEE050070B504460D46012069
:105D30002C49E3F7DDF9C4F30B031BB12A49C22058
:105D4000E2F778F9294B9D4203D0294B1868EAF70E
:105D50006FFC28480368B3B9274B2848284A2949CB
:105D6000C01AC0080004082340F0010007F078FFC3
:105D700008241F4B1868EAF75BFC234922460120E0
:105D8000E3F7B6F921E042681268013A14420DD0F7
:105D9000194B1A481A4A1D49C01AC008000410239A
:105DA00040F0010007F05CFF1024E2E7C1688C427C
:105DB0000FD3016922448A420BD81E6921462B4623
:105DC0000122B04704460028D3D1B4FA84F0400938
:105DD00070BD094B09480A4A0D49C01AC0080004A1
:105DE0001023DDE7EAEE0500186805001D3D0400FC
:105DF00000300020E82C0020706C0600D86C0600F3
:105E0000DCF40500C2ED050078EF050003EF0500A6
:105E100029EF0500324B2DE9F04153F820400546AB
:105E20001CB93049EE20E2F705F92046E3F7D4FF2C
:105E30002D4B2E4C53F8253004EB051299681B6846
:105E400053602B4B2F0153F82530E15133B92549CD
:105E50005820E2F7EFF84FF0CC7308E0F92BFAD9AD
:105E6000B3F5C87F34BF4FF080634FF0CD63E619C0
:105E7000B360062333731F4B53F8255025B91E49D1
:105E80004FF48470E2F7D6F8D5F80480B8F1000F2B
:105E900004D1194940F20910E2F7CCF8D8F80830DB
:105EA00023B915494FF48570E2F7C4F831462A4604
:105EB00005F108000AF06CF8064678B905F10C0007
:105EC00004F03EF83C44D5F800C094E80F00654665
:105ED00045F8046B85E80F00CCF81450BDE8F0815C
:105EE000BCF2002095EF0500D4F405009CF20020E0
:105EF00094F20020CCF4050064E9050001282DE9A6
:105F0000F041044603D92C49F520E2F793F82B4ED3
:105F100056F824301BB92849F620E2F78BF8284BB5
:105F200053F8245025B927494FF49170E2F782F8CD
:105F300005F10C0004F072F82B6800211960224B67
:105F40001B5D43B3012B2FD0204B53F82480D8F88E
:105F500008501F2D04D91E494FF4F370E2F76AF878
:105F600005F5E0754FF0A0470C2347F82530D8F829
:105F700000501F2D04D916494FF4F370E2F75AF878
:105F800005F5E0750C2347F8253056F82400BDE8E8
:105F9000F04109F083BE0F4AC2F8FC3FD2F8FC3F43
:105FA0000123C2F8FC3FCFE74FF04022C2F8FC1FAC
:105FB000D2F8FC1FF5E700BF95EF0500BCF200200A
:105FC000CCF4050064E90500C8F40500D4F405002C
:105FD000C2EF0500003000402DE9F04F9846304BED
:105FE00053F8203087B081460C46174623B92D4917
:105FF00040F20110E2F71EF82B4B53F8295025B957
:1060000028494FF48270E2F715F828460395E3F724
:10601000E3FE03F08DFC254B109E03EB0913009368
:10602000234B640053F829300193E4B27608042529
:106030004FF0000A04978DF814808DF815408DF804
:1060400016A04FF00009DDE90010012304AA07F0B3
:10605000F1FF09F10109B145834603D0112812D09F
:10606000032810D0BBF1000F11D1012D15D1BBFABF
:106070008BF4640903F068FC03A809F029FE2046AC
:1060800007B0BDE8F08F0220E1F72EFFDBE702202A
:10609000E1F72AFF013DCDD1E9E70124EAE700BF9E
:1060A0008CF2002095EF0500BCF200209CF200204D
:1060B000CCF405002DE9F04F9946404B87B053F8DA
:1060C0002030019205460C4623B93D494FF4B47087
:1060D000E1F7B0FF109B23B9394940F26910E1F7AD
:1060E000A9FF119B23B936494FF4B570E1F7A2FF20
:1060F000344B53F8256026B931494FF4B670E1F7B7
:1061000099FF30460596E3F767FE03F011FC2E4B2E
:10611000129FDFF8C08003EB051300932B4B640044
:1061200053F8253002935FFA84FA44F00104E4B294
:106130007F0804264FF0010B019BC8F80030109B2C
:10614000C8F808300025119B88F8049088F805A04D
:1061500088F806B088F80C3088F80D4088F80E50A2
:10616000022300990298424607F064FF0135BD42C0
:10617000034609D0112807D115490120E2F7B8FFDD
:106180000220E1F7B1FEEBE76BB9012E13D1B3FAB0
:1061900083F4640903F0D8FB05A809F099FD2046B3
:1061A00007B0BDE8F08F02200393E1F79DFE013EAA
:1061B000039BC1D1EBE70124ECE700BF8CF2002088
:1061C00095EF0500BCF200209CF20020CCF4050005
:1061D000FFEF05007CF200201F2810B5044604D90B
:1061E00006494FF4F370E1F725FF04F5E0744FF032
:1061F000A043022243F8242010BD00BFC2EF0500D7
:106200002DE9F04F714D7249724C89B0074601205B
:10621000E2F76EFF2B78BBB923681BB176216E487D
:1062200007F014FE6D4E33680BB17721F7E7E1F705
:10623000E5FE2060EAF718F8236830600BB97A2190
:10624000EDE708B97B21EAE72068654E0590182440
:106250007C4306EB0409E3F7BFFD0223079306A87E
:10626000D9F80C300693FFF7BFFB2A785D4901325D
:10627000D2B201202A70E2F73BFF95F800B0BBF1E3
:10628000010F0ED0584B1B78BB4202D0384608F0A5
:10629000B1FA012405A809F01BFD204609B0BDE8AC
:1062A000F08FD9F8143099F8088016F804A099F8FE
:1062B000105099F804904D4E0293CDE9009A434650
:1062C0004B49FF225846E2F713FF337FCDF80C808D
:1062D000002B73D14749484803F062FE044600286A
:1062E00065D1012DC6E90000504646D8FFF7FFF9F9
:1062F000504608F02DFB0AF5E0730122B9F1FF0FBB
:1063000040F823203CD04846FFF7F1F94846FFF714
:106310001DF9B8F1FF0F36D001214046F1F796FB89
:10632000039BF377FF23B377334B029AC3F808A597
:10633000022DC3F80C95C3F81085C3F8242525D089
:10634000032D25D06A1E554255416D00C3F85455A2
:106350003168FF2286F820200122D9B9C3F8002530
:1063600000220120254972773077E2F7C1FE1E4BEB
:106370001F70B4FA84F464098CE7FFF7AFF9B7E74C
:106380004FF0FF39C5E74FF0FF38C9E70425DDE7D7
:106390000625DBE70421C3F804132320C3F80025F6
:1063A0000621EAF7E3FB2320EAF7D4FBD8E71349F9
:1063B00011225846E2F79CFE1124DAE70F49082221
:1063C0005846E2F795FE0824D3E700BF78F2002094
:1063D00018F0050074F2002025F0050070F200208E
:1063E00098F4050030F00500F82B002044F200205E
:1063F00047F00500F97B0400003002407BF0050007
:10640000F7B5294D294906460120E2F771FE2C789F
:1064100034B901202649E2F76BFE204603B0F0BDF7
:10642000244F38680190E3F7D7FC234B1A78B24227
:1064300004BFFF221A702B78013BDBB22B704BBBE1
:106440001E4E337F1BB91E49CD20E1F7F3FD3368A3
:1064500033B12320EBF72AFA1A4B0422C3F808239E
:10646000F07FFF2801D0FFF77BF816480024C0F822
:10647000004503F0BFFD3868347718B91248402151
:1064800007F0E4FC114EE3F7C5FC3068E3F7C2FC0B
:106490003C6034602A780E490120E2F729FE01A809
:1064A00009F016FC0120B9E778F200208DF0050014
:1064B0009CF0050074F20020F82B002044F200202C
:1064C000BAF0050000300240DA60050070F20020EA
:1064D000FFF005002DE9F0438BB0DDE9128705469A
:1064E0008946144622B94FF496712F4807F0AEFC46
:1064F0002FB1B8F1000F02D14FF49771F5E72B4B94
:1065000018680190E3F768FC284608F073F9284BF7
:10651000182202FB0533DE681F2E04D925494FF4EB
:10652000F370E1F787FD01254FF0A043B540102C33
:10653000C3F80C5502D94FF4A271D6E70023CDE978
:106540000694CDE90833CDE90233CDE9048706A8E6
:10655000B8F1000F00D0BFB909F0E4FD02461AB14E
:1065600015490120E2F7C4FD1F2E04D911494FF44B
:10657000F370E1F75FFD4FF0A043C3F808550F4BF0
:106580001B7853B9F621B0E709F0CCFD044602A808
:1065900009F0C8FD40EA0402E1E701A809F098FB10
:1065A00001200BB0BDE8F08325F0050074F2002057
:1065B00098F40500C2EF050018F1050078F20020FC
:1065C00000F1804000F5C040002382B00360036802
:1065D0000193019B02B070472DE9F04F87B0002472
:1065E0005B4D03944FF48072012102F1804303F567
:1065F000C0431B68012B07D1D5F804330B4203D0ED
:1066000090B2FFF7DDFF0C430432B2F5907F4FEA02
:106610004101EAD14E4BD3F87C31012BE2B227D1B4
:106620004FF4BE70FFF7CCFF4FF0A043D3F8103506
:1066300003930AB344F00044464F00250126264246
:1066400010D0AB0003F1804303F5C043D3F810052D
:10665000D3F8101557F8253023B1C1F30141C0F329
:10666000042098470135082D4FEA4606E7D101E09E
:10667000002AE1D1002C68DA4FF0FF330021CDE988
:1066800004314FF001090027DFF8CC803E4618F9AD
:10669000013F5A1C4BD0C3F3C201DDB203F03F0AE5
:1066A00003F0070309FA03F401F118030DEB0302E9
:1066B00012F8083C23423AD0264B03EB0A00AD09FE
:1066C00090F9280053F820B0BBF1000F08D1032D3A
:1066D0002DD105A8435C2343435403E00127D6E7AB
:1066E000032DF6D05046019208F032F9019A0AF5CE
:1066F000E07312F80C2C50F823302242C3F301430C
:1067000005D0022B13D1032D0BD1294604E0032B16
:106710000DD1032D05D102215046FEF703FF0136AE
:10672000F6B2BBF1000F02D029465046D847002FE1
:10673000D4D056B14FF0A043039AD3F810359A4203
:1067400003D00393059B04939DE707B0BDE8F08F4A
:1067500000600040183000205F30002037B5D0F8CE
:1067600018358A69DBB28DF807304B6A93423EBF19
:106770004A699DF80740D4544B6A91F828500C6937
:106780005A1C4A62023335B1A3428C6938BF0B618F
:106790009C4288BF8B610D699D4205D9CA68D35C54
:1067A000C0F81C3501200BE08C699C4202D991F89D
:1067B0002030F5E7AA42F5D3A2422CBF00200120E9
:1067C00003B030BD08B50B4B1B791BB90A49B92082
:1067D000E1F730FC094B1A68D2075FBFC02283F88B
:1067E000002301221A604FF08043054AC3F81825A0
:1067F00008BD00BFA4EC00201590050000E100E0FA
:10680000010003004FF0804307B5D3F800217AB1AF
:106810000022C3F80021D3F800210092009A01223F
:10682000C3F808230F4B587910B95A711B68984761
:106830004FF08043D3F8042182B10022C3F8042131
:10684000D3F804210192019A0222C3F80823054BD0
:106850001B68012003B05DF804EB184703B05DF836
:1068600004FB00BFA4EC002038B50C46054618B95F
:1068700004497720E1F7DEFBAB68A3428CBF601CC4
:10688000002038BD30F1050082B00191019B63B159
:10689000002213460199D140C90742BF00EB4301D2
:1068A00001338A800132142AF4D1036002B07047A8
:1068B0002DE9F04703888488112B8CB0054644D01D
:1068C0001A2B49D0102B20D1DFF8D080D8F808300F
:1068D000DB430093D8F804206B4653E8001F01EA1D
:1068E000020043E8000696F0000FF6D1009901A8D7
:1068F000FFF7CAFF0DF106090027019B9F4207D34E
:10690000132C12D90420EAF713FA0CB0BDE8F08773
:1069100039F802AF00260136514608EB860003F035
:1069200004FC1D2EF7D10137E7E71748214603F095
:10693000EAFB1648214603F0E6FBEB7B012BE4D093
:106940001348214603F0DFFBDFE70F4821460CB078
:10695000BDE8F04703F0E9BB037A0E481F2B4FEA6E
:10696000131521460AD903F0CEFB022D0A48214611
:10697000EDD00CB0BDE8F04703F0C5BB03F0D5FB8C
:1069800005482146E3E700BF20EF00201CEF002070
:1069900024EF002028EF00202CEF002018EF00202B
:1069A0000023136070B50346A0B1046894B1C58894
:1069B00015F0030010D1132910D80A4E7668CE4086
:1069C000F6070BD51E79CBB29E4209D905FB0144CF
:1069D000146070BD0E20FCE70720FAE70520F8E7F9
:1069E0000420F6E718EF002070B505468AB00C4683
:1069F00000295DD000285BD00388502B33D0572B63
:106A000068D0102B54D18188606901AAFFF7C8FFB4
:106A1000082200210DEB02000DF05AF80223218A12
:106A2000A888CDF80CD002AA0293FCF7DBF8002866
:106A30003ED1A369002B3BD0039B1B88DB0737D5D6
:106A4000019E0EB1012333701822002104A80DF01D
:106A50003FF802238DF81030AB88ADF8183005945C
:106A6000A369079622E08188606902AAFFF798FF70
:106A70001822002104A80DF02BF8AB882189ADF86D
:106A80001830EB88029A05949942079212D1298A0C
:106A900002290FD162B16B8A13F001031370A3694D
:106AA00014BF022103218DF810100BB104A89847E0
:106AB0000AB070BDA2899A42FAD1A369002BF7D01F
:106AC00000228DF8102005F1120208922A8AADF8F2
:106AD0002420EBE78188606902AAFFF761FF014685
:106AE0000028E5D1029E3378002BE1D0182204A8BB
:106AF0000CF0EEFF0123ADE7704700002DE9FF47E2
:106B0000D378DB070546164604D540F2971127488F
:106B100007F09CF9D2F804900DF1090301930DF1EF
:106B20000A03009303AA0DF10B034FF0FF3148460F
:106B3000E8F742FC10B94FF4D171E8E79DF80B007B
:106B400009F10204431E64421C40039BE4B2A3EB20
:106B5000040802304044E0F77FF89DF80B20811CC8
:106B6000531E494219409DF8093000935FFA81FA9B
:106B70009DF80A3058FA81F10746FEF7BFF8A11CCC
:106B80000AF102004246494438440CF069FAB378ED
:106B90003288AB70EB782A8023F0030343F00203C2
:106BA0002846EB706F6004B0BDE8F08753E805003D
:106BB00070B50C4615460026013D00D270BD20463A
:106BC000E0F77BFF04F11C0007F05FFE2046402247
:106BD00000210CF07DFF403404F8326CECE700003B
:106BE00070B51E46037C8AB001330D46037404461B
:106BF0000DF10600E0F761FFAB7B052B26D1337862
:106C0000052B23D005A92846E0F76DFF00262B466B
:106C100003CBCDF80600186895F824308DF80530C0
:106C2000E3696269CDF80A100133B3FBF2F102FBAC
:106C30001133A2698DF804609342CDF80E0020D183
:106C400001201E492062E2F753FA08E0AB7B052BD6
:106C500002D03378052B04D0AB7B072B07D00AB0CA
:106C600070BD05A92846E0F73EFF0126CFE733783F
:106C700013F0FD0FF3D005A92846E0F734FF0226F4
:106C8000C5E7E269606A0E214A43811886549DF87F
:106C900005204A70DDF80620C1F80220DDF80A2040
:106CA000C1F80620DDF80E20C1F80A2004F1280002
:106CB000E3610021E1F74BFFD1E700BF78F1050068
:106CC000A0F10800FFF78CBF2DE9F04192B0044617
:106CD0000DF10E00E0F7F1FE324F334E334DA26955
:106CE000E3699A425BD0606A0E235343C118C35CC8
:106CF0008DF80C304B788DF80D30D1F80230CDF88E
:106D00000E30D1F80630CDF81230D1F80A30616972
:106D1000CDF81630531CB3FBF1F001FB103304F136
:106D20001801BFF35B8F51E8000F904204D141E896
:106D3000003CBCF1000FF6D1BFF35B8FCFD10DF15A
:106D40001C0841460DF10E00E0F7CDFE9DF80C3019
:106D50008DF803309DF80D308DF802300DF10301F0
:106D600002230EA8CDE90C7308F0A8F90DF1020179
:106D700010A808F0A3F90CAB01AA29462046CDE9DA
:106D8000016809F0C5FCADF830000CA808F008FA5D
:106D90000028A4D106484FF4947107F057F812B0B8
:106DA000BDE8F0815C7205000C00030000010100E9
:106DB00003E9050080B586B000AFF860B9607A607D
:106DC0003B6007F1100339681846F5F77DF807F1C5
:106DD00010007B68BA68F968FCF7CAF803461846E1
:106DE0001837BD4680BD37B50446007D0D461146B7
:106DF0001A4640B9069BADF8063028460DF1060349
:106E0000FFF7D8FF207503B030BD00002DE9F04F2B
:106E1000ADF5617D884615460446EBF7DDF806467C
:106E20004069E8F7BBFBF36A03935B680893B8F823
:106E30000630013B06F12C070E2B00F2D586DFE869
:106E400013F00F001F003E006E00AB00F5003E0186
:106E50008D01A401BF01E9018506DD02AE069C0299
:106E600000237D93EB687CA9187804F051F9C828B9
:106E7000074612D17CA91CA8FBF70EFD1CAB18E13C
:106E8000ED68EBF7A9F8012300937CAAB14B2946E2
:106E9000EBF7CCF8C828074608D07069E8F78AFBFA
:106EA0003A4641462046E0F7B6F9CBE1BDF8F2316B
:106EB000ADF870301CA97CA8F5F706F848E1E86841
:106EC00008F0C1FA0025294681461C227CA8CDE99C
:106ED0007F557D950CF0FCFD29460C220DA80CF089
:106EE000F7FDEBF779F805464069E8F757FB1CAB6F
:106EF00011AA494605F12C00E7F736FA07466869FA
:106F0000E8F758FBC82F5ED111A948467CAB0DAA03
:106F100004F0C1F87CA91CA8FBF7C4FCAEE7E86844
:106F200008F091FA002769698146012209A81CAD81
:106F30000CF096F8182239462846ADF878701F975D
:106F4000ADF8807021970DF5F87A0CF0C1FD102294
:106F500039460DA80CF0BCFD4022394650460CF0D5
:106F6000B7FD7D4A9DF8243011920AA911AA48461E
:106F70008DF8283004F06EF828B3BDF84810139847
:106F8000149ACDE900A50DABFCF710FC294611A819
:106F9000FBF78EFC11AB8CE0E86808F054FA6969E5
:106FA0000746012211A80CF05BF8EB691D786A4BCB
:106FB0007C937CAA9DF844308DF870301CA938462B
:106FC00004F048F828B97069E8F7F4FA4FF4CA7782
:106FD00066E77CA8E5F798FF0028F4D000234FF679
:106FE000FF7200E0013330F813109142FAD1DBB2A6
:106FF000AB42E8D930F815507CA82946E6F7A1FB4A
:107000000028E0D00378DA0758BF0388ADF8705045
:1070100054BFC3F34E030023ADF872304388ADF87C
:1070200074301CA97CA8FBF749FC91E06B68012B2C
:107030000DD92B8A5BB1686908F005FA08AA0146E8
:107040003846E7F704F9C82807467FF426AFE86812
:10705000DDF820A008F0F7F900271CAD81461822C2
:1070600039462846ADF878701F97ADF880702197A3
:107070000DF5F87B0CF02CFD1022394611A80CF010
:1070800027FD4022394658460CF022FD494650461D
:10709000DFF781FF0246002895D011AB49465046E4
:1070A000CDE900B5FCF782FB29460DA8FBF700FCF3
:1070B0000DABC82241462046E0F7AFF8BFE06B6851
:1070C000022B0DD92B8B5BB1E86908F0BCF908AA3B
:1070D00001463846E7F7BBF8C82807467FF4DDAE1F
:1070E000E868089F08F0AFF96B69014638461D78DB
:1070F000DFF751FF00283FF466AF41883846DFF7DD
:107100002AFF00283FF45FAF00234FF6FF7200E034
:10711000013330F813109142FAD19D42BFF453AFBE
:1071200030F8155029463846DFF704FF00283FF4B1
:107130004AAFADF870500388ADF8723083788DF89F
:1071400074301CA98388ADF876307CA8FBF7BCFBB3
:107150007CABAEE7F000FFFF5C9805006B68012B8D
:107160000DD92B8A5BB1686908F06DF908AA014650
:107170003846E7F76CF8C82807467FF48EAEE86813
:10718000089F08F060F90546CCE76B68012B0DD924
:107190002B8A5BB1686908F056F908AA014638469F
:1071A000E7F755F8C82807467FF477AEE868089FE8
:1071B00008F049F9054601463846DFF7DCFE1FE7CF
:1071C0006B68012B0DD92B8A5BB1686908F03BF91C
:1071D00008AA01463846E7F73AF8C82807467FF478
:1071E0005CAEEB68089A1B78FF2B3FF4ECAE51685D
:1071F000B1F870209342BFF6E6AE4A6C8DF870305D
:1072000002EB43027CA88B5AADF872301CA9FBF745
:1072100061FB9DE76B68012B18D8E86808F013F94B
:10722000089F3B680146DB6881463846984705461B
:10723000E0B94FF4CA7241462046DFF7ECFF7069AF
:10724000E8F7B8F90DF5617DBDE8F08F2B8A002BCA
:10725000E3D0686908F0F7F808AA01463846E6F76F
:10726000F6FFC82807467FF418AED6E700212C2287
:107270001CA88DF873108DF876108DF87A108DF8A3
:107280007E108DF88410ADF8881023918DF8901041
:10729000ADF8941026910CF01BFC2B78042BC8D869
:1072A000DFE803F0031828324F00ADF87090AB7898
:1072B0008DF874304FF48072ADF87220AB880122E3
:1072C0005BBA8DF87620ADF878301CA97CA8FBF766
:1072D000DDFA3DE70123ADF870908DF872306A88D1
:1072E000ADF87C208DF87A308DF87E30AB88ADF823
:1072F0008030EAE702238DF87230ADF870900123F8
:107300008DF87E306B88F2E73B6869885B693846A8
:10731000984700288DD00DF5F87A4FF4C0720021FF
:1073200050460CF0D5FB1CABCDE900A32A463A230E
:1073300049463846FBF7DAFA1CA911A8FBF7A6FA6A
:1073400028E63B68AA889B6939460DA898470E9B9A
:10735000002B3FF46EAF0DF5F87A4FF480720021E8
:1073600050460CF0B5FB1CABCDE900A32A465723D1
:1073700049463846FCF776FADEE76B68012B0DD9F3
:107380002B8A5BB1686908F05EF808AA01463846A6
:10739000E6F75DFFC82807467FF47FAD089FD5F864
:1073A0000CA04FF0060B00257B68B3F86010AAB262
:1073B00091427FF608AE5A6A1FFA85F90BFB092243
:1073C00099189B5C012B17D13B6849889B6838460C
:1073D0009847014680B14FF0FF325046E0F776FC07
:1073E00050B9786811AA494608F00BF800283FF414
:1073F000EAADBDF844305BE50135D5E76B68012B9C
:1074000039D86B68002B46D0E86808F01CF8638A0E
:10741000DDF820B00BB1984242D100214FF4C87280
:107420007CA80CF055FBAC4B1A6812F0010FAB4A6C
:1074300001BF40F28711116001211960638A33B9DD
:107440002372E36023822375B8F8023063820DF261
:10745000F913D2F800A00993237A082B00F21683BF
:10746000DFE813F025005D00AF00FD0042017B0165
:107470008402BC02EF012B8A002BC5D0686907F09B
:10748000E2FF08AA01463846E6F7E1FEC8280746AB
:107490007FF403ADB5E7638ADDF820B0002BBCD0E4
:1074A0008F490120E1F724FE40F2A712C3E6EAF774
:1074B00093FDC3691F781B7A1F44FFB200975346A0
:1074C00009AA0DF2F9112046FFF78DFC05460028A8
:1074D00000F0EF824FF00009E3689F4205D8E368AF
:1074E0009F42B9D80125237AD6E2102200211CA898
:1074F000CDF874900CF0ECFA1CA9207B03F008FE88
:107500001CAB524609A90DF2F910FDF758FA0546D1
:10751000002800F0CE82E3680133E360DCE7DBF8AB
:107520000430B3F872700097534609AA0DF2F911AE
:107530002046FFF758FC0546002800F0BE824FF0B9
:107540000009E3689F42CAD91C2200211CA8CDE98A
:107550001F99CDF874900CF0BBFA11AB0093E16861
:1075600003980DAB0DF11E02E6F7A7FEC8281BD04D
:10757000BDF81E30ADF870300F238DF87830594BC0
:107580001D934FF0FF33CDE921331CAB524609A9BF
:107590000DF2F910FDF72CFA0546002800F089825B
:1075A000E3680133E360CCE70C2200210AA80CF069
:1075B0008FFABDF81E001CAB0AAA0DA903F06BFDE3
:1075C000E3E7DBF80430B3F86C700097534609AA80
:1075D0000DF2F9112046FFF706FC0546002800F0E1
:1075E00068820DF14409E3689F427FF678AF00237B
:1075F0004FF000021946C9F80C30C9F81430A9F848
:107600000820A9F81020484618220CF061FA1CAD99
:10761000102200210DA80CF05BFA40220021284620
:107620000CF056FAA18904915846DFF7B4FC04998E
:10763000024628B1CDE900590DAB5846FCF7B6F823
:107640004B46524609A90DF2F910FDF7EAF9054635
:10765000002800F02E82E3680133E360C3E7DBF823
:107660000430B3F868700097534609AA0DF2F91177
:107670002046FFF7B8FB0546002800F01E82E368AD
:107680009F427FF62CAF002106221CA80CF020FAA6
:10769000A58958462946DFF76EFC70B10378DB07F1
:1076A00058BF0388ADF8705054BFC3F34E03002396
:1076B000ADF872304388ADF874301CAB524609A95E
:1076C0000DF2F910FDF7C6F90546002800F0F58126
:1076D000E3680133E360D2E770F300206CF300202D
:1076E000AFF10500B5610500DBF80430B3F8647054
:1076F0000097534609AA0DF2F9112046FFF773FBD4
:107700000546002800F0D581E3689F427FF6E7AE8A
:10771000002108221CA80CF0DBF9A589584629464F
:10772000DFF708FC50B10388ADF8723083788DF82C
:1077300074308388ADF87050ADF876301CAB52468B
:1077400009A90DF2F910FDF79EF90546002800F091
:10775000B081E3680133E360D6E7DBF80430B3F8C7
:1077600060700097534609AA0DF2F9112046FFF701
:107770003AFB0546002800F0A081AAF132039A08DE
:1077800005920622B3FBF2F30493E1688F427FF681
:10779000A6AEDBF804000DAA07F033FE054600286C
:1077A00000F0E0804FF000038DF847308DF84A304C
:1077B0008DF84E308DF852308DF858304FF0000370
:1077C000ADF85C30002318938DF864304FF000035F
:1077D000ADF86830002319462C2211A81B930CF039
:1077E00077F92B78042B00F28A80DFE803F003425C
:1077F00054607400BDF83430ADF84430AB788DF887
:1078000048304FF48072ADF84620AB8801225BBA55
:107810008DF84A20ADF84C3011AB524609A90DF253
:10782000F910FDF7B3F80546002840F09B80DDF81D
:1078300024900DF2F91399456AD0E3689F427FF6D0
:1078400052AE099B0DF2F9129B1A03F10901B1F531
:10785000C87F227A4FF0000540F25881A6490120E6
:10786000E1F746FCC4E90355257225754FF4FA7219
:10787000E1E4BDF83430ADF8443001238DF84630F2
:107880006A88ADF850208DF84E308DF85230AB88B4
:10789000ADF85430C0E7BDF83430ADF844300223C1
:1078A0008DF8463001238DF852306B88F0E71CAB21
:1078B0004FF4C07200211846BDF834900CF008F95E
:1078C00011AB01931CAB00932A46049B49465846D2
:1078D000FBF70CF8A0E71CAB4FF4807200211846B0
:1078E000BDF834900CF0F4F811AB01931CAB00938D
:1078F0002A46059B49465846FBF7B4FF8CE77F496B
:107900000120E1F7F5FB40F26D417D4806F09EFA5B
:107910007C490120E1F7ECFB2C2229461CA88DF8BC
:1079200073508DF876508DF87A508DF87E508DF822
:107930008450ADF8885023958DF89050ADF8945050
:1079400026950CF0C5F84FF6FF73ADF870308DF842
:10795000723052461CAB09A94846FDF717F80028BB
:107960003FF46BAFE3680133E3600EE7DBF804300C
:10797000B3F870700097534609AA0DF2F91120462A
:10798000FFF731FA0546002800F09380E3689F4234
:107990007FF6A5AD042200211CA80CF099F8237BEA
:1079A000FF2B0DD0DBF80410B1F87020934207DAFA
:1079B0004A6C8DF8703002EB43028B5AADF872308E
:1079C0001CAB524609A90DF2F910FDF775F80546F2
:1079D000002872D0E3680133E360D7E7DBF80430B6
:1079E000DA68B3F8540013440022914691B28842F9
:1079F0003CD8534609AA0DF2F911CDF80090204663
:107A0000FFF7F1F9DBF8003005469B680021584686
:107A100098474F460490002D46D0E36899457FF67D
:107A20005EAD0023194608221CA81D930CF050F8E7
:107A3000E36823B3238A049A134413F8012B002A22
:107A4000FBD1049A1D939A1AADF870201CAB5246D4
:107A500009A90DF2F910FDF748F8054688B1BDF8FF
:107A600070302382E3680133E360D6E713F8011B2B
:107A700019B909F101091FFA89F90132B6E7049B26
:107A8000DFE7E268237A914506D9DAE61E4901204C
:107A9000E1F72EFB237A0125072B2AD8DFE803F034
:107AA000111B1D1F21232527E268237A4A45F3D2A3
:107AB000C7E6E268237ABA42F9E7E268237A974296
:107AC000E2E701230022E260228222752372002D68
:107AD0007FF4C2ACB5E60223F4E70323F2E7042304
:107AE000F0E70523EEE70623ECE70723EAE70823A0
:107AF000E8E70023E6E700BFB3F20500ECF105007C
:107B00003EE8050028F2050081F20500082A4FEA48
:107B100013218DF8F1314FEA13438DF8F3318DF8CD
:107B2000F21101BFC4E90355257225757CAB0EBF68
:107B3000C8227CAB6422414620468DF8F0517D95E9
:107B40008DF8F851F4F7B4F9FFF779BB6B68012BA6
:107B50000DD92B8A5BB1686907F075FC08AA01464C
:107B60003846E6F774FBC82807467FF496A9089FB5
:107B7000E86800231D9307F066FC3B680546014654
:107B80009B683846984700283FF41DAA1D901CA901
:107B90007CA8ADF87050FAF7A3FEFFF7D9BA7CAF16
:107BA0000399384607F0CEF800254FF6FF7938469E
:107BB000E6F73AFB484509D10D492A4638460BF00D
:107BC00053FC0C4BCDE91C37FFF758B93B685B6899
:107BD0005B689B68AB4218BFC5EB4515384618BFBC
:107BE000ED1807F092F8E2E74FF4E0718DE600BF80
:107BF000C56705000C00030010B5104C236823B9BD
:107C00000F4940F29910E0F715FA0E484FF48471CD
:107C1000E0F728FE09490B48FEF7A0FD68B9A07FF0
:107C2000FF2801D0FDF75AFD002323726377064831
:107C3000D4E90031BDE81040184710BD44F20020DF
:107C4000BAF00500003002404CF200202DE9F74F59
:107C5000804618B9BB493720E0F7ECF9D8F8003076
:107C60001A7E1868856805EBC20055F83270857970
:107C7000447990F8049015F0010F4FEA540BD1B2FB
:107C80004FEAC20604F0010445D0002C43D1186825
:107C90004A1C017B8A423EDA1A68926806F10800A3
:107CA00002445279BBEB520F35D11A6891680A1819
:107CB0000E58547992F804A09279520102F02002F1
:107CC00001921A7E04F001040132C4F10304D2B21D
:107CD000E4B21A7698F81050012D04D99A494FF45D
:107CE000F770E0F7A7F93422984B6A439A583AB9EB
:107CF000022C18D194494FF4FB70E0F79BF9934B99
:107D0000D8F80C8007F06042B2F1005F11D010206B
:107D100003B0BDE8F08F6B0103F020030026E4B24E
:107D20000193B246D6E7032CEAD1874940F2F71017
:107D3000E3E7874AC8F808234FF0340C0CFB053200
:107D400092F82F1001F0FF00009021B19368C8F85D
:107D500004331120DCE70CFB0533012182F82F10DE
:107D600040461C734FF48271009BC8F888B582F8B6
:107D70003030C2E9049AC2E9067682F80DB0E0F725
:107D800071FD4FF492714046E0F76CFD013C009BA1
:107D9000C8F85035C8F84035022C68D8DFE804F040
:107DA0008E44020006F06043B3F1005FAFD14FF4A0
:107DB0008073C8F800324FF4A871C8F84475404683
:107DC000C8F84895E0F74EFD4FF4B0714046E0F733
:107DD00049FD4FF4A4714046E0F744FD0123C8F883
:107DE0002030C8F80830D8F85031002BFBD04FF4C1
:107DF000A8714046E0F736FD544BC8F8446534227C
:107E000002FB0533534AC8F848A59A604FF48273C1
:107E100034224E4C6A43A118A258002A73D08B68B2
:107E2000C8F80433002073E706F06043B3F1005F45
:107E3000C8F84475C8F848957FF469AF4FF4845387
:107E4000C8F83465C8F838A5C8F800323F4B34226A
:107E500002FB053340F202229A600123C8F8203069
:107E60004FF482730822012148F80210D0E70199EB
:107E7000C8F84475354BC8F84895342291B102FBD7
:107E800005334FF48071C8F80012324A9A604FF4FB
:107E9000A4714046E0F7E6FC4FF4A4730122C8F851
:107EA0002020DFE702FB05334FF4007140F202228D
:107EB000C8F800129A604FF48273EFE74FF48053D2
:107EC000C8F83475C8F83895C8F800321F4B34220A
:107ED00002FB053340F202229A600123C8F82030E9
:107EE00000224FF48273BEE7D8F8242162B14FF428
:107EF00092714046E0F7B6FC0123C8F82030C8F87C
:107F000014304FF4827343441A68002AECD03422B0
:107F1000D8F8C434C8F8C43402FB0544002284F8FD
:107F20002F20002B3FF47EAF13F0020F48F2012008
:107F300008BF032013F0040F48F2022318BF1846AD
:107F4000E6E600BF64E9050009F30500D8F100206A
:107F500002029C01000204002DE9F3410E46054691
:107F600018B95F498720E0F765F800230DF1060096
:107F70002C688DF8063005F085FFAEB16E68F6B955
:107F80005849D920E0F756F8002C43D000238DF84B
:107F900007300DF1070005F075FF524940F20A2045
:107FA000E0F748F8002612E02B681B68002BE5D0AC
:107FB0009DF80600E8F738FE02B0BDE8F08114B382
:107FC00000238DF807300DF1070005F05BFFD6F8B0
:107FD0000080D8F80020D8F804309A4275D0D8F83C
:107FE0000070D8F800103046FEF73EFCF268716869
:107FF000C8F80000531E072B61D8DFE803F01251C8
:108000006055606060593749DA20E0F713F88DF861
:108010000740D8E73349DA20E0F70CF88DF807403D
:10802000B7E7CB5D23709DF80700E8F7FDFD9DF8ED
:108030000600E8F7F9FD23681B69002B4CD1261DCB
:108040006069102231460BF019FDA0B105F10C0852
:10805000404605F1080701F0E1FF2A46314638465F
:1080600007F096FF18B11E49B420DFF7E3FF404642
:1080700001F066FF6661002626762846FFF7E6FDDA
:108080000146002898D02846FBF75EFD0DF106005A
:108090008DF8066005F0F6FE6E68002E90D16FE751
:1080A00031F817302380BEE751F827302360BAE754
:1080B00001EBC701D1E90023C4E90023B3E702FBC8
:1080C000071120460AF0CCFFADE79DF80700E8F75E
:1080D000ABFD002323606BE723681E69B0E700BF98
:1080E00064E9050030F1050070B50C46064618B984
:1080F0001249D220DFF79EFF25682B681BB90F4974
:10810000D820DFF797FF317869B92B7E2A680133D1
:10811000127BDBB29A4207D92B762046FFF796FDF9
:10812000014608B970BD03212046FBF70DFD20462E
:108130000121BDE87040FFF70FBF00BF64E90500F3
:10814000032303747047032303727047AEDF704745
:108150001FB503788DF800304368019383688DF86C
:108160000830C368054A0393054B684653F821302D
:1081700052F82110984705B05DF804FBCCF30020BD
:10818000D0F30020002808DB4901C9B200F16040AB
:1081900000F5614080F80013704700F00F004901BE
:1081A000C9B2014B1954704714ED00E010B40B78BC
:1081B00003F003034A78120102F0300213438A7875
:1081C000120202F4E0621343CA78120302F48052EE
:1081D00013430A79120402F4E02213434A79120588
:1081E00002F4801213438A79120602F0807213435C
:1081F000074A02EB0014C4F81835CC79097A5130DB
:10820000030102EB00104160D4505DF8044B70474D
:10821000007000401FB503788DF800308388ADF8FA
:10822000043083688DF80630C3688DF80730036921
:1082300002934369054A0393054B684653F821307E
:1082400052F82110984705B05DF804FB84F3002034
:108250008CF300200C4B0322C3F80825A3F5F03360
:108260000022C3F80022C3F8102101221A61D3F8BA
:108270001021002AFBD00022C3F810215A601A6096
:10828000024B1A80704700BF00F00140E6F4002066
:10829000124AD0B1D2F83C3723F0004323F0FF0359
:1082A00043F0004343F07D03C2F83C37D2F87C37FB
:1082B00023F0004323F0700343F0004343F06003D6
:1082C000C2F87C37064B18707047064BC2F83C3733
:1082D000D2F87C3723F00043F2E700BF00100040E3
:1082E000DCF3002034300040194940F25B6310B5E4
:1082F000C1F83835174BC1F83C35174B1B685B008C
:108300000233C1F80835154BC1F8043500240323A6
:10831000C1F80041C1F80032114B1B7840B113B1D4
:108320000120FFF7B5FF0123C1F80C414B6010BDE0
:108330000C4A1278C1F80C25002BF8D00A4B012208
:10834000DA605A60C3F84001C3F84401EFE700BFA8
:10835000001000405555550078F30020E4F300204C
:10836000E8F4002080F300200090004008B5084B9E
:1083700001210022C3F80815C3F81025C3F81425FD
:10838000A3F5B0331961FFF765FF024B197008BD03
:1083900000F00140E9F400200323037570474068B2
:1083A000036810B5DB680C46D1E900129847C8286D
:1083B00004BF0023636010BD2DE9F04105460C4663
:1083C00000267D27D4E90023E968134402EB010C61
:1083D000D4E9022010449042964614D99C4512D903
:1083E000724612F8011BA1F17D08B8F1010F1DD8EA
:1083F00094F81080B8F1000F15D103F8017B9C456B
:1084000012D8012222742268A0EB0E009B1AC4E944
:10841000013EE06068B121462846FFF7C0FFC8284A
:10842000D0D0BDE8F081267481F0200103F8011B53
:10843000D1E7C820F5E70000C0B2C31E012B09D95F
:1084400040B1D82806D0EC3813280AD8064BC340D0
:10845000DB0706D5C81E012894BF0020012080003C
:1084600070470420704700BF1111090010B51C4B64
:108470001C681C4B20461978FFF7DEFF68BBFFF72E
:10848000E9FE194BE4B2C3F80C45C3F81015D3F854
:10849000242522F0FF02C3F82425D3F8242542F036
:1084A0007102C3F82425114AC3F81C25033901229F
:1084B000C3F83025012940F20312C3F82C05C3F894
:1084C000342506D80A4A1278120642F48472C3F898
:1084D0001425084AC3F8182510BD0420FCE700BF86
:1084E00080F30020102C002000100040002941766D
:1084F0007CF30020FF00030008B50B4B1B7810F045
:10850000300F42B218BF62F03F02012B09D8074B6F
:1085100010461978FFF790FF18B9054B01201A6033
:1085200008BD0020FCE700BFE9F40020102C00206B
:1085300080F300201FB501238DF80030044BCDE9F6
:108540000110D3E900126846904705B05DF804FBBE
:1085500018F3002038B505460C468B1EDBB2012B04
:1085600003D94B1FDBB2022B04D821462846FFF764
:1085700009FE38BD02496B20DFF75CFDF5E700BF5F
:1085800078F70500F8B505460E461446414B93F8BA
:108590002C30002B3BD03F4B1B68002B3DD016F5F9
:1085A000006F40DBB4F5006F43DAA64247DAB2B29F
:1085B00042EA04422B0103F1804303F5E043C3F890
:1085C0001C25072D41D86F008021B94016F5006F9A
:1085D00041D0304843697E1C4FF00042F2401343C3
:1085E00043612D4BC3F80413072D41D84023BB40F2
:1085F00040F2FF72944241D0264842694FF0004158
:10860000F9400A434261244AC2F80433F8BD2349C1
:108610004FF41870DFF70EFDBDE7204940F26120EE
:10862000DFF708FDBBE71D4940F26220DFF702FDDE
:10863000B8E71A4940F26320DFF7FCFCB5E71749B9
:108640004FF41970DFF7F6FCB1E7154940F2B92095
:10865000DFF7F0FCB7E70F4843697E1C4FF000429C
:10866000F24023EA020343610B4BC3F80813BBE754
:108670000B4940F2B920DFF7DDFCB7E70548426956
:108680004FF00041F94022EA01024261024AC2F879
:108690000833BBE79CF3002000700040B8F70500EA
:1086A00000F80500826810B504462AB143690168E4
:1086B000006998470023A36010BD826830B4046845
:1086C000551C8560A154D0E901329A4202D330BCD6
:1086D000FFF7E8BF30BC70472DE9F84F9946DDE958
:1086E0000A431546824688460A460127AA420FD207
:1086F0004F4538BF4F4613F0010B01D164B9002438
:108700000126B9F1010F1CD909F1FF396E43F8E7D1
:108710000137B2FBF5F2E9E79B0710D5B9F1000F7D
:1087200014BF20263026BC42EAD9013C31465046CF
:10873000FFF7C3FF002CE2D0BC42F6D1E0E72026D1
:10874000F1E7B8FBF6F39D42E0D9DFF83C90B8FBC7
:10875000F6F3504619F8031006FB1388FFF7ADFF38
:108760003346AB42B6FBF5F6F1D2BBF1000F00D0B9
:1087700034B9BDE8F88F20215046013CFFF79DFF3A
:10878000BC42F8D8F5E700BF9C00060010B50449CC
:1087900004460120E0F7ACFC02232374012010BD45
:1087A0003EF80500A0F10800FFF7F0BFF8B5044659
:1087B0000E4617460025BD420BDAA388E288013B2E
:1087C0009BB29A4205D03146204605F025FF01357F
:1087D000F1E7F8BD2DE9F047DFF89892DFF898A2AD
:1087E0001546D9F800200E4602F0C00205F03F0100
:1087F0000A438E49C9F800200E609AF8001080469E
:1088000003398B480129036003D8032B04BFFF21E0
:108810000160884F3C78002C00F00181B8F1000F16
:1088200048D1FFF7A3FD56B9002D76D103238AF86E
:108830000030814BC9F800501D70002036E0013E29
:10884000042E6AD8DFE806F00309292E3400032D30
:1088500063D8AD01C9F80050EFE7012D0DD0022D0E
:108860005BD104238AF80030734B0121002019707A
:10887000FFF70EFD714B196109E003238AF8003000
:108880006D4B00201870FFF703FD6C4B1D616C4BA6
:10889000BDE8F0471870FFF7E9BD012D94BF002037
:1088A000012002E0281E18BF01208000BDE8F087EB
:1088B000032DF3E7B8F1030F05D1012C00F0B180CF
:1088C000FFF754FDB9E7012C40F0AB80032B02D039
:1088D000272E00F2A8805B4B0021B8F1010F198010
:1088E0000AD140F2011258480BF0F2F84046FFF767
:1088F000FBFC04233B70A0E7B8F1020F9DD1036895
:10890000514C032B627006D8013B022B07D8DFE8DD
:1089100003F0333A3E00FF2B3DD00420C6E700238E
:108920004A494B4823700AF09BFB0020FFF7DCFC10
:10893000484B9AF800101A68D9F8003004294FEA19
:10894000C30369D0032900D1503340F27121F933B8
:108950000846984201F27121FAD33F4BC2F8400514
:1089600002F5A072C3F810253C4AC3F81425012271
:10897000C3F804250223BDE7012323700F213448E7
:108980000BF0A6F8D1E7022323705521F7E7042363
:108990002370FF21F3E7022D18D009D9032D7FF4AE
:1089A0004CAF042EB9D8DFE806F0181F252B310094
:1089B0000846FFF799FC294B4FF40072C3F8502684
:1089C0000122C3F800221A60032393E73046FFF721
:1089D00093FD80F00100C0B267E71E4B204A1A6089
:1089E000204B08221A7028E71A4B144A1A601D4BB4
:1089F0000922F7E7174B1C4A1A601A4B0A22F1E7C3
:108A0000144B1A4A1A60174B1A22EBE7114B184AFB
:108A10001A60144B1B22E5E758335B0895E70520E5
:108A200044E7022042E7204640E700BF78F30020F9
:108A300074F30020E9F400207CF300200090004053
:108A4000E8F40020E6F40020E4F30020E40006004F
:108A5000E6F30020142C002000F00140001000403C
:108A600000800040112C002000A0004000A0014028
:108A700000B00140D8F30020102C002010B50446AF
:108A80000AF02AF9204610BD10B504460AF024F970
:108A9000204610BD10B504460AF01EF9204610BD50
:108AA00010B5054A02210446E0F768FCC82806BF55
:108AB00001202074002010BDE4010600A0F1080090
:108AC000FFF7EEBF10B503490446E0F74FF8002367
:108AD000237410BDE4010600A0F10800FFF7F2BF07
:108AE00030B5044687B00D4601201D49E0F700FB74
:108AF000237C022B08D040F2F7122946204607B00B
:108B0000BDE83040DEF787BBEB88B3F5605F23D16B
:108B10000023ADF80A30238BADF80830E37E8DF8E2
:108B20000C30E369049394F822308DF8143094F8F3
:108B300021302BB101238DF80A30A37E8DF80B3044
:108B4000084B009302AB0193C8226B46294620468E
:108B5000DEF763FB07B030BD4FF4CA72CDE700BF4C
:108B60005AF8050001380300F8B53D4906460120D2
:108B7000E0F7BEFA3B490120E0F7BAFA3A4B1B781E
:108B80003BB105F015FF05F093F938490120E0F7F6
:108B9000AFFA4FF080430022C3F8002101221A608F
:108BA000D3F80021002AFBD0314B1B68002201259D
:108BB0004FF480315D600427DD60C3F80425C3F8FD
:108BC0004021C3F84421C3F84821C3F84C21C3F81D
:108BD000041340F6C411C3F80052C3F81075C3F86B
:108BE00040154FF48271C3F844151D60214B1A6083
:108BF000214B40F2E2415D60DD60C3F80425C3F81B
:108C00004021C3F84421C3F84821C3F84C21C3F8DC
:108C10004015C3F84425194A4FF40071C2F8801179
:108C20000722C3F81025FFF721FC0446B0B9144B06
:108C3000144A1D70144B1860136943F0100313613C
:108C4000124BC3F840552246B4FA84F4104901206F
:108C50006409E0F74DFA86F82040F8BD3C46F2E79B
:108C600081F80500B8F80500383B0020D8F8050069
:108C7000142C0020E0F300200090004000E100E010
:108C8000E9F4002000ED00E0D8F3002000E001400E
:108C9000EDF805001E4B1B682DE9F341D0E9027881
:108CA0000D4616465BB351B3DB685B68586A6FF0DC
:108CB0000042036800929C680022B3B20221A047E0
:108CC000044600B33246294608300AF0C9F9234663
:108CD000F86842463946F9F747F820F002039BB29C
:108CE000C82B0CD0643880B2B0F5CC7F36BF094BAE
:108CF000094A53F8202009490120E0F7F9F9C82072
:108D000002B0BDE8F08106490120E0F7F1F9F6E78D
:108D100044EE002014DF05003B64050018F905004F
:108D20003AF9050070B5083086B016460D46FCF7D6
:108D300042FB4FF6FF7398420446ADF8066003D13C
:108D400040F2F71006B070BD1022002102A80AF010
:108D5000BFFE104B1B88ADF8083001238DF80A3098
:108D60000023ADF80C300DF10603CDE9043502A95E
:108D70002046FFF7EBF91328024603D10120DFF765
:108D8000B3F8F4E708B9C820DCE703490120E0F7AD
:108D9000AFF9D5E746F3002056F905000029F0B4F5
:108DA00004DA494202B1013A2D2500E02B250446A0
:108DB0004FF00A0CB1FBFCF70CFB1716303604F829
:108DC000016B0E46092E3946F4D8211A914209DB6F
:108DD0002B2D1CBF2D2304F8013B00232370F0BC76
:108DE000DFF79ABE04F8013BEFE700002DE9F84FEA
:108DF00004460D468E1800274FF00108B54201D1F8
:108E0000C82038E094F814A015F8013BBAF1010F1E
:108E100037D17E2B226914D0E168914209D97D2B8C
:108E200004D0501CA16820618B54E7E7022323750E
:108E3000E4E703232C4A23752C490120E0F758F975
:108E4000DCE7042A27751AD9D4F808B0A2F104097E
:108E5000C4F810904A4659460020DEF71BFF5BF825
:108E60000930834209D1606803684A46DB68594685
:108E70009847C828C2D0BDE8F88F1D4ADCE71D4AD4
:108E8000DAE7BAF1000F0CD17E2B84F81480C4F815
:108E900010A0B3D07D2BC9D0A268C4F81080137085
:108EA000ACE7BAF1020F14D17E2B0ED07D2B08D087
:108EB000012222752269A168501C206183F02003E1
:108EC000B2E703230C4A2375B6E700230B4A237548
:108ED000B2E7BAF1030F03D00948B12104F0B6FF9D
:108EE0007E2B08BF277589E764F9050073F9050033
:108EF00082F905008EF905009EF90500B0F905001C
:108F0000C1F90500F0B5836816467E2287B01A7055
:108F1000836801930123CDE902310D46002701A9A1
:108F2000044604968DF81470FFF746FAC8281ED13F
:108F3000324629463846DEF7ADFE042300900DEB9D
:108F400003012046CDF80CD00493FFF735FAC8286A
:108F50000DD1E368029A9A420BD2029B5A1C0292EC
:108F6000019A7E21D154204601A9FFF718FA07B0D3
:108F7000F0BD01A92046FFF712FAC828EDD0F6E7A8
:108F80002DE9F04385B015469DF830701C460E461D
:108F900019B915212A4804F059FF012A01D81621D0
:108FA000F8E70DF1090301930DF10A03009303AAF9
:108FB0000DF10B034FF0FF312046E6F7FDF908B93C
:108FC0002321E7E79DF809209DF80A3037B912B947
:108FD0004BBB2E21DEE733B38DF80A709DF80B20D2
:108FE000A31C541EE4B25942214006F102085F1846
:108FF000C8F100031C40039BA3EB0109A0449DF8AA
:10900000093000934C449DF80A3021463046FBF766
:1090100075FE4A46394640460AF022F8A01C8542B1
:109020000AD25421B6E782F0010283F001038DF8E1
:1090300009208DF80A30D1E705B0BDE8F08300BF04
:10904000D1F9050030B585B00DF10903154601933E
:109050000DF10A030C46009303AA0DF10B034FF028
:10906000FF312846E6F7A8F918B90A48192104F093
:10907000EDFE9DF80B00039B01380234C0B2644240
:109080000235044002336D421C442840201A05B0CA
:1090900030BD00BFF0F9050043786BB9837D402BEC
:1090A0000DD0602B0ED0DFED097A9FED090A202B41
:1090B00018BFB0EE670A70479FED060A70479FED34
:1090C000060A70479FED050A704700BF4F766F3C58
:1090D0004F76EF3C9A99193E0392333D65646F3D9C
:1090E00030B5A1B198B182B10139013A034612F805
:1090F000014F1D1A0CB18D4204D300221A70181AA8
:1091000080B230BD03F8014BF1E70346F5E70346B3
:10911000F5E7002870B5B4BF4FF0FF3601260D1EED
:10912000B8BF764209F024FF0446284609F020FF24
:10913000012884BF04EB5004B4FBF0F404FB06F0F8
:1091400070BD0000002908B501DD002A03DC002302
:10915000C0E9003308BD02FB01F3202B03DD034807
:10916000362104F073FEC0E90012F3E7DDEB0500E1
:1091700010B50446FFF7E6FF2046F6F702F950B1B6
:10918000D4E900235A4304F108009200BDE81040DE
:1091900000210AF09DBC10BD70B504460D46164670
:1091A000F6F7EFF860B123689D4209DA62689642EB
:1091B00006DA03FB065504EB850494ED020A70BD44
:1091C0009FED010AFBE700BF0000000070B52DED28
:1091D000028B04460D461646B0EE408AF6F7D1F8EB
:1091E00068B1002D0BDB23689D4208DA6268964265
:1091F000BEBF03FB065504EB850484ED028ABDEC7B
:10920000028B70BD38B504461D46FFF79BFF204614
:10921000F6F7B7F850B1D4E900235A43294604F1D0
:1092200008009200BDE8384009F01ABF38BD0000C0
:109230002DE9F74F0C460546164605F0D6F92046AF
:10924000F6F79FF880B1226873689A420CD12846DD
:1092500062683168FFF776FF6368009305F10807DD
:109260000020009B834203DC284603B0BDE8F08F5A
:10927000D4F800B00BFB00F20232314604EB82035B
:10928000019351F8083BBE469A004FF0000C63452D
:1092900005DC23EAE37307EB83070130E1E7DDF840
:1092A00004A0DFED0C7A89464FF00008D845CEEDDA
:1092B000007A05DB0EF1040E0CF1010C0431E6E737
:1092C00099ED007AFAEC016A9144E6EE877A08F1AA
:1092D0000108EBE7000000002DE9F04F2DED028BB7
:1092E0000746C7B008460D46F6F74BF8002841D0B0
:1092F000D5E900439C423DD1012C40F3FF80294633
:1093000024A805F069F902A805F06FF902A8224621
:109310002146FFF72DFF02A8F6F733F870BBDFED0B
:10932000868A0DF19C080025249B03FB055303F15D
:1093300002092E4646AB0135AB4603EB890A1AED0E
:10934000220A08F019FDB4EEE80AF1EE10FA03D58E
:109350005C451AED220A27DC46AB03EB890919EDBF
:10936000228AB0EE480A08F007FDB4EEE80AF1EEF2
:1093700010FA59D5384605F038F98EE0611C621EA6
:10938000890002AB4FF07E50013A551C98600B44A7
:10939000FAD1C4E7F3EC017AB2EC017A77EE877A7E
:1093A000013143ED017A23E0249B46AA03FB0B63C2
:1093B00002EB830353ED207A30EE270A08F0DCFC41
:1093C000B0EE408A1AED220A08F0D6FCB4EEC08A4C
:1093D000F1EE10FA25DD249B03FB0B6206FB036311
:1093E00024A90232023301EB820201EB83033146EE
:1093F0008C42CFDC029B03FB0BF2734302A90232C7
:10940000023301EB820201EB83030021F3EC017ACA
:10941000B2EC017A013177EE877A8C4243ED017A22
:10942000F4D10BF1010B8AE7249806FB005324AA20
:10943000023302EB830319462A46944233DCDDF8FB
:1094400008E006FB0EF202A9023201EB820294460A
:109450000021BCEC017AC7EE087A01318C424CED58
:10946000017AF6D14FEA8E010091810001910DF150
:10947000100EC44600218E421DD100980131864451
:1094800001988C428444F6D1AC4208F104087FF480
:109490004BAF02A9384605F09FF8384647B0BDECFF
:1094A000028BBDE8F08FB1EC017AC7EE087A013289
:1094B00041ED017AC1E71CED017AE246A9469B46DF
:1094C0004C4510DCF24693464FF00009FBEC016A74
:1094D000FAEC017AE6EEC77A09F101094C454AED4A
:1094E000017AF3D1C9E7FBEC016AFAEC017AE6EE06
:1094F000C77A09F101094AED017AE1E77FF43AAF51
:10950000002211462846FFF747FEB5EE400AF1EE6D
:1095100010FA3FF42FAF294624A805F05DF8002289
:1095200011462846FFF738FEB7EE007AC7EE007AFC
:1095300024A9CDED267AADE76F12833A10B5064B1C
:1095400003604C33044640F8083F05F0A5FF204671
:10955000DDF798F9204610BDAC730500A0F10800B6
:10956000FFF7ECBF10B50446FFF7E8FF204609F00F
:10957000B3FB204610BDA0F10800FFF7F3BF0000C9
:1095800013464FF6FF72914210B503D104483C21B7
:1095900004F05CFCBDE81040102204F069BF00BF7D
:1095A00022FA050030B54FF0FF3387B00125C0E93E
:1095B000023500238DF80030042304460393DEF7C0
:1095C0004CFC064B02900493A571054B059369462C
:1095D000204604F061FF07B030BD00BFB561050053
:1095E0003FFA050010B503460078022822D0032870
:1095F00025D018B99B78032B02D883B900200DE041
:109600001C1F082C0AD80120984010F4A65F0DD129
:1096100010F4306F0CD110F0300005D110BD0123D3
:1096200013700B600120F9E70223F9E70423F7E741
:109630000823F5E708230B6004231370F2E79888EA
:109640001B79C0F38910C3F3C20308600133F4E748
:109650002DE9F74F0446154608469B460378012B33
:109660001BD0042B24D0032B72D1236841885B6963
:1096700020469847074630BB824600262E60B146FA
:10968000564525D12B68013B4B44C9F100021340DC
:109690002B6001208BF8009007E023688188DB684D
:1096A000204698470028D9D1002003B0BDE8F08FAC
:1096B00023684188DB68F3E70AF1010A37F81A20CA
:1096C0009A42F9D1D9E74FF0000A4FF6FF73F5E758
:1096D000236837F816101B692046984780460028F3
:1096E000E2D023684188DB6820469847014600287D
:1096F000DAD098F804309B0725D50DF1030301AAB1
:109700002046FFF7A5FF00B90190019A002ACBD0AF
:109710009DF8033098F80400994538BF9946C00772
:10972000C3F1000106D4013A1A4403EA01000244DD
:109730000A4001922A68013B1344019A0B401344EA
:109740002B6001369CE7042301938DF80330DCE79E
:109750005A46294603B0BDE8F04FFFF743BF2DE955
:10976000F04788B004469DF84060ADF80E101F46E3
:10977000154632B940680DF10E01E5F747F8054688
:1097800038B12B78022B08D0032B3ED0002B00F0F1
:109790009480002008B0BDE8F08706AA23680192F3
:1097A00007AA00929E68119B3A46A91C2046B04722
:1097B0002E7916F00406814601D00120EAE76B8875
:1097C0006068ADF816300DF11601E5F71FF8804618
:1097D0000028DED037464FF0010A11E0069BBDF8A5
:1097E00016103B44CDE900A3424609EB070320468F
:1097F000FFF7B5FF01360028CBD0AB8807EB9317F6
:10980000079AB3B29A42E9D8D7E7002E49D02E7909
:1098100016F00406D1D16068698803685B699847CF
:109820000028B6D0A0F102094FF6FF7A39F8021FDE
:109830005145C2D0606803681B699847804600287C
:10984000A7D002797542C2F3C2031D40D007354448
:1098500005D4795D681C23EA05031D18E1B15107A1
:109860001AD4119E92072E4407EB050305D42268F3
:109870001946D268204690470346B8F80210019670
:1098800098F80420C2F34002009220460022FFF71D
:1098900066FF00283FF47DAFB8F8046005EB96162C
:1098A000C4E7236811AA00925E68119B3A46A91C7E
:1098B0002046B0470028AAD16BE7AB780C2B7FF489
:1098C00068AF2368119A1B6839462046984761E7BC
:1098D000A8DF7047AADF704762DF7047074B10B5FB
:1098E000044613B1AFF3008028B901231B0143F0F4
:1098F0000103237010BD0223F8E700BF0000000041
:10990000054B10B504460360D0F8440208B1DFF7F8
:1099100031F9204610BD00BF3CF5050010B50446E6
:10992000FFF7EEFF204609F0D7F9204610BD70473B
:10993000044AD2E84F3F0133DBB2C2E8413F00297D
:10994000F7D17047D4F3002008B5084A13781BB943
:109950000748402104F07AFAD2E84F3F013BDBB2DE
:10996000C2E8413F0029F7D108BD00BFD4F3002071
:109970005FFA050010B588B0684BD3F80431002BAE
:109980002CD0664B0022C3F80421D3F80431029393
:10999000029B634B93F82E2012B193F82F30EBB15A
:1099A00000238DF814305E4B596806911989ADF883
:1099B0001C10D968002964D0594B188B5883596002
:1099C00018810021D96012B9544B01221A60544CFD
:1099D000236805A89847002384F82F30504B93F84C
:1099E0002E3053B34D4BD3F8003133B34B4B0022E1
:1099F000C3F80021D3F800310193019B484A538BEF
:109A000092F82D2093423FD99B1A9BB244494B8335
:109A10004868098989B2CB1A00EB43033F49C1F872
:109A20002C36C1F830263D4B0022C3F80421D3F870
:109A300004210092009A01225A60384BD3F8103169
:109A40007BB1364B0022C3F81021D3F810310393B9
:109A5000039B334B1A7402228DF814201B6805A84F
:109A600098472E4BD3F814314BB32C4A0023C2F83D
:109A70001431D2F814210592059A294A137408B0BA
:109A800010BD00221A74A2E7934208D09342CAD1B3
:109A9000234B012283F82F2000225A83C3E7204959
:109AA000C9680029F2D01E4B012083F82F00002046
:109AB00058831A4BC3F82C16C3F83026B3E7184B5B
:109AC0005C69002CDBD0B4FA84F34FF00042DA403A
:109AD00024EA020446339B0003F1804202F5E0428F
:109AE00011680029EDD00021116012680492049AD7
:109AF00001228DF81420A3F58C73C3F3C7028DF8EF
:109B000018209B0883F0010303F001038DF819303E
:109B1000034B1B6805A89847D3E700BF00700040BF
:109B20009CF3002070B584B00C460646002849D04E
:109B3000002C4CD0294B93F82C30002B4CD1274DC6
:109B40002C603378264CC4F8F0357378C4F8F435BB
:109B5000F37885F82E30012385F82C3000232B7400
:109B600085F82D306B6185F82F306FF00042C4F816
:109B70000823C4F80431D4F804210192019AC4F8EE
:109B80000031D4F800210292029AC4F81431D4F8BA
:109B900014310393039BB1780720FEF7DBFC114BD4
:109BA00080221A600223C4F8043395F82E3013B1D2
:109BB0000122C4F804230A4B0122C3F80025002027
:109BC00004B070BD0849D620DEF734FAB0E7064984
:109BD000D720DEF72FFAADE70820F1E79CF300204D
:109BE0000070004000E100E0B8F7050038B5054618
:109BF0000C462D4B93F82C30002B34D0072D38D841
:109C00002A4BD3F8F43513F0FF0F04D0264B93F80A
:109C10002D30002B33D1E379013BDBB2082B34D854
:109C2000237A092B37D8204B1B7C002B39D105F127
:109C30000C021D4B03EB42031B792BB91A4A92F815
:109C40002D30013382F82D30E27905F10C01164BED
:109C500003EB41031A71227A5A7121462846FEF716
:109C6000A5FA002038BD124940F22310DEF7E2F9D0
:109C7000C4E70F494FF49270DEF7DCF9C0E70C49F6
:109C80004FF49370DEF7D6F9C5E709494FF49470A5
:109C9000DEF7D0F9C4E706494FF49570DEF7CAF94C
:109CA000C1E71120DEE700BF9CF3002000700040F8
:109CB000B8F7050038B5044607282BD81C4B93F895
:109CC0002C306BB31A4B1B7C83BB04F10C02184B7A
:109CD00003EB42031B792BB1154A92F82D30013B5F
:109CE00082F82D3004F10C02114B03EB42030025E6
:109CF0001D715D710F4A04F15103190102EB031349
:109D00005D60555040F2FF720B492046FEF73AFC69
:109D1000284638BD094940F25910DEF78BF9CDE7E6
:109D200006494FF4AD70DEF785F9CBE71120F0E777
:109D30009CF300200070004000F8FFFFB8F705001A
:109D400010B5244B93F82C30A3B1234B6FF0004295
:109D5000C3F80823214A8021C2F8801001229A60AA
:109D600042F210731C4AD2F814214AB9013BF9D1CE
:109D7000002306E01A4940F20510DEF75BF9E4E73C
:109D8000012333B10024144BC3F80045114B1C745C
:109D900006E013494FF48770DEF74CF9F2E701341F
:109DA000072C12D804F10C020A4B03EB42031B7977
:109DB000002BF4D0E0B2FFF77DFF0028EFD0084978
:109DC0004FF48C70DEF736F9E9E7024B002283F896
:109DD0002C2010BD9CF300200070004000E100E04A
:109DE000B8F7050030B583B005460C463E4B93F8F6
:109DF0002C30002B31D03C4B93F82D2094FBF2F308
:109E000002FB1343002B2ED1384B1222C3F8082338
:109E1000354B1B7CDBB2022B2BD0334B1B7CDBB2D4
:109E2000012B2BD0314B0222C3F804232E4B0122ED
:109E30001A745D601C810022DA6093F82E30002BCA
:109E400042D0294B5C8393F82D20284BC3F82C5625
:109E5000C3F83026002003B030BD254940F2BF10C2
:109E6000DEF7E8F8C7E722494FF4E070DEF7E2F8E2
:109E7000CAE71E4BC3F804231120ECE71A4BDB683A
:109E80002BB11A4B0222C3F804231120E3E7164B2F
:109E9000DD601C8393F82E3083B9144BD3F8003166
:109EA000002BFAD0114B0022C3F80021D3F8002177
:109EB0000192019AC3F82C56C3F830460B4B02228C
:109EC000C3F804230020C6E7084BC3F82C56C3F898
:109ED00030460020C3F80001D3F800210092009A18
:109EE00001221A60B7E700BF9CF300200070004019
:109EF000B8F7050008B50F4B93F82C3033B10D4B74
:109F00001B7CDBB2012B07D0082008BD0A4940F2B8
:109F10000A20DEF78FF8F2E7064B93F82E3023B1D4
:109F2000064B01221A600020EFE7044B01225A6021
:109F30000020EAE79CF30020B8F70500007000401D
:109F400070B50D4C0679342303FB0643054693F8A0
:109F50002D30012B04D0094940F21110DEF76AF8C8
:109F60002B680622C3F80025342303FB0644022392
:109F700084F82D3070BD00BFD8F1002009F3050032
:109F8000054B10B51C681CB904495120DEF752F886
:109F90002346BDE81040184794F300206BFA0500F3
:109FA00013B50C4630B910497720DEF743F800208E
:109FB00002B010BD0D4B9842F9D100230DF10700FE
:109FC0008DF8073003F05EFF094B9DF807001A7902
:109FD0002AB901221C601A71E6F726FEE7E7E6F7C8
:109FE00023FE1120E4E700BF6BFA050000200040CB
:109FF00094F3002018B906499B20DEF71BB8054BE7
:10A00000984201BF044B00221A601A71704700BFCA
:10A010006BFA05000020004094F300202DE9F8437E
:10A02000284C90F80480342303FB0843054693F83A
:10A030002D301BB92449F820DDF7FCFF342303FB46
:10A0400008F3E35823B1286840F30730E7F72EFC04
:10A050002F79342303FB074393F82D3023B91A4992
:10A060004FF48E70DDF7E6FF4FF034092E68174B82
:10A0700009FB07470022BA60C6F80833D6F8003259
:10A0800009FB084923F4BC53C6F8003230460123CB
:10A09000C6F8002587F82D30FFF7ACFF99F832306D
:10A0A00043B9D6F80805FCF797F82B68D3F80C05E8
:10A0B000FCF792F8342303FB0844002384F82D3086
:10A0C000BDE8F883D8F1002009F3050002029C01E5
:10A0D0002DE9F041D0E902840546A8EB040640686A
:10A0E000964220440F46144404D908F0B9FFEC60AE
:10A0F000BDE8F0813246A4EB080408F0B1FF6868BF
:10A100002246B919F1E74B0900EB830001F01F016A
:10A11000012310B58B4050E8002F42EA030140E8CC
:10A12000001494F0000FF6D110BD4B0900EB830032
:10A1300001F01F0101238B4010B5DB4350E8002FD5
:10A1400002EA030140E8001494F0000FF6D110BDBC
:10A15000704770470EB42DE9FF4F4369DDF8348036
:10A1600006461BB9A4494320DDF764FF33681BB9D9
:10A17000A1494420DDF75EFF73681BB99E49452065
:10A18000DDF758FFB8F1000F1FD00EAB03937369D2
:10A1900023B99A494FF4A370DDF74CFF336823B914
:10A1A000964940F24710DDF745FF736823B993499C
:10A1B0004FF4A470DDF73EFF0A2718F8011B49B9D8
:10A1C000337B13B13046FEF76DFA04B0BDE8F04FB3
:10A1D00003B07047252940F09280002598F80010C0
:10A1E0002D29424608F1010806D0302907D02B2935
:10A1F00008D145F00405F1E745F00105EEE745F02B
:10A200000205EBE72A29434619D1039B1A1D1C6856
:10A210000392424613782E2B1FD101324FF00009D2
:10A220000A20114611F8013BA3F1300CBCF1090FD3
:10A2300015D800FB0933A3F130090A46F1E70024E1
:10A2400013F8011CA1F130000928E3D807FB041121
:10A250001A46A1F130040133F2E74FF0000912F879
:10A26000011B01F0FB03682B9046F8D0782909D830
:10A270006F290CD863293ED022D825293FD05829F0
:10A2800000F0B28098F80030002B96D198E7703932
:10A290000829F7D801A353F821F000BF6DA40400EA
:10A2A00085A2040085A2040001A4040085A2040084
:10A2B000D7A3040085A2040085A20400E9A304003A
:10A2C000642901D06929DDD1039BD3F800B01A1DA0
:10A2D0008BEAEB730392A3EBEB734FF0010A0A22B4
:10A2E000092B10DCCA4538BFCA468CB90024BBF123
:10A2F000000F25DA4BE0039B1A1D197803923046B4
:10A30000FEF7DBF9BEE70AF1010AB3FBF2F3E7E778
:10A31000BBF1000F05F0020325DB680750D453B9E9
:10A32000E90740F1B68005F00303022B3FD1B9F1F4
:10A33000000F3CD10CE0B9F1000F05D0EA0717D5AA
:10A3400069072AD52B2125E005F00303022B2ED126
:10A35000A2452CD2013C30213046FEF7AEF92CB399
:10A36000A245F7D123E0013C73B9EB070FD474B1D8
:10A37000A245BCD2013C20213046FEF79EF9002CBC
:10A38000B4D0A245F6D1B2E7B9F1000FEDD1CBF1CF
:10A39000000B2D213046FEF790F905F00303022B48
:10A3A00005D1B9F1000F02D1002CD1D10024CDE9A3
:10A3B00000454B460A2259463046FEF78DF961E7C3
:10A3C000013C23B9E807BBD4002CD1D1B8E7B9F1DF
:10A3D000000FB5D0F6E70399CDE900450B1D0393B7
:10A3E0000A224B460968E7E703990B1D0393CDE961
:10A3F00000454B461022F5E7B4FA0500F4FA0500D3
:10A40000039B15F0010503F10402D3F800900392B9
:10A4100024D1B9F1000F03D0484608F035FF0546B6
:10A42000AC421DD809F1FF3919F8011F00293FF48A
:10A4300029AF3046FEF741F9F6E730460135FEF721
:10A440003CF919F805100029F7D1A542BFF41AAF5D
:10A4500020213046013CFEF730F9F6E70025F0E711
:10A4600020213046013CFEF728F9D9E7039B302133
:10A470001A1D30461C680392FEF71FF978213046FA
:10A48000FEF71BF900220823CDE9003221461022F5
:10A4900092E754453FF66EAF52E700BFC38873B5ED
:10A4A00004460D4633B11B4A00921B491B4A2846FD
:10A4B000FFF750FE237A052B2AD0627A184E8AB114
:10A4C000A288013B06EBC202032B1DD8DFE803F094
:10A4D000021E181A0223134A134952F82320284651
:10A4E000FFF738FE217AA388104A56F8333052F825
:10A4F00021200F49284602B0BDE87040FFF72ABE70
:10A500001379E8E75379E6E70023E4E70423E2E779
:10A5100002B070BD5BFB050043FB05003BFB050083
:10A52000706C0600C00006000BFE0500AC000600C3
:10A5300060FB050010B5037A052B0C460FD0437A5B
:10A5400023B1084A08492046FFF704FE0749204680
:10A55000FFF700FE2046BDE81040FEF7A3B8002A32
:10A56000F8D0F3E75BFB05000BFE0500B3610500C7
:10A5700013B5114B53E8012F94B2D9890C44998932
:10A580008C4228BF641A19898C4202BFBFF32F8FF7
:10A59000002307E0C4EA020443E801410029E9D1AD
:10A5A0004FF001038DF803300192019B03609DF889
:10A5B000030002B010BD00BF44F10020044B53E87B
:10A5C000011FC1EA014143E80112002AF7D1704797
:10A5D00044F100202DE9F74F04460D464FF6FF7673
:10A5E0002B78042B25D8DFE803F0031E296C070025
:10A5F000AB780B2B02D8E3B1012510E00C2B18D15E
:10A600006068036801A95B6B9847054638B10198FB
:10A6100008F03AFE0121421CA068FAF76FFD2846B7
:10A6200003B0BDE8F08F2068A9880368DB6898470D
:10A6300008B90025F3E76E880546D1E720686988E8
:10A640000368DB68984705460028F2D001460DF103
:10A650000103206801AAFEF7FBFF0028E9D060682B
:10A6600003680DF102021B6D314698470028E0D0C7
:10A67000BDF80230019A9DF80110A0685A43FAF71C
:10A680003DFD0027BDF802106068BAB29142036830
:10A6900004D85B6D314698470546C0E79B6DB9B25B
:10A6A00098470028C5D029462046FFF793FF002889
:10A6B000BFD060680368DB6D984701370028E1D19F
:10A6C000B7E76068036831461B6C98470028B0D034
:10A6D0002068698803685B6998470746002858D155
:10A6E000606803685B6C314603B0BDE8F04F184703
:10A6F00009F1010937F819209A42F9D14FF0000AFF
:10A70000CA45EDD0206837F81A1003681B699847CE
:10A71000054600288DD0206869880368DB68984763
:10A720008046002885D060682A7903682988D3F894
:10A7300048B002F001020DF10103D84700283FF4B0
:10A7400078AF9DF801202B7942B39A070FD4206887
:10A750000DF1020301AA4146FEF77AFF00283FF4FB
:10A7600068AF019A9DF80210A068FAF7C7FC41464D
:10A770002046FFF72FFF00283FF45BAF6068298871
:10A780000368DB6C984700283FF453AF0AF1010AD5
:10A79000B6E74FF000094FF6FF73ABE7DB073FF575
:10A7A00048AFEBE72DE9F04F91B01D464FF6FF7330
:10A7B000044689469046164601933378012B09D00A
:10A7C000042B00F2FD80DFE813F01300FB00EB0028
:10A7D0004E0123022068B1880368DB68984700288F
:10A7E00000F0EE807388B6F8049001930646E4E723
:10A7F000B378013B0B2B00F2E380DFE803F0061B8C
:10A800002C3D525667788C90A1A5606803680CA90E
:10A810009B689847A46801226068294604F02CF8D8
:10A820000CAA29462046FAF7B2FD0126304611B09F
:10A83000BDE8F08F606803680CA9DB689847A468DE
:10A8400029466068012204F017F80CAA2946204620
:10A85000FAF79DFDE9E7606803680CA91B69984752
:10A86000A46829466068012204F006F80CAA29466B
:10A870002046FAF78CFDD8E7606803685B690CA98D
:10A880009847A46802226068294603F0F5FF022376
:10A8900029680CAA2046FAF701FD2B6802332B60C9
:10A8A000C3E7606803689B69E9E7606803680CA90F
:10A8B000DB699847A46829466068042203F0DCFF3E
:10A8C0000CAA29462046FAF76CFDAEE760680368DB
:10A8D0000CA91B6A9847A46829466068042203F003
:10A8E000CBFF0CAA29462046FAF75BFD9DE760687E
:10A8F00003685B6A0CA99847A46808226068294627
:10A9000003F0BAFF082329680CAA2046FAF7C6FC10
:10A910002B680833C3E7606803689B6AEAE76068EE
:10A9200003680CA9DB6A9847A4682946606804227A
:10A9300003F0A2FF0CAA29462046FAF732FD74E77D
:10A94000606803681B6BD5E7606803680BA95B6BE5
:10A950009847064600283FF469AF0B9808F094FC2E
:10A96000D4F8089000F10108424601214846FAF760
:10A97000C5FB99F810300746C31A2946D9F80400D8
:10A980000C93042203F078FF0CAA29464846FAF7F4
:10A9900008FD0B9AA06843463946FAF77FFC45E765
:10A9A000206871880368DB689847804640B101469B
:10A9B00008AB2068B6F802900AAAFEF749FE08B96B
:10A9C000002633E760680199036809AA1B6D984760
:10A9D0000028F5D0A668BDF824300A9A9DF820100A
:10A9E0005A433046FAF78AFB0B90337C2946C31A48
:10A9F000042270680C9303F03FFF2968304602235D
:10AA000009AAFAF74BFC2B68A66802332B6029468B
:10AA10007068042203F030FF29460CAA3046FAF78A
:10AA2000C0FC0025BDF824106068AAB291420368FA
:10AA300004D85B6D019998470646F7E69B6DA9B26D
:10AA400098470028BCD00BAB424649462046FFF74A
:10AA5000A9FE0028B4D060680368DB6D9847013513
:10AA60000028DFD1ACE76068019903681B6C984748
:10AA70000028A5D020680DF11D0308AA4146FEF765
:10AA8000E7FD00289CD0A3689DF81D205868294642
:10AA900003F0F2FE2068718803685B6998470290B2
:10AAA000002840F09D806068019903685B6C11B0DC
:10AAB000BDE8F04F184709F10109029A32F8192050
:10AAC0009A42F8D14FF00008C845ECD02068029AAD
:10AAD000036832F818101B699847064600283FF4AF
:10AAE0006FAF206871880368DB689847039000287F
:10AAF0003FF466AF7388059301460DF11E0320688D
:10AB000009AAFEF7A5FD00283FF45AAF33799A074A
:10AB10005BBF099A04924FF0000A04225DBF9DF8C2
:10AB20001EA009928DF81E20CDF810A00022DF078C
:10AB30000A9203F0010B0AD4A3689DF81E205868FE
:10AB4000294603F099FE2B680A9301332B60606855
:10AB5000318803689B6C5A461F460DF11F03B847A6
:10AB600000283FF42DAF9DF81F203379002A3ED0F6
:10AB700098073AD4D4F808B0049A51465846FAF7E0
:10AB8000BDFA0B909BF810300422A0EB030A294673
:10AB9000DBF8040003F070FE0CAA29465846CDF8F5
:10ABA00030A0FAF7FEFB0BAB039A05992046FFF79E
:10ABB000F9FD00283FF404AF3379D90705D4A06824
:10ABC0000DF11F020AA9FAF7E2FB606831880368F9
:10ABD000DB6C984700283FF4F3AE08F1010873E7F7
:10ABE0004FF000094FF6FF7367E72B46DCE7DA0703
:10ABF0003FF5E6AE9B07E2D5A3689DF81E20586896
:10AC0000294603F039FE2B68099A13442B60D6E7D6
:10AC1000206871880368DB689847804600283FF405
:10AC2000CFAE23680D4A60680199ADF83890CDE940
:10AC30000C2303680CAA9B6B984700283FF4C0AE16
:10AC400071882B4642462046FFF7ACFD00283FF4B2
:10AC5000B7AE60680368DB6BECE600BF94000600EB
:10AC60002DE9F04F13788BB004460D461646042BA1
:10AC700017D8DFE813F0050016008700D7007A0127
:10AC8000B3785A1E0A2A62D8654AD75C0020002190
:10AC9000CDE908013A462946A068FAF7D8F80146F6
:10ACA00018B900200BB0BDE8F08F3A4608A808F0AC
:10ACB000D7F9B378013B0A2B13D8DFE803F0060C71
:10ACC00014181F252B2F363A4100606803689B68D3
:10ACD0009DF8201004E060689DF920100368DB688F
:10ACE00098470120DEE760680368DB69F0E7606889
:10ACF000BDF9201003681B699847F2E76068BDF84A
:10AD0000201003681B6AF7E7606803685B690899AD
:10AD10009847E6E7606803685B6AF8E7606803687D
:10AD20009969DDE908238847DBE760680368996A69
:10AD3000F7E760689DED080A0368DB6A9847D0E78B
:10AD4000606803689DED080B1B6B9847C9E70C2BE7
:10AD5000A7D18068036808AA1E684FF0FF33B04788
:10AD600000289ED0A36808999868089B834298D8C9
:10AD70005A1C08921B78002BF7D1606803685B6B44
:10AD800098473AE0876804223846FAF74DF80028D9
:10AD900087D0022229463846FAF759F8002880D091
:10ADA000B388B0F800803A68C3F38913D2F80090F2
:10ADB00008FB03F308AA29463846C84700283FF491
:10ADC00070AF6068036842469B6E4FF6FF7198470C
:10ADD00073882068ADF8183006A9E3F704FD05462E
:10ADE00000283FF45EAF00266068B2B29045036869
:10ADF00008D8DB6E4FF6FF719847A06803685B6860
:10AE000098476EE71B6F98472A4608A92046FFF728
:10AE100027FF606803685B6F98470136E4E700BF6F
:10AE20005CF5050032798068C2F3C2020132D2B209
:10AE3000F9F7FAFF00283FF434AF606803684FF673
:10AE4000FF719B6D98472068718803685B6998471C
:10AE500000283FF426AFA0F102084FF6FF7B38F838
:10AE6000021F59457BD0206803681B699847064636
:10AE700000283FF416AF43882068ADF8183006A9C3
:10AE8000E3F7B1FC814600283FF40BAF3779B38874
:10AE9000D4F808A0C7F3C2070137FFB2C3F3891380
:10AEA0003A46294650460093F9F7BEFF00283FF482
:10AEB000F8AE3379D90722D40122294650460193AE
:10AEC000F9F7C5FF00283FF4ECAE0278019BB2B958
:10AED0006068318803681B6E9847A0683A46294627
:10AEE000F9F7A2FF00283FF4DCAE2B68009A6068F7
:10AEF000318813442B6003685B6E9847AFE79A076D
:10AF000012D404AA08A94846FEF76CFB00283FF4B7
:10AF1000C8AEDAF800302A461F68089B294650461A
:10AF2000B84700283FF4BDAE60683188036801224D
:10AF30001B6E98474A4629462046FFF791FE002897
:10AF40003FF4AFAE6068318803685B6E9847337931
:10AF50009B0784D4A06803685B6898477FE76068B4
:10AF60000368DB6D4FF6FF71C6E6406803684FF675
:10AF7000FF719B6B984773882068ADF80E300DF118
:10AF80000E01E3F743FC00283FF48BAE0378002B5F
:10AF90003CD187782168B2880B6806A89B699847DE
:10AFA000079B002B3FF47DAEBB1E052B3FF679AE11
:10AFB00000220023CDE90423254BA068DE5D29464D
:10AFC0003246F9F744FF014600283FF46AAE3246A4
:10AFD00004A808F045F8049D00264FF6FF78324695
:10AFE00006A908A8E3F7AAF8BDF82020424503D037
:10AFF000099B9D420CDC0DD16068033F0368042F60
:10B000000BD8DFE807F012161B1F23000027C1E74B
:10B010000136E4E74FF6FF72EEE71B6C9DF9101066
:10B02000984760680368DB6B9CE7DB6C9DF8101049
:10B03000F6E75B6CBDF910109847F2E71B6DBDF8A1
:10B040001010F9E79B6C29469847EAE75B6DFAE731
:10B050005CF50500F0B587B007460D461646E6F7E5
:10B06000BBFF04464069E4F799FA394603AB6A46E8
:10B0700004F12C00E3F778F907466069E4F79AFADF
:10B08000C82F06D1297832466846E3F703FA07B09D
:10B09000F0BD0020FBE72DE9F843188008461C4668
:10B0A0000D461746E3F7AFF96060D5F8088098F8C9
:10B0B00002304FF6FF79C3F343032372A4F81490D0
:10B0C0002846E3F7A6F908B3831E00260A3033F8B2
:10B0D000022F4A451EBF711C27F81620CEB2984297
:10B0E000F5D12846E3F78FF903787B2B08BFB8F832
:10B0F0000C30276108BFA382AB68A6819A88E282E0
:10B10000DA881B8922836383BDE8F8830646E8E773
:10B1100038B505460C46E6F75FFF2946C06903F0DF
:10B120003CFE98B190F8602003692270426E626024
:10B130009A782272DA7862721A79A2725A79C2F314
:10B140008202A273DB88A381C82038BD4FF4CA7085
:10B15000FBE700002DE9F041E4B00BAE14AD1DACEF
:10B1600000230022074626A88DF8D420ADF8D82069
:10B1700037928DF8E02039933A933B938DF8F02085
:10B18000ADF8F4203E928DF8FC20ADF800214192FC
:10B190008DF8082143934493459333607360B36003
:10B1A000F36033617361B361F36133622B606B6091
:10B1B000AB60EB602B6188466B61AB61EB612B622E
:10B1C00023606360A360E36023616361A361E36163
:10B1D0002362ECF765FB002870D1269B3360279B28
:10B1E0007360289BB360299BF3602A9B33612B9B80
:10B1F00073612C9BB3612D9BF3612E9B3362012302
:10B200008DF8D4308DF8E0302F9B3993309B3A93F2
:10B210000322319B3796ADF8D8203B93064602A80F
:10B22000ECF786FB014600284AD1029B2B60039B6A
:10B230006B60049BAB60059BEB60069B2B61079BDF
:10B240006B61089BAB61099BEB610A9B2B6201233D
:10B250008DF8F03046A80323ADF8F4303E95ECF7B6
:10B260003FFB00BB589B2360599B63605A9BA360C4
:10B270005B9BE3605C9B23615D9B63615E9BA36161
:10B280005F9BE361609B236201238DF8FC308DF8A6
:10B290000831619B4393629B44930322639BADF807
:10B2A0000021419445930F4B009335AB0193C82285
:10B2B0006B4641463846DBF7B0FF0FE00126AEE7AC
:10B2C000002146A8ECF70CFB0028CBD0002EEAD0DA
:10B2D0004FF4FA7241463846DBF79DFF64B0BDE893
:10B2E000F08100BF020E0300F0B5D5B005461AA8E4
:10B2F0000E46ECF733FB044638B14FF4FA72314690
:10B300002846DBF788FF55B0F0BD05AF0C221AA91F
:10B31000384607F0A5FECDE901443C730DF17303F7
:10B3200013F8011F79BB01340C2CF9D10A460846E9
:10B330000DF1D7040E940DF1B9040F940DF1CD0465
:10B34000109401248DF844400DF209140EAB1C61D9
:10B350000DF1B604C3E905470DF59574DC613EAC0B
:10B360001C6200241C85DC6283F8241009B1188556
:10B37000DA62134A3146CDE90323284603ABC822DB
:10B38000DBF74BFFBFE709AA1AAB062110462D24B5
:10B3900093F816C082F800C0013993F817C082F8FC
:10B3A00001C09470A3F1020302F10302F0D1054B36
:10B3B0004174CDE90130012001AA0146B8E700BF80
:10B3C000000E0300DBB00500264B70B5264D186853
:10B3D000E4F7ACFF28680021E4F75AFF18B92349C5
:10B3E0009E20DCF727FE22494FF4E820FAF79CFC68
:10B3F000044650B91F490120DDF77AFE1E4901209D
:10B40000DDF776FE0024204670BD286840F6B8318E
:10B41000E4F73EFF38B919490120DDF769FE134909
:10B42000AF20DCF707FE164B28681E68E5F700F929
:10B430003EB1144933464FF4E8220120DDF758FEAF
:10B44000DCE74FF4E8221368013302F1040204D070
:10B450000D490120DDF74CFED4E7B2F5EA2FF2D119
:10B46000D1E700BF0030002004300020186805003C
:10B470001D3D04006AFB0500BBFB0500BBEE05009B
:10B48000C4F2002093FB0500C8FB050000F58073A3
:10B490000268013204D104309842F9D1012070478A
:10B4A00000207047034600226FF47F41104653F896
:10B4B00022208A4204D0072800F10102F6D104209C
:10B4C000704700000EB42DE9F04F0268DFF81CB39E
:10B4D00092B000231CAD137004460795C38025214C
:10B4E000A388E288013B9BB29A4200F06182002966
:10B4F00000F06482252904D19BF800A0BAF1000F66
:10B5000007D1204603F088F85B4613F8011B9B46E1
:10B51000E6E7BAF1250F0BF1010BF2D00027CDE9D8
:10B5200002772026AD48514607F026FD002861D05D
:10B53000BAF12B0F12D009D8BAF1200F11D0BAF1FD
:10B54000230F08BF01271BF801ABEBE7BAF12D0F62
:10B5500009D0BAF1300F08BF3026F4E70123039376
:10B56000F1E75646EFE701230293ECE7019BAAF1CE
:10B57000300A0A2202FB03A31BF801AB01935046D9
:10B5800007F06AFC009003460028EFD1BAF12E0FB5
:10B5900039D15A464FF00A0812F801AB934650468B
:10B5A000049307F059FC049B30BBBAF1580F00F02C
:10B5B0009C80AAF16302D1B2152900F2F181152A0B
:10B5C00000F2EE81DFE812F0A2012200EC0114018A
:10B5D000EC01EC012200EC01EC01EC01EC01EC01CE
:10B5E000EC01D000EC01EC01C101EC015500EC01D3
:10B5F000EC01D0000190C2E7AAF1300A08FB03A3D6
:10B600001BF801ABCBE74FF0FF33CEE755F8041B37
:10B61000002906DD039B23B12B238DF82030012365
:10B620000093009F002308A81A463844FDF7B6FB94
:10B63000009B1F18019BDF1B029B002B40F05981D0
:10B64000002F40F354819DF820102D2902D02B2982
:10B6500040F04A81302E40F04781204602F0DCFF66
:10B660000DF1210831463A462046FDF79FF8414644
:10B6700026E008AB55F8042B1F464FF00A0CB2FB2E
:10B68000FCF00CFB1021303103F8011B1146092995
:10B690000246F4D80022D91B002915DB1A7038465F
:10B6A000DDF73AFA019BA3EB0008029B7BB9B8F1E6
:10B6B000000F04DD424631462046FDF777F8394653
:10B6C000204602F09BFF1FE703F8012BE3E7394612
:10B6D000204602F093FFB8F1000F7FF715AF424606
:10B6E00020212046FDF762F80EE755F8041B3C4880
:10B6F0003C4A002F13BF90468046B4464FF0300CB2
:10B7000008AA01F00F0E0EF13000392888BF0EF1A3
:10B710005700090902F8010BF3D10DF12009A2EB42
:10B720000901994226DB0021117048460393DDF799
:10B73000F3F9BAF1580F039B024603D1CA460099A8
:10B7400091421ADB3FBB019B9F1A002F06DD029B33
:10B7500043BB3A4631462046FDF728F8414620468D
:10B7600002F04CFF4946ABE755F8041B1C481E4A43
:10B77000002FBFE702F801CBD1E79AF80000CDE92E
:10B78000033207F011FC009B0AF8010B0133009310
:10B79000DDE90332D3E7971C019AD71B002FDDDDCB
:10B7A000029A4AB14146204602F028FF4946204607
:10B7B00002F024FF3A4693E7302ECAD1002B09DC71
:10B7C0004146204602F01AFF3A4631462046FCF731
:10B7D000EDFFC7E73A462021BDE700BFDFFB0500CC
:10B7E000B5610500DCFB05004ED0050078B705000B
:10B7F000073525F00705002BF5E8028945DB0A2B04
:10B80000A8BF0A231F46002301200A22BB423ED1C3
:10B810000AF01CF842464B460AF082F80022002348
:10B82000804689460AF00CFB002298B3644B4046E0
:10B83000494609F0BFFE804689460AF00BFBC30F5C
:10B840008246049300220023404649460AF0F8FA53
:10B8500010B3039B03B32B238DF8203001230DF18C
:10B8600021080093049B23B12D2308F8013BCAF162
:10B87000000AA7B93B463A4651464046FDF78EFAC4
:10B88000049F0744009B1F44D4E60627BBE75043B0
:10B890000133BBE74B4BCAE70DF12008E2E74FF05D
:10B8A0000A097B1E4A46DBB9BAFBF9F11A46404643
:10B8B0000591FDF773FA059903902E2308F80030DF
:10B8C000013030233A4609FB11A14044FDF766FAE6
:10B8D000039B049F03EB000909F101094F44D1E7E1
:10B8E00002FB09F9013BDEE70DF12008BAE608A9E1
:10B8F000E6E608A9204602F081FE002F7FF704AE9D
:10B90000302E3A4614BF31462021EAE6019B95F8D5
:10B9100000805F1E029B63B9002F04DD3A4631466A
:10B920002046FCF743FF4146204602F075FE0435F1
:10B93000EAE54146204602F06FFE002FF7DD3A4669
:10B9400020212046FCF732FFF1E72F6800933846AC
:10B9500007F09AFC009B002B804602DD9842A8BFAE
:10B960009846019BA3EB0809029B3BB9B9F1000F74
:10B9700004DD4A4631462046FCF718FFB844B84576
:10B9800008D8029B002BD2D0B9F1000FCFDD4A4678
:10B990003146D6E717F8011B204602F03DFEEEE7E0
:10B9A000524609490120DDF7A3FB226800231370EA
:10B9B000E38012B0BDE8F04F03B070471346F7E7DD
:10B9C0000000E03F0000E0BFE5FB050007B5054BC8
:10B9D0006A46CDE90031044905F0D2F803B05DF8BC
:10B9E00004FB00BF023403000534010070B50B787E
:10B9F000012B05460C46164605D10A460221BDE834
:10BA00007040EFF7D1BC49780F292246F7D90F21B2
:10BA1000EFF7CAFC28B1617832460F3905F10F0003
:10BA2000EDE770BD38B5856802680135B5FBF2F306
:10BA300002FB135543689D42044609D0A068236960
:10BA4000472202FB003007F00BFBA560012038BD48
:10BA50000123C360EB18B3FBF2F002FB1033221D8D
:10BA6000BFF35B8F52E8000FA84204D142E8003CCC
:10BA7000BCF1000FF6D1BFF35B8FDFD0E6E700002B
:10BA800008B54FF49670DCF72FFA0D4B1B7823B9ED
:10BA90000C4840F2432102F0D9F90B4C2068DDF745
:10BAA00015FB0A4B206801221A70DCF7B3FA084B29
:10BAB0001878012802D10749DDF71AFBE6F7C6F925
:10BAC000FC30002034690500F8300020F5300020FB
:10BAD00068360020FEFB050007B5054BCDE90032B6
:10BAE0006B46C822DBF799FB03B05DF804FB00BF8F
:10BAF0000800030000B58BB003680193436802930C
:10BB000083680393C36804930369059343690693A9
:10BB100083690793C3690893036A099301AB002201
:10BB20001946D3ED007A013267EE807A092AE3ECF8
:10BB3000017AF6D102F0E0FE0BB05DF804FB0000E4
:10BB400030B585B09B238DF80B300223019303ABF6
:10BB50000093012305460C4600201A460DF10B0107
:10BB6000ADF80C00FAF7B6FC18B906490120DDF76C
:10BB7000BFFA9DF80C302B709DF80D30237005B086
:10BB800030BD00BF0CFC05001FB5012360F07F0035
:10BB9000CDE900128DF80F001A460DF10F010020BB
:10BBA000FAF798FC05B05DF804FB1FB500238DF88B
:10BBB0000C008DF80D10CDE90033022203A91846C0
:10BBC000FAF788FC05B05DF804FB70B504460E4634
:10BBD000012080211546FFF7E8FFA8B13C21022093
:10BBE000FFF7E3FF80B131460320FFF7DEFF58B1D6
:10BBF00029460E20FFF7D9FF30B1237833B9002151
:10BC00000120FFF7D2FF70B9002070BD1021042081
:10BC1000FFF7CBFF0028F7D020210720FFF7C5FF53
:10BC20000028ECD1F0E72378002B0CBF3C21042145
:10BC30001920FFF7BAFF0028E6D049211A20FFF7A4
:10BC4000B4FF0028E0D080211020FFF7AEFF0028CD
:10BC5000DAD01420DCF748F92378002B0CBF382108
:10BC600000211920FFF7A1FF0028CDD000211A20C4
:10BC7000FFF79BFF0028C7D0BDE8704000211020CF
:10BC8000FFF793BF38B504460D4601208021FFF72A
:10BC90008CFF10B33D210220FFF787FFE8B1294652
:10BCA0000320FFF782FFC0B106210420FFF77DFFCC
:10BCB00098B100210120FFF778FF70B12378002BA5
:10BCC0000CBF3C2104211920FFF76FFF28B1BDE80C
:10BCD000384019211A20FFF768BF002038BD000046
:10BCE000F0B5437985B0044623B97A4940F217206C
:10BCF000DCF7A0F9784F01263DE0012D44D038460D
:10BD0000F9F772FE6378002B3BD0002262212046B7
:10BD1000FFF75BFF10B9002005B0F0BD03226021E2
:10BD20002046FFF752FF0028F5D000210A20FFF738
:10BD30003CFF0028EFD000210D20FFF736FF002840
:10BD4000E9D000210D20FFF730FF0028E3D00021CB
:10BD50001120FFF72AFF0028DDD00023E3754FF400
:10BD6000805323838023A3762279E178204602F052
:10BD70005FFC0123A370A57863799D42BDD10120AA
:10BD8000CAE703222221CBE7022B40F092805248DF
:10BD9000F9F72AFEA37CFBB9637C002B7DD1617E81
:10BDA0001520FFF702FF002838D0A17E1620FFF7EC
:10BDB000FCFE002832D0E17D237D10201943FFF7DF
:10BDC000F4FE58B32378002B71D0A17C01B1192166
:10BDD0001A20FFF7EAFE21E06278002A55D03F489A
:10BDE000F9F702FEA38B0D2B4BD91A2B4BD9342B11
:10BDF0008CBF0C22082242F0100260212046FFF77F
:10BE0000E4FE58B1012262212046FFF7DEFE28B190
:10BE100068212046FFF736FF0028BDD1A28B0623FC
:10BE2000742A8DF808309CBF0D23B2FBF3F2E37C3B
:10BE300088BF0822534303EB43038DF809301B0AE4
:10BE40008DF80A30637C002BA37C8DF80C30237EA8
:10BE500043F001038DF80D304FF0000318BF0925A2
:10BE600002A9CDE90033062218468DF80B50FAF7E7
:10BE700031FB08210D20FFF798FE6379A370A671AE
:10BE800079E70022B7E70422B5E722212046FFF731
:10BE90009CFE0028C2D02821BBE7E17D637D1120F4
:10BEA0001943FFF782FE00287FF479AFB6E74921F6
:10BEB0008EE7032B08D1217D102041F01001FFF700
:10BEC00074FE20215E20D6E7024940F23F20DCF7D5
:10BED000B1F8D2E717FC0500F0010600E801060002
:10BEE00073B50446807F10B9FAF78AF9A07700236A
:10BEF00001220DF107010F208DF80730FFF744FEF6
:10BF0000002859D09DF80730A3F16A014A424A41FE
:10BF100022706270A3F16902012A01D9452B4BD12D
:10BF2000A378012B12D9237833B9A27D2121204691
:10BF3000FFF74BFE00283FD0A378012B40F0818013
:10BF4000204602B0BDE87040FFF7CABE237DFF2B3C
:10BF500005D10C233D4923750120DDF7C9F8637D28
:10BF6000FF2B05D10C233A4963750120DDF7C0F89A
:10BF7000A37DFF2B05D100233649A3750120DDF7F2
:10BF8000B7F8237EFF2B02D0E37DFF2B0AD10023DD
:10BF9000E3754FF48053238380232F49A376012038
:10BFA000DDF7A6F8E67856B10220DBF79DFF742195
:10BFB0001220FFF7FAFD30BB002002B070BD314601
:10BFC0001120FFF7F2FD314605461520FFF7EDFD84
:10BFD0000540EDB201211220FFF7E7FD002DEBD067
:10BFE0000028E9D04FF4FA7501220DF1070110463F
:10BFF000FFF7CAFD0028DFD09DF80730DB07D3D557
:10C00000013DF1D1D8E72378CBB104211320FFF70C
:10C01000CCFD0028D0D001211520FFF7C6FD002857
:10C02000CAD080211620FFF7C0FD0028C4D000210F
:10C030000E20FFF7BAFD00287FF475AFBCE705219D
:10C04000E4E70023A3700123637179E767FC05002F
:10C050008AFC0500A9FC0500CBFC050013B50446CD
:10C06000684603F02BF803496A46204604F088FD31
:10C0700002B010BD013201000F4B37B51C68E36AF6
:10C08000054683B9618E4FF6FF73994202D0204670
:10C09000DBF794FB012D06D12A464FF4FA712046B6
:10C0A000DBF7FFFA608601A904F124000195EAF7A5
:10C0B000A1FF03B030BD00BFA02F002007B5054B86
:10C0C0006A46CDE900314FF49F3104F059FD03B0C9
:10C0D0005DF804FB013E030030B587B048F2010370
:10C0E00000206425ADF81430F9F794FE0095022382
:10C0F00005AA48210020F9F76FFF38B91B49012034
:10C10000DCF7F6FF9FED1A0A07B030BD3220DBF7EF
:10C11000EBFE02230024019304AB0093029501235C
:10C1200005AA482120468DF81440F9F7C3FF08B945
:10C130001049E4E72046F9F7E1FEBDF810209FED35
:10C140000E7A9FED0E0A52BAC2F30B13120441BFCE
:10C150005B42C3F30B035B429BB21BB207EE903A08
:10C16000F8EEE77AA7EE870ACEE700BFF7FC0500F6
:10C1700000FF7F471DFD05000000803D339388438D
:10C1800007B5054BCDE900326B46C822DBF745F811
:10C1900003B05DF804FB00BF0100030007B5054BC9
:10C1A0006A46CDE90031044904F0EAFC03B05DF8C9
:10C1B00004FB00BF090003000041010008B503882B
:10C1C0001BB903485E2101F041FE406808BD00BF75
:10C1D0003F9F0500034B1868002201212030EAF739
:10C1E00087BA00BFF82F00201FB5037A044613B9A1
:10C1F000002004B010BD6023022A8DF808300B78AF
:10C200008DF8093004BF4B788DF80A300A2300936B
:10C210001821531C002002AAF9F7DEFE0028E7D0FF
:10C220002046E9F7D0FBE4E72DE9FF472C4B1B68DC
:10C23000064623B92B4940F23510DBF7FBFE26B941
:10C2400028494FF49B70DBF7F5FE274B1C6824B997
:10C2500024494FF49C70DBF7EDFE20460194DDF796
:10C26000BBFDFDF765FB214FDFF88480042543F219
:10C27000011900238DF80E3002AA012339464046E9
:10C280000296ADF80C9001F0D5FE4FF0010A04467D
:10C29000112C0ED10220DBF727FE012302AA39461A
:10C2A000404601F0C7FE0AF1010ABAF1050F044643
:10C2B000EED16CB9012D11D1B4FA84F46409FDF703
:10C2C00043FB01A803F004FD204604B0BDE8F0875D
:10C2D0000220DBF709FE013DCBD1EDE70124EEE7BB
:10C2E0008CF2002095EF0500BCF200209CF20020AB
:10C2F00068F3050030B585B00D468DF80F000020BD
:10C30000F9F788FD0A2300930DF10F02012318218C
:10C310000020F9F761FE044618B12846FFF784FFB4
:10C3200004460020F9F7EAFD204605B030BD30B5DF
:10C33000054685B000200C46F9F76CFD0A230093F2
:10C3400003AA0223182100208DF80D408DF80C500F
:10C35000F9F742FE04460020F9F7D0FD204605B06B
:10C3600030BD07B5002301A980B2ADF80430E3F772
:10C37000B3FC08B1E4F7DCFC03B05DF804FB00009B
:10C3800030B5104890F82D4090F82E5090F82F10AE
:10C3900090F8302090F8313090F83200FF2C07D11F
:10C3A00029400A4013401840FF3818BF012030BD13
:10C3B0002C4321430A431343184314BF0120002098
:10C3C000F5E700BF64ED002010B5044670B169B117
:10C3D0000022A05C48B1431C1A44D2B21F2A07D8DD
:10C3E0009142F6D80CBF0120002010BD0120FCE7CF
:10C3F0000020FAE770B506460D4600246B689C42A3
:10C4000001D3012007E0013405EBC4013046E3F716
:10C410005AF80028F2D170BDF7B50D46064602A9BC
:10C42000182001E90C001746DBF73EF80D4B0360BE
:10C430000D4BC760C0E90135002504460561014682
:10C440003046DDF7EDF8606120B908484FF48A7195
:10C4500001F0FCFC2946057203B0BDE8F040DBF7B3
:10C46000EFBB00BF84700500800006003DFD0500A5
:10C470002DE9F04786B0994605AB02930DF1120302
:10C4800001939246002312320093D2B22023074632
:10C490008846F5F71DFC0546002859D04679BDF8B9
:10C4A00012301E440836841909226270BAF1000F56
:10C4B00001D098F80D20AA5597F82431002B18BF09
:10C4C0001A46AA5598F82430A3707A6E1368C4F8F7
:10C4D00003305368C4F807309368C4F80B30F8F79A
:10C4E0001DFB014604F10F0002F0D9F9059EE27D23
:10C4F000F36A9B68197A61F30002E2751A7AE17DAA
:10C50000C2F3800262F34101E1751A7ACBB282F084
:10C510000802C2F3C00203F0030343EA8203E37597
:10C520000822002104F1180007F0D2FACDF800909B
:10C5300001232A4631463846F3F7B9FDCA28044696
:10C5400002D02846E2F734F8204606B0BDE8F0876E
:10C5500040F2FB14F8E700002DE9F04740F2FB132E
:10C560009A428AB080460C4616461CD06FF4FB7384
:10C57000D518012D94BF0025012505A92046DBF71C
:10C58000B2FA94F80EA0A27B052A5FFA8AFAD3B217
:10C590000BD8022B1BD875D0002384F8283000203C
:10C5A0000AB0BDE8F0870025E7E7062BF4D10723A2
:10C5B000A37301AB08F10C00012221468DF804A001
:10C5C000F3F736FE002384F828300120E8E794F8DA
:10C5D0002730002B54D1E76A94F80E90DBF73DFC2E
:10C5E000BB681B688DF804A018440623A373E37B83
:10C5F000206143F01003E373012201AB214608F1EF
:10C600000C00F3F715FE102204F1300101A894F894
:10C610000CA006F025FD3B7C01333B74D8F80800E4
:10C620005FFA89F9E2F7C6FFB9F1030F3B685FFAD9
:10C630008AFA16D1DB69324601A938469847064680
:10C64000D8F80800E2F7AAFF3846DEF795F9CA2EB7
:10C650000CD1B9F1030FA2D1174840F28E7101F04D
:10C66000F5FB1B6A01A938469847E8E7237B9A4502
:10C6700095D1A37B062B5FFA83FA90D1C82E96D171
:10C680000223A373002D92D1E37B03F00603062B54
:10C690000DD1DBF7E2FB022300F56A406030A373A3
:10C6A0000125E37B206165F30413E37381E7022333
:10C6B000A3732846F5E700BF526D05002DE9F34747
:10C6C00007460E46984615461AB95648A32101F06A
:10C6D000BDFB0846D2F80890DBF7F7F907F1080A26
:10C6E000A8B151466846F3F722FD009BBDF804202F
:10C6F000DB899A420BD06846E1F737FC04460146D5
:10C700003046DBF7F2F9002845D0002C47D1002154
:10C710000AF10800E5F73EFAC2B2FF2A4ED0BB6923
:10C720003C6A9B8802FB0344013284F82420306871
:10C730007168234603C3B0681860237B0133DBB202
:10C740002373DBF78AFB0026B2466B7C002B64D098
:10C75000012B0CBF02220722B9F1000F5FD099F81C
:10C760000810C1F34001E37B23F00F0343EA4103C8
:10C77000E3739B0758BFD9F80030A273E27B54BF24
:10C780001B18034642F0100223610023E273637317
:10C7900084F8253020E0684602F0B5FBA5E794F860
:10C7A0000EA0237B0133DBB25FFA8AFA2373DBF737
:10C7B00054FBBAF1000F0AD10226C6E71A4901203C
:10C7C000DCF796FC0024204602B0BDE8F087E36A5F
:10C7D0009D424FF00206B8D10A9BA3614FF00009B9
:10C7E0006061A4F82690684602F04FF8694604F1AB
:10C7F0001C0002F054F8414684F82890E5621022AB
:10C8000004F1300006F02CFC6B46324621463846D7
:10C810008DF800A0F3F70CFDD5E701229CE701217C
:10C82000A1E700BF5BFD05006CFD05002DE9F04FA1
:10C830008FB002AE05460F463046002101F062FD82
:10C840000020294B029301210B908DF83000E5F771
:10C850002FFBDFF8A890DFF8A8B00D90043D55F845
:10C86000043F2BB93046DAF705FF0FB0BDE8F08F73
:10C870003A781E4959F82220009301200023DCF762
:10C8800037FC2B683A788DF830200B931BB91C21AC
:10C89000174801F0DBFA9DF828804046DBF7F5FAEF
:10C8A000824630B13046DDF74FF90D98E3F748FD89
:10C8B000D5E71820DAF7F8FD0E4AC0F800B0C0E955
:10C8C00001260D4A0446C0E9032A01464046DCF72A
:10C8D000A7FE606110B94FF48A71D9E780F808A00B
:10C8E0005146DBF7ADF9E0E76C72050094FD0500F9
:10C8F0008C630500E0FF0500499B0200680006000C
:10C90000487205002DE9F34104462C4F2C49DFF80D
:10C91000C08002460120DCF7EBFB57F8246006B329
:10C9200058F824501DB92749A320DBF783FB28467C
:10C930000195DDF751FA57F82430013347F82430D8
:10C94000214B53F82420B2F5C87F03D94FF4C872A5
:10C9500043F8242001A803F0BBF9012002B0BDE890
:10C96000F08158F824301BB11649AB20DBF762FB8D
:10C97000DBF744FB48F82400054618B91149AD20FF
:10C98000DBF758FB28460195DDF726FA57F82430E7
:10C99000013347F824300D4B53F824302BB90949A3
:10C9A000B220DBF747FB06E0013653F83620202A99
:10C9B000FAD9002EF3D0044BC8E700BF8CF2002058
:10C9C000A1FD050095EF050094F20020D4F40500C8
:10C9D000BCF200201FB50B0C8DF80D304000002379
:10C9E00049BA8DF80C00ADF80E10CDE900330422E1
:10C9F00003A90120F9F76EFD05B05DF804FB000006
:10CA00002DE9F04F044695B00D4601209549164694
:10CA1000DCF76EFB237C022B08D040F2F71229468C
:10CA2000204615B0BDE8F04FDAF7F5BBEB88B3F55B
:10CA3000605F50D043F60102934240F075828A4A0B
:10CA40001068516810AB03C39068186006F10800C5
:10CA5000DAF7B8FA94F82030067813B92046FCF7D4
:10CA600083F8237E032B0AD002238DF838300EABD7
:10CA70004FF4C87229462046E8F72CFF28E00B2E19
:10CA800001D90123F1E706F150030DEB030616F976
:10CA9000106C3046FBF730FD38B1744B74493246A8
:10CAA0000120DCF725FBC822B9E73246714B7049FB
:10CAB0000120DCF71DFB02230DA90EA80D9302F047
:10CAC000E7FE0EAB4FF4C87229462046DAF7A5FB05
:10CAD00015B0BDE8F08F06F10800DAF773FA90F8A8
:10CAE00002A00378467804938DF840308DF84160B9
:10CAF0008DF842A0BAF1000F02D0C3788DF8433010
:10CB000090F80480876890F80CB05B498DF84480F9
:10CB1000012012978DF84CB0DCF7EAFA94F8203037
:10CB200013B92046FCF720F8BAF1000F13D00DF12D
:10CB30004200EEF705F803789E4205DA9B1B0133AD
:10CB400005930123069309E01EDDF31A01330593D3
:10CB50004FF0FF33F6E70123CDE9053A04983B4651
:10CB600042463146FBF736FE10F0FF0910D0CDE902
:10CB70000179049A4149CDF8008033460120DCF761
:10CB8000B7FA8DF8389072E7012305930023D9E7AF
:10CB9000049B2376667684F81B80E761BAF1000F68
:10CBA00005D00DF14200EDF7CBFF90F80090049B0B
:10CBB00084F81A90013B012B84F821A084F822B05C
:10CBC00086D84FF4C86303FB0BFB059ABBFBF2F25C
:10CBD00007920799DFF8B0904FF47A724A43B2FB9C
:10CBE000F3F30A9300230992B34608930A9B24495E
:10CBF0005A460120DCF77CFADBF72FF94FF0000AE8
:10CC00000B90079B534541D8099BB3F5C86F3DD3A3
:10CC10003B46424659460320FBF7DCFD10F0FF0A75
:10CC200000F06F8117490120DCF762FA14E0069BDF
:10CC300004989B4442463B465946FBF7CBFD10F017
:10CC4000FF0AD3D0CDE9017A049A0C49CDF80080CF
:10CC500033460120DCF74CFA8DF838A00EAB4FF4C8
:10CC6000FA7207E7BBFD0500F8010600B192050066
:10CC7000E2FD0500FCD105000EFE050036FE0500B4
:10CC80008AFE0500B0FE050000100040A84A1369A6
:10CC900043F010031361A74B1B78042B54D1D9F830
:10CCA0000411012949D1A44B1B780022C9F80421A1
:10CCB000002B3AD0A14B1961D9F80C31002B00F0B0
:10CCC000D380C9F80C219E4B0222C3F880219A4BD5
:10CCD0001B780121C9F8041073B1984B40F2E2426D
:10CCE000C3F840253F22C3F844250022D960C3F889
:10CCF0004021C3F844211960D9F80034012B40F0D9
:10CD0000A8809049904A097813785278033901290C
:10CD100003F00F0302D8022B00F29B80032B00F2DA
:10CD20009880DFE803F08D7FB4B2D9F80C21002A97
:10CD300000F09A80C9F80C31C5E7D9F80C31002B06
:10CD400000F092800023F5E7D9F80C3133B10023CD
:10CD5000C9F80C317A4B0222C3F880217B4B1B6847
:10CD6000D3F84021002A00F094800022C3F840212B
:10CD7000724BD3F84031012B2AD10022C9F81C2173
:10CD8000C9F81430D9F81C31002BFBD0704AD9F8FF
:10CD900048351278DBB2002A00F0A5805F2B02D95B
:10CDA0000020FBF775FA654B012240F2E241C9F819
:10CDB0004020C9F83820C3F8401500215A60DA60D5
:10CDC000C3F840111A605E4B4FF40072C3F8802123
:10CDD0005A4BD3F84431002B3FF45DAF0023C9F820
:10CDE0001C310123C9F81430D9F81C31002BFBD0B9
:10CDF000D9F84835DBB25E2B8CBF00200120FBF751
:10CE000047FA0123C9F84030C9F838304B4B0022AB
:10CE1000C3F84425C3F84421494B4FF40072C3F8CA
:10CE2000802138E70F214B4800235FFA83FC6245DD
:10CE30000BD910F801CF8C4503F10103F5D008E0C0
:10CE40004549464806F01AFE18B9454A1388013389
:10CE500013803D4840F20112002106F039FE354BA7
:10CE60001B78042B7FF47AAFD9F80031012B7FF4C3
:10CE700075AF0022C9F800212F4A1278002A3FF42A
:10CE80006DAF2E4AD360136068E7FF21CBE75521D1
:10CE9000C9E7D3F8441100293FF46AAFC3F844212D
:10CEA000304B93F9003001215A0903F01F039940D8
:10CEB00002F16003224A42F823102B4A13681AF049
:10CEC0000F0F03F1010313600AD1DAF7C6FF0B9BC2
:10CED0000A9AC01A079B824238BF9A46E2F768FD59
:10CEE0000AF1010A8DE6D9F874254FF6F0710A426D
:10CEF00002D0B2F5003F02D35E2B3FF654AF0120C3
:10CF00004FE7089B01330893089A059B93427FF4EF
:10CF10008EAE164B1B780B2B3FF4C5AD1449012088
:10CF2000DCF7E6F8E4F792FF4FF4CA7277E500BF4A
:10CF300000ED00E0E9F40020E8F40020009000405B
:10CF400000E100E0102C0020E4F30020142C00206D
:10CF5000DCF30020E5F30020E4000600E6F3002007
:10CF6000E6F40020112C0020E0F3002069360020B8
:10CF7000C7FE050070B5ADF5027D04460D464FF4C1
:10CF80008072002102A806F0A3FD1022214602A80B
:10CF900006F066F82946E28806A806F061F8FC2249
:10CFA00002A90020DAF776FE042201900DEB0201BF
:10CFB00041A806F055F8257B05F5E8663602002DF8
:10CFC00072D0012D15D0022D5BD0032D64D0042D1D
:10CFD00059D0052D62D0062D57D0072D60D0082DD1
:10CFE00055D0092D5ED00A2D54D0FC21434800F0C5
:10CFF0002DFF4348EAF718FCC31D044665D14FF4E2
:10D000008050D9F729FE0446002852D04FF48052B0
:10D010004FF4E82106F024F8A6F5E8204FF48072DA
:10D02000FF21204406F054FD4FF4805221464FF476
:10D03000E820F8F725FEB0F5805F204637D1DBF712
:10D0400099FD4FF4807202A93046F8F719FEB0F549
:10D05000807F34D126F44073B3F5E82F41D14FF4EB
:10D060008072314642A805F0FBFF4FF4807242A95E
:10D0700002A806F003FD002814BF6FF0040400248A
:10D080001FE02048B6E72048B4E72048B2E74FF455
:10D09000E920AFE71E48ADE71E48ABE71E48A9E709
:10D0A0001E48A7E71E48A5E74FF4E820A2E7DBF7F4
:10D0B00061FD4FF4807202A93046F8F7E1FD6FF090
:10D0C000030420460DF5027D70BD4FF4807202A965
:10D0D0003046F8F7D5FDB0F5807FF0D1002CF0D1C7
:10D0E000B8E7094A9342BAD026F48073B3F5E92F22
:10D0F000B5D00A2DB3D0972178E700BF99A90500D4
:10D1000000410700004207000044070000460700F6
:10D11000004A0700004307000045070000470700DA
:10D12000004907007FB5374CD4F82461002E48D061
:10D130004FF492712046DBF795FB02238DF8003007
:10D14000D4F88034C4F880340393D4F83C35029387
:10D150002D4BDA6801920022C3E906226846D3E922
:10D1600000129047274CD4F844317BB14FF4A271A0
:10D170002046DBF777FB244B9A693AB10022C3E9DA
:10D180000622D968D4F83C05FBF7D4F91D4CD4F835
:10D190002031A3B14FF490712046DBF763FB1A4BAB
:10D1A0005A6962B1D4F84C150291002299688DF841
:10D1B000002001915A616846D3E90012904704B0FB
:10D1C00070BDD4F81031002BCCD020464FF48871BC
:10D1D000DBF748FB0C4BD4F83C059A699042C1D16F
:10D1E000DA69D96862B1D4F8005225F02005C4F894
:10D1F00000529A611A69DA60DE61FBF79BF9B1E7C8
:10D200009A61FAE70020004018F3002038B50C4678
:10D210004FF48E710546DBF725FB236AA268D25CCA
:10D22000236A01332362C5F81C2538BD38B58B69E4
:10D230000C4605464FF4847123B9DBF713FBD5F890
:10D24000183538BDDBF70EFB636AE268D5F81815B0
:10D25000D154636A01336362F3E700002DE9F047BC
:10D26000524E534A3378D35C002B50D096F8088046
:10D27000504F242303FB087393F82030012B04D074
:10D280004D494FF49270DAF7D5FEB8F1000F04D093
:10D29000494940F22710DAF7CDFE484B03F06042CF
:10D2A000B2F1005F7ED1242404FB08746269002A75
:10D2B0007AD17568A3604FF001094FF49071284648
:10D2C000C4F81490DBF7CEFA4FF4AC712846DBF7C4
:10D2D000C9FA6369A268C5F84425C5F84835C5F898
:10D2E000089063681BB100242046BDE8F087D5F89C
:10D2F0002031D5F858412343F9D0002C4FF02403B6
:10D3000018BF0F2403FB087700237B61ECE796F836
:10D3100010902B4F2C2303FB097393F82A30012B19
:10D3200004D0284940F21510DAF784FE4FF02C089B
:10D3300008FB09756C69002C36D1F6681F4BAB6091
:10D340004FF0010A4FF48E7130462C62C5F814A0DC
:10D3500085F82840DBF786FAC6F808A0294630464B
:10D36000FFF754FF6B68A846002BBCD12A6A6B6993
:10D370009A420CD3D6F81C31002BFBD00123F3606A
:10D380002C2303FB0977BFE795F8283043B9D6F87B
:10D390001C31002BF8D041463046FFF737FFE5E758
:10D3A0000F24EDE710249FE711249DE7FC2B0020BC
:10D3B0003CF3002018F30020E4FE0500CAF2002030
:10D3C000ECF200202BFF05002DE9F0478F4C904A2E
:10D3D0002378D35C002B00F08880257A8D4E24239F
:10D3E00003FB056393F82030012B04D08A494FF4E6
:10D3F000B770DAF71FFE25B1874940F27110DAF7EE
:10D4000019FE864F07F06043B3F1005F40F0FC80E7
:10D41000242303FB05635A6898692AB980B1DB6944
:10D42000002B43D0112058E062684FF40471C2F819
:10D43000081328B1DB69002B38D0C2F80413F1E7D8
:10D44000242303FB056301229A61DF600023242269
:10D4500002FB05654FF48871EB61656828469846C4
:10D46000DBF700FA4FF4A2712846DBF7FBF9012342
:10D47000C5F83475C5F83835B8F1000F1CD12B60EC
:10D48000237A242202FB0362526842BBD5F81021A2
:10D49000D5F84411D5F824010A4314D10028F5D059
:10D4A000242101FB03639A61032016E0242303FB7C
:10D4B00005631F610123CAE7D5F8003243F020035A
:10D4C000C5F80032DCE7242202FB03660023984201
:10D4D000B36118BF032001B10F20BDE8F0874FF4FE
:10D4E0000473C5F804330020F7E7267C4C4D2C2349
:10D4F00003FB065393F82A30012B04D0494940F22C
:10D500006910DAF797FD2C2303FB06535A689869D4
:10D51000002A3FD0E2684FF40171C2F808130028D6
:10D520003DD0DB69002B88D12C2303FB06533B4AFB
:10D530001A610122DA612C2707FB065AE068DAF843
:10D540000430002B5BD14FF4A2715746DBF78AF908
:10D55000E068D0F82491D0F80831D0F84481002B4D
:10D560003BD1B8F1000F02D1B9F1000FF0D02C235C
:10D5700003FB06550023AB61B9F1000F94D1B8F15C
:10D58000000FA9D195F82910E3680122002934D0B1
:10D590001A60A8E718B1DB69002BC5D042E72C233D
:10D5A00003FB06531D4ADA604FF001080022C3F85E
:10D5B00018805A62DA6193F82930002BBBD1E768F2
:10D5C0004FF492713846DBF74DF94FF484713846C9
:10D5D000DBF748F9C7F80080ADE7B9F1000FC6D115
:10D5E000B8F1000FC3D13946FFF720FEDAF8243036
:10D5F000DAF818209A42ABD8B9E75A6073E74FF4CB
:10D600000173C0F804336EE7102066E7FC2B00209E
:10D610003CF3002018F30020E4FE0500C8F20020CF
:10D62000ECF200202BFF0500F0B50B6887B0044634
:10D630000D4623B9484940F24520DAF7FBFCD4F8FF
:10D640002431A3B14FF492712046DBF70BF9D4F8E3
:10D65000043163B9AB68C4F808330223AB60AB682C
:10D66000C4F8043301232362636107B0F0BDD4F82A
:10D670000431002B35D04FF48271204605F10C07A0
:10D68000DBF7F0F80FCF01AE0FC63B68336095F8BB
:10D690002E6086B12B7B012B05D1D4F83C3502934B
:10D6A000D4F84C3506E0D4F84C250292022BF7D181
:10D6B000D4F83C3503934FF4B0712046DBF7D2F831
:10D6C0004FF4AE712046DBF7CDF895F8303003B15A
:10D6D000CEB10023C4F80032AB60204BC4F808334D
:10D6E00011E04FF4A4712046DBF7BCF82B7B03BBA1
:10D6F00005F10C070FCF01AE0FC63B68336095F8FC
:10D700003030002BE6D0D4F8C434C4F8C4349A07BF
:10D710005ABFC3F380035B0001238DF8003095F8F6
:10D7200030300BB985F82F30D5E90031684698477D
:10D730009BE74FF40073C4F8003240F20223AB6061
:10D7400003F1CE73C4F80833AB68C4F80433012383
:10D75000A360236289E700BF09F3050002029C0170
:10D7600001490248FFF760BFD8F1002000300040B7
:10D7700002494FF04020FFF757BF00BF0CF20020D6
:10D78000F8B5024604460D4601204F49DBF7B0FCD0
:10D790004E4B53F82420002A40F0948043F8245044
:10D7A0004B4B4C4E032220461A55EAF75AF94A4B86
:10D7B0004A49003818BF012018554FF0A04204F51F
:10D7C000E073012052F82370C7F381073B462246DD
:10D7D000DBF78EFC331993F92830002B33DA336AE8
:10D7E00001332ED0736A013337D10922331955B270
:10D7F00083F828503A4B46F82230324439462046C6
:10D8000082F84040EAF722F93649E20804F00700BE
:10D8100001238340885C083D03438B54354495F8CD
:10D82000483063F03F0385F84830331993F92850A6
:10D83000002D14DA2C494FF40E70DAF7FBFB0120AF
:10D84000F8BD0822D2E7082528492A460120DBF73F
:10D850004FFC2846E3F76CFAE7E70425F4E7072DC9
:10D860001BDCAB0003F1804303F5C04305F140002E
:10D87000D3F8102540B242F001028000C3F8102511
:10D8800080B2F8F79DFE56F82530002BD7D0184A05
:10D890000123AB40C2F80433D1E7083D46FA85F5D1
:10D8A00095F848309B09032B08D12046EAF7D9F8B0
:10D8B00030B103212046F7F735FEC0E7012BF8D140
:10D8C0000221F7E70020BBE771FF05006830002068
:10D8D000F5EE002018300020D5EE002092FF050064
:10D8E000797A03006230002043AA0500ADFF0500ED
:10D8F00000600040F0B592F90130C7B0002B064639
:10D900001446019209DA9378D27802F0030243EACE
:10D910000223182B24D9192300E000230A4601A86A
:10D9200069460293E1F730FB0546C8B103A901A897
:10D93000E1F704FC014698B106AF9DF80C2038468B
:10D9400005F08EFB9DF80C300022FA54019A937872
:10D95000D27802F0030243EA0223029A9A4203D0E9
:10D960000025284647B0F0BD009BA28805936FF4C0
:10D970007F43049340F20161336803913046ADF870
:10D980000E201B683A4603A9984703A8D9F72AFF37
:10D99000E7E7F0B5541E04EBD4744FEA640E6FF061
:10D9A000404C0C46744523DBD5070ED4023A02EBFB
:10D9B000D272B4EB620F08D1621C550000EBC202B8
:10D9C00052F8042C40F824206C1E621E02EBD27226
:10D9D0005210A1424FEA84051CDA50F82240A342BB
:10D9E00018DD4451541E04EBD47514466A10F0E758
:10D9F000671C7E000CEB470750F8265050F8277044
:10DA0000BD42B8BF06F1FF3650F8267040F82470CA
:10DA10003446C7E74351F0BD024B4FF4807043F0EA
:10DA200001031847F064060000230360436083602D
:10DA3000C360036143618361C36103627047026C29
:10DA400070B5856B044652B906681EB100200135D9
:10DA5000A56370BD806803F06FFFA660F7E74068BC
:10DA600005F0FEFA6368226C1344A2686360934277
:10DA7000ECD323686360E9E71FB504234000CDE9D8
:10DA800000130C46012340F001008DF80F001A46E8
:10DA90000DF10F011846F8F71DFD22681304C2F3BB
:10DAA000074103F47F030B4302F47F4213432360D7
:10DAB00004B010BD30B5BBB005466846E9F74EFF6F
:10DAC000431CDBB2012B01D9023010D114210DF11E
:10DAD000510005F028FB0DF1510413280DD8421C0C
:10DAE0002146284605F00CFB01203BB030BD044B1D
:10DAF0001C68204605F0C8FBEFE70020F5E700BFF3
:10DB0000742B002013B5ADF80430BDF81030ADF81B
:10DB100006304FF6FF739842ADF80010ADF80220C2
:10DB20000AD16846E2F7D0F8044650B109490246E6
:10DB30000120DBF7DDFA05E06946E2F7C1F80446AB
:10DB400028B90024B4FA84F0400902B010BD02499B
:10DB50000246EDE704020600280206002DE9F04126
:10DB6000057B05F5E8652D0286B004462846884603
:10DB7000E9F75AFE002864D01022294602A805F0D1
:10DB80006FFABDF80E2002F11003FF2B5FD8236857
:10DB9000029999425BD1BDF80C30002B54D0A1887A
:10DBA000994251D3E18891424ED39DF81400217BD4
:10DBB00088424CD1A380049BA36000269DF81530B9
:10DBC0006373E68105F11001404605F049FA102221
:10DBD00002A93046DAF75EF8BDF80E7041463A46C3
:10DBE000DAF758F8C7F1EC0704468DF80360B7423E
:10DBF00015D10422002305F1FC010DEB0200019375
:10DC000005F02EFA019B9C4212D0012013492246B6
:10DC1000DBF76EFA6FF0020006B0BDE8F081204637
:10DC200001220DF10301DAF735F801360446DEE78B
:10DC30009DF81500FF280DD0013818BF4FF0FF30B8
:10DC4000EAE76FF00700E7E76FF00500E4E76FF041
:10DC50000400E1E76FF00100DEE700BF55020600B7
:10DC60001FB5CDE9011203930349032301AADAF793
:10DC7000FFFA05B05DF804FB7702060008B1DAF799
:10DC800079BF704770B50446A0B105F0FDFA431E98
:10DC90000F2B0FD8251814F8016B304605F0DCF86F
:10DCA00018B1AC42F7D1012070BD304605F0DCF868
:10DCB0000028F6D10020F7E7F0B50D1D01F114069C
:10DCC00090F801C0077884784FEA8C0202F03C0299
:10DCD000230142EA971217F03F0703F0300318BF01
:10DCE0002F3743EA1C13A40805F8047C0AB12F322D
:10DCF000D2B205F8032C0BB12F33DBB205F8023C8E
:10DD00000CB12F34E4B205F8014C0435AE4200F1F9
:10DD10000300D5D100230B74F0BD8842F8B504464A
:10DD20000E4602D0051DAE4200D1F8BD2F68236813
:10DD30009F4211DAAC4204D02A1B2146201D05F077
:10DD4000ADFE27600435EEE743F8042953F8042CB0
:10DD50009742F9DB1F60F5E72B46F7E72DE9F04125
:10DD600004460D46174600F104082B1B402B19DD15
:10DD70009E10CFB9B11E491054F8213032462046CA
:10DD8000FFF707FE59B10139F6E755F8043D22685F
:10DD90002A602A1B921000212046FFF7FAFD2B1B58
:10DDA000042BF2DCBDE8F081DB10D4F804C054F899
:10DDB000230055F8041C22688445464624DA88422C
:10DDC0001CDA206044F823202B46D4F800C03246E9
:10DDD00011686145164602F10402F9DB1A1F134669
:10DDE00052F804098445FADB9E4215D3013F2946C7
:10DDF0003A463046FFF7B2FF3546B6E78C4505DABE
:10DE0000216045F8042CDFE78C4502DAC4E900C242
:10DE1000DAE78842D5DAF3E746F8040B1960D4E76D
:10DE200070B50E4600210546E3F7B4FE4FF6FF73CA
:10DE30009842044608D0A8682A698188036804FBD0
:10DE400001229B6831469847204670BD0A4608B5B6
:10DE500001460120E1F760FEDAF71EFF10B50C461F
:10DE600011461A464FF6FF739C4203D104482F21F6
:10DE7000FFF7ECFF00682044BDE81040EDF794BACE
:10DE800022FA050010B50446EFF30583C3F3080337
:10DE90003BB9EFF31483DB0703D504494320DAF7DA
:10DEA000C9F82046BDE81040DAF7A2BC7D8F050016
:10DEB00073B52F4C23781BB92E49E920DAF7BAF84D
:10DEC000A37803F0FF02BBB1002301A88DF8043052
:10DED000FFF7D8FFE3689DF804000133E360E2F741
:10DEE000A3FEE368002B41D1224940F2051002B0A5
:10DEF000BDE87040DAF79EB80DF103008DF80320FD
:10DF0000FFF7C0FFE3685BBB1B4B1B791BB91B49C9
:10DF1000E620DAF78FF84FF080430022C3F804219F
:10DF2000D3F804210192019A0222C3F80423144A6F
:10DF3000D2F8FC0040F08073C2F8FC30114B1D6831
:10DF400045F0010119605E685968891BB1F50A5FE7
:10DF5000FAD31D604FF08043C2F8FC0001229A60A2
:10DF6000E3689DF803000133E360B8E702B070BDD9
:10DF700078360020CC8F0500A4EC00201590050019
:10DF800000ED00E0001000E013B500240DF10700E3
:10DF90008DF80740FFF776FF0D490E4B0A689A424D
:10DFA0000FD9501E0860043312F8012C0A4C1B1ABA
:10DFB0000879DBB2984202EB021238BF0B7104EB16
:10DFC00082049DF80700E2F72FFE204602B010BD44
:10DFD000302E00202C2E00201C2D00202DE9F04199
:10DFE00000F14305FFF7D0FFAD090446C8B10F4B60
:10DFF000DFF83C804360013DC0F800800746002602
:10E00000B5420FD9FFF7C0FF40B1637901336371A7
:10E0100001363860C0F800800746F1E72046E2F795
:10E0200039FF00242046BDE8F08100BF0001400018
:10E03000F86C0600F0B50C4689B017461D4606463A
:10E0400020B94D4940F24F10D9F7F4FF0023ADF845
:10E05000043001238DF80430484B039301ABCDE924
:10E06000043703AB8DF818500794029326B9424940
:10E0700040F22D10D9F7DEFF7468FCB100230DF1DA
:10E0800003008DF80330FFF7FDFE256820462F685A
:10E090006968F8F7E9FB87421FD06F686968204616
:10E0A000F8F7E2FB6860E2686368511E072955D8FB
:10E0B000DFE801F0224454495454544D304995202E
:10E0C000D9F7B8FF0DF103008DF80340FFF7DAFE32
:10E0D0002B498A20D9F7AEFFD7E7237C002B43D109
:10E0E0006F6869682046F8F7BFFB686029682046BA
:10E0F000F8F7BAFB2860D6E79DF80820DA552168C2
:10E100000B684868834281BFA26801321218D31A93
:10E110008A6898BFC31A9A429DF8030038BF8B6083
:10E12000E2F782FD00213046F9F716FF9DF8043032
:10E13000002BFBD19DF80500C0B21AE0BDF8082005
:10E1400023F81720DBE7029A43F82720D7E7DDE919
:10E15000020103EBC703C3E90001D0E702A907FBF3
:10E16000023004F07DFFCAE79DF80300E2F75CFD92
:10E17000042009B0F0BD00BF64E90500D92A0400FD
:10E1800030F105002DE9F0411E46274BFD29C5B2AF
:10E190001C6828BFFD21C5F580758D4228BF0D463E
:10E1A000A04234BF0023012304FB13041F48C4B062
:10E1B000C05C174621460DF10E02ECF7D9FEB4F50E
:10E1C000802F05F1020803D319488A21FFF73EFE8C
:10E1D000394664BA2A460DF11200ADF8104004F039
:10E1E0003FFF14239DF80E10009304AA434601201C
:10E1F000F7F7F2FE04460220D9F776FE41F28637A1
:10E2000000230DF10F0201211846ECF7C3FE20B9DF
:10E210000120D9F769FE013FF2D104B135602046F3
:10E2200044B0BDE8F08100BFEC300020E8300020B1
:10E2300034690500F8B5054610460F46164605F048
:10E2400023F8431CBB42044688BF07F1FF34224633
:10E250003146284604F004FF00202855F8BD000090
:10E2600070B5044680690E46E1F732FB6568CDB9AA
:10E27000237FA0690133DBB22377E1F735FB294621
:10E280002069E2F711F80546A069E1F721FB237F39
:10E29000013BDBB22377002DE8D1A069E1F724FB35
:10E2A000284670BD63681BB910485321FFF7CEFDA7
:10E2B0002368E2680C2101FB032207CA86E80700F5
:10E2C000A26860690133B3FBF2F102FB11332360F2
:10E2D0006368013B636018B1637F0BB1E2F7A8F993
:10E2E000A069E1F701FB0125DAE700BF1194050001
:10E2F0004368C06899780122002302FA01F103F013
:10E30000F5BB00001E4B73B50922036000230446D1
:10E31000436003810273C3816FF47F428382836110
:10E320004FF6FF7580F82130FF2380F8223002611C
:10E33000C56180F82010E3F74FFEA38BAB42064681
:10E3400004D040F2F5310F48FFF780FD4069E1F756
:10E3500025F9B06B019401A90830FFF761FD05466E
:10E360007069E1F727F92B0402D54FF47F71EAE7D2
:10E370006FEA45406FEA5040A08302B070BD00BF15
:10E38000188305008A5F0500144B73B50360144BB6
:10E39000044643EA01334360E3F71EFEE2884FF68A
:10E3A000FF739A42054604D040F20A210D48FFF758
:10E3B0004DFD4069E1F7F2F8686B019401A908305E
:10E3C000FFF72EFD06466869E1F7F4F8330402D53D
:10E3D00040F21121EAE7E68002B070BD5C830500DF
:10E3E0000000FFFF8A5F050037B50C1E08BFA5249B
:10E3F000A5230F49054622460120DAF779FE0822B7
:10E400000021684605F064FB0022A5236946A8B2F6
:10E410000192ADF80040ADF80230E1F75FFC024632
:10E4200018B104490120DAF763FE03B030BD00BF24
:10E43000A0020600D1020600002242600346032229
:10E44000C3E900220830242209B104F009BE05F016
:10E450003FBB000007B5054BCDE900326B46C82233
:10E46000D8F7DBFE03B05DF804FB00BF0C0003002F
:10E4700010B50C4611461A464FF6FF739C4203D165
:10E4800004483521FFF7E2FC00682044BDE8104055
:10E49000ECF7D4BD22FA05002DE9F041837986B06E
:10E4A00004460E46002B00F090804CF6CD43ADF8AC
:10E4B00008300389ADF80A308B68CDF81230C36894
:10E4C000CDF80E305A1CC2609DF81630CA687069CB
:10E4D0004FF6FF7562F302035021ADF80C508DF832
:10E4E000163004F020FE21898DF81700A94246D08D
:10E4F0000F310DF10703012289B22046FFF7B8FF63
:10E500009DF807502389A28810351D449DF81730C7
:10E51000ADB2103325811D44ADB2AA4202D2002211
:10E5200022811D46DFF8AC8004F10A0706E00231C3
:10E530004346022289B22046FFF790FC6189238975
:10E540008B4212D8A94210D204313B4689B2022232
:10E550002046FFF78DFF6189A3888B42E7D2002315
:10E56000A3604FF6FF73ADF80A30258977694FF63F
:10E57000FF76B54208D149211548FFF767FC002313
:10E58000ADF80A10A360F0E79DF81730502B01D9C1
:10E590004A21F1E702AB102229462046FFF75EFC34
:10E5A00005F1100189B29DF817203B462046FFF780
:10E5B00055FCBDF80A10B14207D0043104F108033C
:10E5C000022289B22046FFF749FC06B0BDE8F0817F
:10E5D00022FA0500D46406000022C0E9002201F1FD
:10E5E0000803D1E90012FAF70DBE08B50021C0E911
:10E5F00000118022083005F06BFA08BDC38810B501
:10E600000A46044681880068C91A1844FAF768FD6A
:10E61000E3881844E08010BD07B500238DF804108E
:10E6200001A98DF80530FFF7E9FF03B05DF804FBA1
:10E630002DE9F041C77D037D06460D4614461F4374
:10E64000052955D8DFE801F01F0331586F89037899
:10E6500043B380215820FDF7A8FA4FF0B0080021FD
:10E660005C20FDF7A2FA3F2C04D941490120DAF7DA
:10E670003FFD2C4621465B20FDF797FA20215E20C6
:10E68000FDF793FA4546F37D2BB910211520FDF7D0
:10E690008CFAF37D03B13D4629461020BDE8F041D8
:10E6A000FDF783BA4FF01008D9E7037813B382213E
:10E6B0005820FDF77AFA02215920FDF776FA002159
:10E6C0005A20FDF772FA80215B20FDF76EFA0821CF
:10E6D0005E20FDF76AFA072C04D926490120DAF7F3
:10E6E00007FD0024210101F0F0015A20FDF75DFA39
:10E6F0003025C8E70221DBE7037893B18221582057
:10E70000FDF753FA21465920FDF74FFA00215A2010
:10E71000FDF74BFA00215B20FDF747FA40215E2010
:10E72000E4E70221EBE703781BB180215820FDF7D5
:10E730003CFA00215C20FDF738FA10215E20FDF73D
:10E7400034FA072C04D90C490120DAF7D1FC012452
:10E7500044F00801C9B25D20C8E700215820FDF748
:10E7600024FA00215E20FDF720FA3D468BE700BF2A
:10E77000F9020600400306007C0306002DE9F34180
:10E7800080460F4616461D46012200230DF1050165
:10E790005A208DF805308DF806308DF80730FDF7DA
:10E7A000F3F918B9002002B0BDE8F08101220DF1A3
:10E7B00006015920FDF7E8F90028F3D001220DF1F8
:10E7C00007015820FDF7E0F90028EBD09DF805403F
:10E7D000230988F800309DF80630C4F3810403F063
:10E7E0001F033C7033709DF8073003F00E032B704D
:10E7F000D9E70000F8B51B4D2B7883422CD01A4B7B
:10E800001B781BB91948DC21FFF720FB184A19496E
:10E810000023C2F8003518234343CC18CF58C2F860
:10E820000875D4E90163C2F80C65C2F81035237C81
:10E83000022B12D0032B12D05C1E634263415B009B
:10E84000C2F85435182303FB00114B69C2F8243574
:10E850000123C2F800352870F8BD0423F0E7062331
:10E86000EEE700BFF82B002078F2002025F005002D
:10E870000030024098F405000B6818444042013A09
:10E88000104053FA80F00860704700230370437013
:10E890008370C370037143718371C3717047884281
:10E8A0000FD00B7803704B7843708B788370002304
:10E8B000C3700B7903714B7943718B798371CB7979
:10E8C000C371704770B506460D461446F06B036879
:10E8D00021469B69984718B1B4F80B30AB42F5D18B
:10E8E00070BD000010B501210446FFF74DFD014B3E
:10E8F000236010BDC4CB05000B6803604B68436008
:10E900008B688360CB68C3600B6903614B694361AB
:10E910008B698361CB69C3610B6A03627047B5EE93
:10E92000400AF1EE10FA11D090ED007AC7EE007AAD
:10E9300090ED017AC0ED007AC7EE007A90ED027A90
:10E94000C0ED017AC7EE007AC0ED027A7047000090
:10E950001F2808B504D904494FF4F370D9F76AFBAE
:10E960004FF0A04008BD00BFC2EF050010B504463F
:10E970000846636873B121680C2303FB0141083129
:10E98000D9F700F82368013303F00F0323606368AD
:10E99000013B636010BD07B5002301A9012001936D
:10E9A000FFF76AF80198C0F3C02003B05DF804FBDC
:10E9B00073B5184D01202870E2F786FF112827D083
:10E9C0000220E2F7A1FF00260DF107008DF8076095
:10E9D000FFF758FAE2F776FF0F4B04469DF8070061
:10E9E0001E70E2F721F99CB90C4B2C709A684AB161
:10E9F0001A6822F480021A60032002B0BDE8704059
:10EA0000E2F782BF064B4FF48002C3F88020F3E7A1
:10EA100002B070BDA0EC0020383B00203C3B002041
:10EA200000E100E010B50E4904460120DAF760FB72
:10EA30000023E370E2F7B8FA10B10123E37010BDD0
:10EA40002046E1F7E1F9A07B0121E1F737F9024621
:10EA50000028F4D0BDE8104002490120DAF748BB95
:10EA6000C0030600D503060030B5BBB004466846B7
:10EA70000D46E8F773FF431CDBB2012B01D90230CE
:10EA80000ED10A210DF1650004F04DFB0DF1650179
:10EA9000A84203D2421C204604F032FB3BB030BDFA
:10EAA000024804F0F1FB0149F2E700BFF50306005C
:10EAB000036830B5002443B18B4203EB020505D156
:10EAC0009B5834B9036000232B6030BD1C469B5813
:10EAD000F1E7A350F7E7000010B5044601461822FD
:10EAE0000748FFF7E5FF216949B1A068E28903689B
:10EAF0005B6898472069BDE81040E0F7FCBC10BD9A
:10EB000048EE002010B5C0E90013029B836000238B
:10EB1000C0E90733C0E90933C38103614361C362BC
:10EB200013040446828105D4C2F30E0313B11946BF
:10EB3000E2F7EFFF024B1A68A2611C6010BD00BF34
:10EB400048EE00201FB50346C2F30F40073020F007
:10EB50000700083098820B4C1C600820D8820024E3
:10EB600009481861C3E9014403F110004FF6FF742E
:10EB70000090DC60C2F30E0203F11800FFF7C2FF41
:10EB800004B010BD9C8105003464060010B5044635
:10EB90001830FFF7A1FF6068044B236008B1E0F76D
:10EBA000C7FCA068BDE81040D9F7E4BF9C81050010
:10EBB000836810B504460BB1DFF79AFDD4E90F3036
:10EBC000984201D0E0F7B4FCE06BE0F7B1FCA06C38
:10EBD000FFF754F8E069FFF751F8206AE0F7A8FC66
:10EBE000606A08B1E0F7A4FCA06A18B903481021D4
:10EBF000FFF72CF9BDE81040DBF70CB9BE8A050021
:10EC0000037902680133DBB2037112789A4203D2AE
:10EC100083680BB11B6F8360704783784868B0EBE3
:10EC2000531F4FEA53120AD200207047013331F8C4
:10EC300033000628F8D19A42F8D801207047002303
:10EC4000F9E74068B0F872308B42F0B51AD9046D1C
:10EC500000260444F5B201356F0034F81550A9427E
:10EC6000334606F10106F5D23C44DBB234F8024CDF
:10EC700001EB03231B1B1380836C0E2202FB013369
:10EC80001844F0BD0020FCE74068CBB2B0F8742017
:10EC9000090A0131914210B512D2026D024402EB11
:10ECA000410432F8112034F8024C121B934207DA67
:10ECB000826C23449BB20E2101FB0322104410BD41
:10ECC0000020FCE74368B3F8742030B54C1C944234
:10ECD00008D21A6D1A4402EB410532F811006A8815
:10ECE00090420ED1B3F8622094420CD29A6A134437
:10ECF00003EB410233F811305088C01A18BF0120CD
:10ED000030BD0120FCE70020FAE743684FF6FF72B0
:10ED100093420CD0016849684968B1F87210013318
:10ED20008B42436003D3426003685B6A03B9704758
:10ED300003605B685B68B3F87230002BF4D000238B
:10ED400043607047016019B94FF6FF724260704727
:10ED50004B685B68B3F87230002242600BB9FFF772
:10ED6000D4BF704710B586B0C368009000248DF8FA
:10ED7000044002936846DFF792FC60B1016D059490
:10ED8000002303AA0C30CDE90344E1F786FC684672
:10ED9000FFF736FFEEE706B010BD03788B4203D9CC
:10EDA000436853F8210070470E290BD8C06800B99A
:10EDB000704790F860305B1A002B01DB02D170477E
:10EDC000006FF4E70020704770B500238AB0CDE9EA
:10EDD00000030546407A8DF80410D9F756F804462A
:10EDE000064638B16846D7F711FD9DF806603046F3
:10EDF0000AB070BD1D4B02931D4BCDF80CD0CDE970
:10EE0000043002A9687ADAF70BFC05460028EED038
:10EE10002146D8F715FF174B0693174BCDF81CD09A
:10EE20002046CDE90834D9F730F8C0B1E3F7D4F87B
:10EE3000DFF73FFC0F2804460AD0E3F7CDF8214660
:10EE4000C069FFF7AAFF18B106A90C30E4F74EF924
:10EE50002846D9F75FF8C8E70220D9F745F806A891
:10EE6000D7F78AFA0028F7D0F2E700BF1C65060042
:10EE70000D680200086506005963020008B5FFF737
:10EE80008CFF20B9024840F62711FEF7DFFF08BDCE
:10EE90008A5F050010B5FFF7F1FF4469D8F7EAFF74
:10EEA000844209D002F0FAF9204602F0F7F903484B
:10EEB00040F6D411FEF7CAFF10BD00BF8A5F0500FF
:10EEC0002DE9F041DDF8188016461F4605460C4630
:10EED000C069C1F30311FFF7DDFF43463A463146EF
:10EEE00005F12C00DFF740FAC82809D1B8F808303E
:10EEF000B3EB144F40F2931318BF1846BDE8F081EE
:10EF00004FF4CA70FAE703688288DB899A4210B529
:10EF1000044604D110BDDFF70FF80028FAD1A1880C
:10EF200020680131C38989B28B42A180F3D1F1E716
:10EF30002DE9F04F8DB0C3F3031A1D46044600912E
:10EF4000C06951461646FFF7A5FF290C2046DFF79A
:10EF5000D5F8804620B9494840F28921FEF776FF6E
:10EF60006069E0F71BFB023E4FF00009C825009BDB
:10EF7000994506D16069E0F71DFB28460DB0BDE854
:10EF8000F08F36F802BF06AB03AA594604F12C00F5
:10EF9000DFF7EAF9C82806D0C82D08BF4FF4CA75B4
:10EFA00009F10109E3E7BDF82020B8F806309A42DC
:10EFB00005D040F29313C82D08BF1D46F0E7276C1B
:10EFC0000837394609A8DFF77DFA0837099BBDF8ED
:10EFD0002810DB898B4212D1B8F80610206ADFF7BF
:10EFE000A7FDBDF82210E06BDEF7D2FF0746AFB9F0
:10EFF0004FF0FF3306A80893DFF7D4F9D0E709A84C
:10F000000191DEF7B2FFC38801995B4502D1384612
:10F01000DFF752FD09A8FFF776FFD7E797F803B0AF
:10F02000BBF1000F1BD1B978E0690909FFF726FF92
:10F030000F2332886AF307136BF30F2362F31F4326
:10F040001621BA8809910A93ADF8262001234FF4BE
:10F05000FA7209A90C30ADF82CB0E3F72BFAE36B88
:10F06000398801931846DEF793FF019B83463946A2
:10F070001846DFF786FD5F46B9E700BF8A5F0500E7
:10F0800010B50446406840B1D8F754FC0948D42272
:10F09000002104F01DFD00236360206840B1D7F714
:10F0A00009FFBDE8104004481C22002104F010BDF7
:10F0B00010BD00BF90F5002074F500204FF0031341
:10F0C000C0E900317047000038B5054608460C46D7
:10F0D00004F0DAF8102803D915210848FEF7B6FE27
:10F0E000204604F0D1F808B91621F6E7102221468F
:10F0F000284604F005F800232B7438BD416E050046
:10F1000002460B4600200149D9F7F2BFFD03060075
:10F1100003682DE9F0419B680C4606461746984760
:10F12000056A2B8CC3F30E03A34231D9A846F68897
:10F1300058F8143B1868E0F731FA21464046DEF7EC
:10F14000FBFE08B3EB696A6A9B886343D118D35C02
:10F15000DB0715D54B88B3420BD16B6C394653F89E
:10F160002400E0F7CFF92B68BDE8F0411868E0F71C
:10F1700021BA0849334622460120D9F7B9FFF2E700
:10F18000054933462246F7E7044933462246F3E76A
:10F19000BDE8F0811104060047040600790406006A
:10F1A000008870472DE9F04F80468DB00C4615461B
:10F1B0001F46D7F73DFFD8F80030E90300F00109FA
:10F1C0009B680646404644BF4FF0010925F4803550
:10F1D0000DF1140A984769F30006CDF800A0E28803
:10F1E00002AB31468046FFF76BFEC82805D02046AB
:10F1F000D8F76EF90DB0BDE8F08F63789A061FFA64
:10F2000085F940F18280B9F5967F65D203F00F024F
:10F21000042A01D13A883AB92046D8F759F96378D7
:10F2200043F080036370E5E7227AC3F3401363F38E
:10F230008202F00722720DD5637843F08003637079
:10F24000414B1B7800934A463B4621464046E3F734
:10F25000DFFACFE751464046DEF75CFF0028EBD1EE
:10F26000667806F00F06394B089308AA314602A8C3
:10F27000DFF710F9002854D0494608A8DFF7C0F995
:10F28000824600284DD0BB784188DB074CBFB7F8D9
:10F2900000B04FF6FF7B59453FD05A4608A8DFF72C
:10F2A000DAFA002839D12A490120D9F721FF02A82A
:10F2B000DFF7A9F8ADB2BDF8083026490246CDE91E
:10F2C00000650120D9F714FFBAF8023022495A46E6
:10F2D0000120D9F70DFF20E0227AC3F3401363F336
:10F2E0008202F1072272ABD451464046DEF712FF8C
:10F2F0000028A5D1667840F2F513994506F00F066F
:10F30000B1D13B88002BAED19AE7F20705D4514624
:10F310004046DEF7FFFE0028ECD0B9F5967F8FD28D
:10F320008AE70B490120D9F7E3FE02A8DFF76BF863
:10F33000ADB20246CDE90065BDF8083005490120AF
:10F34000D9F7D6FEE9E700BF94EF00205C980500EE
:10F35000AD040600D2040600EF040600F0B5036811
:10F3600085B09B6804460E46174698470C4B1B78A1
:10F37000054693B12046D8F7B9F80346012200921A
:10F3800031463A462846E2F751FEADF80E000DF13F
:10F390000E00FFF705FF05B0F0BD024BEEE700BF22
:10F3A00064F60020F000FFFF03682DE9F0419B6840
:10F3B0000E4617460446984705462046D7F738FEBE
:10F3C0003B46014632462846BDE8F041E0F724B905
:10F3D00007B5042201460DEB020003F041FE01983F
:10F3E00003B05DF804FB07B5042201460DEB0200F3
:10F3F00003F036FE019803B05DF804FBC068FFF728
:10F40000F2BFB0F860308B42F0B51AD9846A00269A
:10F410000444F5B201356F0034F81550A942334663
:10F4200006F10106F5D23C44DBB234F8024C01EBA4
:10F4300003231B1B1380436A062202FB013318447B
:10F44000F0BD0020FCE707B5014602220DF10600E1
:10F4500003F006FEBDF8060003B05DF804FB10B52E
:10F460000446082203F0FCFDA3786FF38613A37013
:10F4700010BD000073B504460D46164668460549A2
:10F48000FFF7EDFF6B46324629462046FFF78AFE1E
:10F4900002B070BDE43E00200E4B42680E4910B52C
:10F4A000036004460120D9F723FE0C4B1A689442EE
:10F4B00002D1E2681A6010BDD3681BB90848BC21AC
:10F4C000FEF7C4FC9C42D96801D1D160F3E71A462B
:10F4D0000B46F2E7CC6306000F050600EC3E002069
:10F4E000EC5F0500114B70B5C0E900310446002304
:10F4F00003724272C3600A4601200D49D9F7F8FD34
:10F50000E3681BB191210B48FEF7A0FC0A4E356859
:10F510001DB93368E360346070BD6168686803F0EA
:10F52000DBFC08B99921EEE7ED68F1E7CC63060052
:10F5300024050600EC5F0500EC3E0020F8B5012232
:10F5400004463A49FFF7CEFF2046394B40F8103BBE
:10F550000121FEF719FF374B23614FF47F432383CB
:10F56000012104F11C00FEF70FFF012104F124002A
:10F57000FEF7C8FE304BE36100253C336362012196
:10F5800004F1480084F84750FEF7FEFE012104F123
:10F590005000FEF7B7FE294BA3643C3323654FF6BA
:10F5A000FF73A4F8743004F1800004F18807A567A4
:10F5B000A4F87C50FFF796F929463846FEF7E4FE9A
:10F5C0001F492A4604F19000FFF78CFF1D4BC4F839
:10F5D00088304C330022C4F890300023C4E92A2339
:10F5E000194BC4F8B03084F8A0501420D7F75CFF52
:10F5F000164B0561C0E90037154B0646C0E90235D8
:10F6000001462846DAF70CF8C4F8B400306118B99E
:10F610001048D721FEF71AFC0572012104F1B80049
:10F62000FEF7B2FE0C4BC4F8B830F8BD3605060044
:10F6300048CD050000CD050080CC050000CC0500BC
:10F640003D0506006CCD050080820500E0640600E3
:10F65000959803009DB00500B8F3050010B5002192
:10F660000446FEF791FE0549002204F10800FFF769
:10F6700039FF034B23604C33A36010BDDA6F0500E4
:10F68000E8E505002DE9F04101210446FEF77CFE86
:10F69000654BA360654B66490025C4E90435654B9D
:10F6A000E560C4E90635644B0122C4E9083504F17C
:10F6B0002800FFF717FF614B236003F15C02A26093
:10F6C00003F17C02226103F19C02A26103F1BC02FE
:10F6D000DC33A3620123226284F83E30A563A58750
:10F6E00004F1400304F1A00200261E605E609E60EB
:10F6F0000C339342F9D104F580721E605E609E6007
:10F700000C339342F9D104F5B0721E605E609E60C6
:10F710000C339342F9D100250823C4E959354FF041
:10F7200001104FF0FF33C4E95F03FF22A4F88C31CE
:10F730000323C4E965354FF00108414BA4F8842147
:10F740003422A4F88821C4F8A031C4E95D55A4F896
:10F750006051C4F86C51A4F8705184F8728184F837
:10F76000865184F88A51C4F89051C4F89C511420F1
:10F77000D7F79AFE334B0561C0E90034324B074698
:10F78000C0E9023501464046D9F74AFFC4F8A40152
:10F79000386118B92D48D721FEF758FB057204F5DA
:10F7A000D470FEF741F904F5EC70C4F8CC61C4F8EC
:10F7B000D061C4F8D461FEF737F9C4F8FC61C4F82D
:10F7C0000062C4F8046204F50270FEF72DF904F239
:10F7D0003622A4F82C5204F22E2303F8015B934244
:10F7E000FBD14FF40073A4F836324FF44073A4F801
:10F7F000383202220123C4E98F55C4E9922384F8E8
:10F800004452134B84F85052C4F85452114D4FF0E7
:10F81000FF31C4E996132B681BB10F499220D8F72A
:10F8200009FC2C60BDE8F081BC6406009C64060005
:10F83000605F05007C6406005C64060064AC050043
:10F8400080820500486406000986030070B0050048
:10F8500001000201C4EE002033B0050010B50449D8
:10F8600004460022FFF73EFE024B236010BD00BF9E
:10F87000420506007471050007B501460822684676
:10F8800003F0EEFBDDE9000103B05DF804FB0000CE
:10F89000014BC0E900317047060003002DE9F84F25
:10F8A0006C4B6D4A6D48DFF874A2DFF87492DFF894
:10F8B000748200241C606A4B9A606A4A4FF4E82103
:10F8C000C3E90312C3E9004403F0DEFC664B63485E
:10F8D0001C7003250226042201274FF0050B5A70E5
:10F8E0009D70DD705D71DD711D725D725E739E7362
:10F8F0001E745E749E75DE751D765D769D761C7138
:10F900009C719F72DF721C73DC7383F812B083F8F2
:10F9100013B083F814B05C7503F0B6FC4F4803F0E5
:10F92000B3FC524B5249D960C3F800A0C3F804900D
:10F93000C3F808804F4B49481C720422C3E906648F
:10F94000C3E90924C3E90C54C3E90044C3E90374BF
:10F95000C3E90FB41C7583F8204083F82C4083F86A
:10F96000384083F8444003F08FFC434B434A1A600D
:10F97000434A5A60434A9A60434ADA60434A1A61EA
:10F98000434A5A61434A9A61434ADA61434A1A62D6
:10F99000434B444A1C80444B44481A60444B454AFC
:10F9A000C3F80880C3E900A9434B1A60434A5A6070
:10F9B000434A9A60434ADA60434A1A61434A5A61A9
:10F9C000434B444ADA60444A1A61444AC3F8088007
:10F9D000C3E900A95A61424A424BC3E90024424BA1
:10F9E0001F70424B1E72C3E90044414B414EC3E9B4
:10F9F00000441D72404B414D1C70D7F7DDFA404862
:10FA0000404B036045F6971215F8017B08238021CF
:10FA10000F42A44614BF4FF0010E4FF0000E4EEA05
:10FA20004404BCF1000FB8BF7440013B4FEA6101D0
:10FA3000EED1013AE8D23449344A8C4218BF002250
:10FA40004260334AC2E90033324B334A1A60BDE8A0
:10FA5000F88F00BFECF40020F13C04004A050600DA
:10FA6000E82C0020FFFF070054EE0020482F002064
:10FA7000B16E0500A82F00207CEC0020AC09060028
:10FA80008809060064090600480906002C090600DA
:10FA900014090600FC080600E4080600D008060069
:10FAA000CC2E0020DC09060064330020E43E002058
:10FAB000102F0020BC6E0500F42E00203D0506002E
:10FAC0000B6F0500216F05003C6F0500176F0500E7
:10FAD0002C2F0020DA6F0500605F0500A26E050084
:10FAE000F40906005CEC002064F6002064EC0020C1
:10FAF000202F0020B71DC10494EF00202C0A06001F
:10FB0000F0350020040A06000951FF93200A060080
:10FB100070EC00209C2F00206D6D02005305060044
:10FB200042050600360506002DE9FF410D4601920B
:10FB3000044620B9454840F2F121D9F7B1F835B96A
:10FB4000236C23B1414840F2F221D9F7A9F801F022
:10FB5000A5FE30B9019B23B13C4840F2F621D9F70C
:10FB60009FF80026DFF8E8803746D9F731F9A26B15
:10FB7000E36B9A4219D229462046FDF760FF636A7B
:10FB80001BB104F1240001F0C7FD40B1304B4FF030
:10FB900080525A6040BFBFF34F8FBFF36F8FD9F7CA
:10FBA00033F9012004B0BDE8F081019B1BB9D9F7FE
:10FBB0002BF90020F6E716B902A801F0EDFDD9F700
:10FBC00023F901F05DFBD9F703F994F84430FF2BDA
:10FBD00008BF84F8447094F84530FF2B08BF84F8C0
:10FBE0004570D9F711F901A902A801F0E1FD30BB78
:10FBF000D9F7EEF8A26BE36B9A420ED1D9F704F96C
:10FC0000019904F1100001F04FFD2046D9F710F9D9
:10FC100001F012FC48B10126A7E7D9F7F5F8204614
:10FC2000D9F706F901F008FCF5E74FF08053C8F862
:10FC3000043040BFBFF34F8FBFF36F8FEBE7204619
:10FC4000D9F7F6F801F0F8FBB3E700BF70F1050053
:10FC500000ED00E02DE9FF41884617461E460446A8
:10FC600020B90C484FF4C371D9F71AF80A4D286827
:10FC700068B1CDE90087029401F010FE022808BFA8
:10FC80003246286818BF00226946FFF74DFF04B0CE
:10FC9000BDE8F0812A640500F43A002038B5044636
:10FCA00018B90A486D21FEF7D1F8856801F0F0FD1A
:10FCB000854209D1E268013AE2602AB9204611463C
:10FCC000BDE83840FFF730BF38BD00BFDA6005003F
:10FCD0000068FFF7E3BF0000F7B5054619B9002A31
:10FCE00053D103B0F0BD0378002BFAD04FF48066F7
:10FCF00022B16B78002BF4D046F400060024A971E1
:10FD00000220EA712C72F5F7E9FC21460820FCF785
:10FD100061FE01A915200194FDF7AEFE019914279B
:10FD200001F4E041AF721520FCF754FE4FF43F019F
:10FD30000520FCF74FFE38491E20FCF74BFE3749E3
:10FD40001D20FCF747FE21463846FCF743FE3449A8
:10FD50001020FCF73FFE334B334A04212846E6F7D8
:10FD6000CDFD46F001010220FCF734FE6B88FA2B32
:10FD70001AD00CD8802B1DD0C82B20D07D2B3FD083
:10FD80002A490120D9F7B4F9ABE70E46B1E7B3F53C
:10FD9000FA7F39D0B3F5007F39D0B3F5807FEFD14A
:10FDA0007D224FF4800608E080224FF480064FF455
:10FDB000801309E07D224FF40006234604E08022F0
:10FDC0004FF400064FF40013AA8010214FF44012A4
:10FDD0002846E6F793FD002883D033464FF44002CF
:10FDE00015212846E6F78AFD00283FF47AAF10492E
:10FDF0001D20FCF7EFFD00210920FCF7EBFD70E76B
:10FE000080224FF40006D2E780222646CFE77D22EB
:10FE100026462346D8E700BF0020200000225500D8
:10FE20005B130800200078003000F8005905060038
:10FE300000A2550070B5C0E9001200268660C660B9
:10FE40001379D57806611D448561466104460C200E
:10FE50006843D6F701FF013D0346013DAA1C03F1AB
:10FE60000C0322D10121E0610020E2F721F80025F6
:10FE700020626562D8F7B6F8042384F82C50A0629B
:10FE800084F82D50C4E90C5584F83830656434206A
:10FE9000D6F7E2FE34220646294603F019FEA66490
:10FEA00076B9C1211448FDF7D1FF03F80C6C03F8B3
:10FEB0000B6C23F80A6C43F8086C23F8046CCCE74D
:10FEC0000822294604F14C0003F002FE6368D97849
:10FED0000846E1F7EDFFE06308B9C621E2E7636891
:10FEE000197931B10846E1F7E3FF206410B9CB215D
:10FEF000D8E7206470BD00BF6F93050070B50D4654
:10FF0000064620B919484FF4BB71D8F7C9FE05FB66
:10FF100006F04830D6F7A0FE044610B31DB300F13A
:10FF200048032360C4E90F65D8F752FFD4E90F31C5
:10FF3000226862604B43D0185B1A1A44A060FF230A
:10FF40000020A063E26084F8443004F1100084F8DB
:10FF50004530D8F783FD04F12400D8F77FFDD8F7AA
:10FF600053FF204670BD0346DBE700BF70F105007C
:10FF700010B500210120FFF7C1FF044630B1002277
:10FF800082600260C2601146FFF7CEFD204610BDC0
:10FF90002DE9F84F5B4B90F800B00C465A4943F8F6
:10FFA0002B105A4B43F82B20627B0646D4E9000302
:10FFB0006AB34FF0A04500F5E07103F5E07340F23D
:10FFC0000C6245F8212045F82320F5F787FB60688F
:10FFD000F5F784FB236803F5E07340F20D6245F802
:10FFE0002320636803F5E07345F82320FDF714FD33
:10FFF00000256068E7F735FD00286FD03DB16068E7
:020000025000AC
:10000000F5F775FBFDF708FD6068F5F767FBD4E9C8
:1000100000239A4203D13E49AA20D8F70BF896F85C
:1000200008A0DFF8FC804FF0340909FB0AF908EB5F
:10003000090797F82D30002B5FD1364B706853F8C5
:100040002A10F9F7ADFF0546002858D1324B48F881
:100050000930D4F80090637BB860B9F11F0FC7F87E
:1000600004B087F8300087F82F0087F8323004D9C1
:100070002A494FF4F370D7F7DDFF4FF0A04B09F595
:10008000E07340F20C624BF8232067681F2F04D9FD
:1000900022494FF4F370D7F7CDFF07F5E07340F234
:1000A0000C624BF823207068A368C0F80895C0F86C
:1000B0000C75C0F82435217B40F30730E0F756FD7E
:1000C000706840F30730E0F745FD342303FB0A88EE
:1000D000012388F82D302846BDE8F88F2068F5F711
:1000E00006FB0135FDF798FC2068F5F7F7FAFDF7F8
:1000F00093FC092D7FF47DAF81E70825EBE71125FF
:10010000E9E700BF8CF30020E980040084F30020BD
:1001100009F30500F864060015820400C2EF05002B
:10012000D8F1002070B5394D2B7F044623B93849EA
:100130004FF4B270D7F77EFF236833B9636823B1F9
:10014000334940F26510D7F775FFA36833B9E36808
:1001500023B12F494FF4B370D7F76CFF6B7F002B9F
:1001600052D12B680BB101236B7794E80F00294E15
:1001700086E80F00A87F0026FF2885F8286001D0B8
:10018000F5F7B5FA6E62244E0423C6F808334FF42F
:1001900084713046D8F766FB626872B12368012A21
:1001A0001978C6F81C150DD1E368012B82BF1A4BD4
:1001B00095F82020C3F81C2507E095F82030C6F8F4
:1001C0001C35F1E75B78C6F81C352B68B3B9124CC7
:1001D0000E4ED4F80831002BFBD04FF4847120462A
:1001E000D8F740FB31462046F6F7B8FA0028F0D1A0
:1001F000A87FFF2806D0F5F771FA03E0064B04222A
:10020000C3F80423002070BD1120FCE744F2002055
:10021000BAF0050050F20020003002402DE9F04F06
:100220008B4B93B01B680293C3F52D430393037E5E
:100230008046002B00F0E680864B874A874F88482F
:1002400097F800B097F8089000211970854B1A6054
:10025000854B864A1A603F2299609A80D960844B08
:10026000186099609A80D960824B834843F82B00CC
:10027000824B43F82B10824B012503F80B502423AB
:1002800003FB09F97F4B03EB090696F820A0BAF1AE
:10029000000F6AD17C497868F9F782FE044648B1BC
:1002A00011220092534679494FF4E1322846D8F79B
:1002B0001FFF53E01920F5F711FA1920F5F746F959
:1002C00021461B20E7F7C2FBD7F804A0704BCAF801
:1002D00024351923CAF86C45CAF80C351B23CAF813
:1002E00014356C4B7360674B4FF48871504643F87C
:1002F00009B0D8F7B7FA4FF490715046D8F7B2FA70
:100300004FF492715046D8F7ADFA4FF4A2715046AF
:10031000D8F7A8FA604BCAF8043306214AF307302D
:10032000E0F724FC786840F30730E0F713FC7B68C3
:100330000827C3F80075594B7461C6E9064486F86E
:1003400020501C70FDF740F85049009006462346A7
:100350004FF4E1322846D8F7CBFE56B15049012080
:10036000D8F7C6FE45214F4832E0082300930B46DC
:1003700099E73846D6F770FC4B4B0360354B43602A
:1003800007462020D7F790F8484B0360484B83601E
:100390000446E1F721FED0F818902582D9F808002C
:1003A000C4F80C90DFF7FAF8D9F860306360D9F838
:1003B0000800C9F86040DFF7FDF83E4B2360676135
:1003C00029463046E1F774FDE06118B922213A4828
:1003D000FDF73CFD39490094394B098839482A46D4
:1003E000D7F7A8FCA06108B92621F0E72046DAF784
:1003F000CCFAD7F765F828B933492846D8F778FEFC
:100400004D21B0E798F81930002B00F04B811420F3
:10041000D7F74AF8254B03602C4B83600546E1F77C
:10042000DBFD012684692E82A068EC60DFF7B6F858
:10043000236E6B60A0682566DFF7BCF8244B2B6049
:10044000244B1A68002A49D023481E21C0E700BF68
:100450007CEB002072F50020C53C0400FC2B002042
:10046000F2F4002040F20020DCF2002032F50020FF
:10047000CCF20020D0F30020793B0400CCF3002024
:100480003CF3002018F3002025D10400920506005B
:1004900000E0D7015181040010030200C9F20020DE
:1004A000CA050600E7050600046406006897050013
:1004B000F06306008CE5050069CE0500EC350020F0
:1004C0001923040025CE05000C060600E46306008F
:1004D000A897050044EE0020AE8505001D607E4A09
:1004E0008DF82E604FF6F3530BA93046ADF82C3043
:1004F000F9F7EEF918B179492A20D7F79BFD1C22AC
:1005000000210BA803F0E4FABDF82C3023F44F735C
:10051000002423F0020343F010030322214604A821
:10052000ADF82C30CDE90E44CDE910440C9403F025
:10053000CFFA04A8F9F7D2F99DF812308DF81140DE
:1005400023F0070343F003038DF81230644B06AA2F
:1005500003F11007164618685968144603C4083397
:10056000BB422246F7D10DF116013046F9F7B4F936
:10057000024638B15B490120D8F7BAFD57497020CF
:10058000D7F758FDBDF82430ADF8143014220021FF
:10059000304603F09DFA04AB07934F489E23ADF815
:1005A000243000230A9332464F4B008805AC0127C4
:1005B0000BA90694ADF82070F9F78CF9024638B112
:1005C0004A493846D8F794FD44498020D7F732FD90
:1005D0001C2200210BA803F07BFABDF82C3023F479
:1005E0004F7323F00203002143F44373032204A852
:1005F000ADF82C30CDE90E11CDE910110C9103F0BE
:1006000067FA04A8F9F76AF90DF11100F9F766F92C
:100610009DF8123023F0070343F003038DF81230E6
:10062000334B374603F1100C186859683A4603C239
:10063000083363451746F7D10DF116013046F9F737
:100640004BF9024638B12B490120D8F751FD234917
:10065000A920D7F7EFFCBDF82430ADF814301422F0
:100660000021304603F034FA04AB07931A4806948D
:100670009E23ADF8243000230A93ADF82030324693
:100680001D4B00880BA9F9F725F9024638B11B4923
:100690000120D8F72DFD1149B920D7F7CBFC28460A
:1006A000DAF773F9164B039A1C681649C4F52D4402
:1006B0000120D8F71DFD224613490120D8F718FD67
:1006C000029B1249A3F52D422244012013B0BDE83C
:1006D000F04FD8F70DBD00BFF0F400201F06060054
:1006E000286506004E06060046F300207B0606003D
:1006F00038650600A50606003EF30020CA0606007F
:100700007CEB0020F50606001B07060040070600EC
:100710002DE9F04FAFB004460F4606929B46D6F740
:1007200087FC236817F4803F00F001089B6818BF1E
:100730004FF0010805462046984768F30005BBB214
:1007400007930595C5F303131AAD1093079A0599FE
:10075000009517AB0446FEF7B3FBC8280E9040F097
:100760007781059BDF075BD429462046DDF7D2FC65
:100770000546002854D1A04B269326AA042117A889
:10078000DDF788FEE0B1294626A8DDF739FF0746E8
:10079000B0B1069B41889B78D8071DD44FF6FF75F2
:1007A000A94223D1199B26A89D78DDF761FF6D0929
:1007B00000902B465A46042126A8DEF76BF878BB3A
:1007C0008E490120D8F794FC17A8DDF71CFEBDF870
:1007D0005C308B49024620E0069B1D888D42E1D0AB
:1007E000002DDFD04FF6FF73994205D02A4626A888
:1007F000DEF731F80028D5D180490120D8F778FC00
:1008000017A8DDF700FEBDF85C307D4902460120E7
:10081000D8F76EFC7B887B492A460120D8F768FC14
:10082000BDF872300993099A4FF6FF739A4200F0AF
:100830000F816069DEF7B2FEDBF80430002B40D098
:10084000199B9B785B093CD0216C26A80831DDF709
:100850006EFE269BBDF89C20DB899A4231D026A8EB
:10086000DDF783FB079AC38893423FD1043000250C
:100870006FF0004350F8042F9A421FD00135042D29
:10088000F8D19BF804309D421BD80DF17408002765
:10089000C2460BF10C0252F8370008920137FEF7FE
:1008A000A2FDFBB29D4248F8040B089AF3D86FF002
:1008B0000042EBB2042B1DD1012303E015F0FF052C
:1008C000DFD100230F93079B0C93109B0A93002307
:1008D0000B930F2308930999E06BDDF759FB07464B
:1008E00060B940F226314848FDF7B0FA26A8FEF775
:1008F0000AFBAEE74AF825200135DAE70230DDF7DA
:100900003CFBC0F303131193030C0D933B88099335
:10091000DBF804300546C0F307287BB10F9B6BB1B1
:10092000216C0746083126A8DDF701FE25F00F0AE5
:10093000269BBDF89C20DB899A4269D16069DEF76D
:1009400039FEB8F1000F00F09F80A3690D930DF1FF
:100950008500D7F7B2F816AB02930DF1520301935D
:1009600021AF15AB0DF1500A00930D9853463A464E
:100970004146EFF709FCC82835D1BDF85230089838
:10098000ADF8A8309DF8B030204A269260F30303FA
:100990000A980D9A2D9560F307138DF8B0301698CC
:1009A0000B9B8DF8B130CDE9272A0C9B159AADF839
:1009B000B2300368299229469D68089B63F30309B6
:1009C0000A9B63F307190B9B63F30F290C9B00220F
:1009D00063F31F4926ABCDE90272CDE900B32B9238
:1009E000069B4A46A847099B4FF6FF7293422FD0B9
:1009F0006069DEF7D3FD6EE75C98050062070600CC
:100A000089070600EF0406008A5F0500F4980500D8
:100A100026A8DDF7AAFA07F00F07036847EA0A07D6
:100A2000CDE912737B40FF2B1BD8C388079A9342F2
:100A300017D1206C1DAB2946DDF78CFDA8B9099BA9
:100A40004FF6FF7293427FF446AF6069DEF7B2FD66
:100A50000E9BADF8983026A8FEF7A2FB2FB0BDE89C
:100A6000F08F26A8FEF74FFA62E70378DB07E6D59A
:100A70000379466803F00F021B090A9343790B932D
:100A8000C38808920C9359E7059B109A5FFA85F882
:100A900062F30713059388EA0303DBB20F2B94BFBD
:100AA0004FF0010A4FF0000A03D8334B1B78002B9C
:100AB00044D01199E069FEF7E1F9089A03680D90B6
:100AC00062F303060A9A1B6A62F307160B9A08F090
:100AD000010862F30F260C9AB8F1000F1F466FF35E
:100AE0000F250CBF5346012362F31F46CDE900B327
:100AF0003246069B2946B847D6F7E2FC00287FF429
:100B000072AFB8F1000F7FF46EAFE069FEF72AF91B
:100B10000D9B0D981B68CDE900BA3246D3F82080B2
:100B2000069B2946C047D6F7CBFC00287FF45BAF75
:100B30002046E1F771FC40F2A131D4E60D99204640
:100B4000DDF732FA90B10368069A5D6A089B63F399
:100B500003060A9B63F307160B9B63F30F260C9B9C
:100B600063F31F4631465B46A8473CE70D9A0349AD
:100B70000120D8F7BDFA36E794EF0020940706006D
:100B8000014BFFF7C5BD00BF5CEC002030B587B05E
:100B9000012304460D4603931146084B029304A813
:100BA000FEF776FE064B0749CDE900356A4602ABF3
:100BB0002046FFF7ADFD07B030BD00BFD082050075
:100BC00001450300004501002DE9F04105460C46B2
:100BD000E1F702FA06462846D6F788FC1E4B1A783B
:100BE0000546C4F30723A2B323B140F264411B4876
:100BF000FDF72CF963F30F24C0F303114FEA1048FB
:100C0000F069FEF747F904F00F030F2B10D070695D
:100C1000DEF7C4FC376C294622463846DDF765FC12
:100C2000014610B13846DDF7B6FF7069DEF7C2FC49
:100C300041463046DDF7B8F910B940F28F41D6E7AA
:100C400003681D692246AC46C823BDE8F041002177
:100C50006047BDE8F08100BF64F600208A5F0500B0
:100C60002DE9F341694C0025C0E90055294604F1FE
:100C7000080807462046FDF787FB65492A46404697
:100C8000FEF730FC634B23604C33A360604A62493B
:100C90001C230120D8F72CFA604B1E68464501D171
:100CA00065691DB15E485A21FDF7D0F84FF0010883
:100CB00001A930468DF80480D6F7C6F801463046C3
:100CC000FEF782F83C60574C57492A462046FEF70B
:100CD00009FC2046554B40F8103B2946FDF754FBD4
:100CE000534B544A4C49236140461823C4E90655E6
:100CF000256284F82450D8F7FBF9E1F76DF929460D
:100D0000866904F12800FDF73FFB4B4BA36240339B
:100D1000C4E90C3646200523256484F83850656400
:100D2000E363A564D5F798FF0546064600F146083B
:100D3000B01C0E36D6F7C1FEB045F9D13F4BE56485
:100D400014202365D6F7B0FB3D4B036000253D4BD7
:100D5000DFF81481C0F80480C0E9035506468360BB
:100D600001462846D8F75CFC6065306110B936480A
:100D7000D72199E7354A0572302327490120D8F752
:100D8000B7F9294608F13000FDF7FEFA304B314A39
:100D9000A365214908230120D8F7AAF9294608F1BB
:100DA0003800FDF7F1FA2C4B23666FF47F43C4E95A
:100DB0001D352A4A184984F8685068230120C4E97F
:100DC0002055C4E92255C4E92555C4F89C50A4F81F
:100DD000A05084F8A250A4F8C450D8F789F9294645
:100DE00008F1A000FDF7D0FA1D4BC4F8C8304FF64B
:100DF000FF73A4F8D0301B4A07490C230120D8F711
:100E000077F97C6002B0BDE8F08100BF74F5002086
:100E1000FA070600A0830500D5630500EC3E00201C
:100E2000EC5F050090F50020530506006470050096
:100E300078F605000A080600B4F605008082050071
:100E400020640600C96C040003E905001B080600C5
:100E500008F7050030080600B87005003F080600D6
:100E600044F7050059080600B8F500200649074A6E
:100E7000074B9B1A03DD043BC858D050FBDCD7F767
:100E80008DFBD5F707FA00004C6D0600702B002093
:100E9000002D0020DFF7CEB9DFF7CCB9DFF7CAB9F4
:100EA000DFF7C8B9DFF7C6B9DFF7C4B9DFF7C2B9F2
:100EB000DFF7C0B9DFF7BEB9F8B5154B154D1C68A3
:100EC0000646286804300F46D7F716FE731C07D174
:100ED00037B129681048BDE8F8400431D7F7CCBDD8
:100EE0002B68A4195C6007D30C4B18682968BDE80F
:100EF000F8400431D7F7CBBD094B18682968043195
:100F0000D7F7C5FD074B1A68A24288BF1C60F8BD21
:100F10008CF6002068F7002094F60020D4F600201C
:100F2000D8F6002070F600200C4B0D4A1B6863B900
:100F30001268D06A78B90B4B1B68012B0CD80A4B8E
:100F400018680A4B1B68C01A70471368D86A10B932
:100F5000044B1B6870470020704700BF88F60020D4
:100F600068F7002004F7002070F600208CF60020BF
:100F7000064A13681968064B19B94FF0FF321A6018
:100F800070471268D268D2685268F8E7D8F6002035
:100F900070F600202DE9F84F960007463046DDF840
:100FA0002C900D469846D5F757FE824618B94FF05B
:100FB000FF30BDE8F88F5420D5F74EFE04460028D8
:100FC00000F0A680C0F830A025B953484FF45871FE
:100FD000D7F766FE3246206BA52102F079FD236B20
:100FE000043E1E4426F007066B1E04F13302093549
:100FF00013F8011F02F8011F09B1AB42F8D10A9D95
:10100000042D28BF04254FF0000B04F1040AC4E9A5
:10101000105BE562504684F83DB0D7F72AFDC5F174
:10102000050504F11800D7F724FDC4F84CB024617D
:10103000A5616462C4F848B084F850B042463946AD
:101040003046D7F7C3FB2060B9F1000F01D0C9F8D3
:101050000040D7F7BDFE314B314E1A68314F013297
:101060001A603568002D48D134601B68012B1FD1F0
:10107000B84640460135D7F7F1FC052D08F11408B4
:10108000F7D1DFF8CC80284D4046D7F7E7FC28465B
:10109000D7F7E4FC2548D7F7E1FC2548D7F7DEFC75
:1010A0002448D7F7DBFC244BC3F80080234B1D609A
:1010B000234A136801331360224AE36A116814203B
:1010C0008B4200FB0370514688BF1360D7F7D4FCF6
:1010D000D7F79AFE1C4B1B686BB13368DA6AE36A78
:1010E0009A4208D2194B4FF080525A6040BFBFF36A
:1010F0004F8FBFF36F8F01205BE7134B1A68E36AD2
:10110000002AD5D13268D26A9A4298BF3460CFE7BC
:101110005046D5F769FE4AE74865060090F600207C
:1011200068F7002004F70020DCF60020C0F600205D
:10113000ACF6002094F60020D8F60020D4F600206B
:1011400074F6002088F6002084F6002000ED00E010
:10115000F0F6002070B50446224DD7F739FE04B9E9
:101160002C68261D3046D7F7C7FCA36A1BB104F1D3
:101170001800D7F7C1FC1C4A1368013313602B68B1
:10118000A34221D119483146D7F776FC184A136893
:1011900001331360D7F738FE164B1B689BB12B68E1
:1011A000A34210D1144B1B6823B1144840F2B6413E
:1011B000D7F776FD124B4FF080525A6040BFBFF315
:1011C0004F8FBFF36F8F70BD0E4A206B1368013BCA
:1011D0001360D5F709FE2046D5F706FEFFF7C8FED7
:1011E000D8E700BF68F7002074F60020ACF60020B6
:1011F000A8F6002084F6002068F600204865060066
:1012000000ED00E090F6002013B5164B019300248A
:1012100015491648009423466422FFF7BBFE0128B7
:1012200013D1D8F71BFE01280FD1202383F3118897
:101230000F4B4FF0FF321A600E4B18600E4B1C60C4
:1012400002B0BDE81040D7F749BD013007D10B48C7
:1012500040F6040102B0BDE81040D7F721BD02B04E
:1012600010BD00BF6CF60020506506006D1505002E
:1012700070F6002084F600208CF6002048650600F9
:10128000024A136801331360704700BF68F60020FC
:10129000014B1868704700BF8CF6002010B504465B
:1012A00038B9054B1C6824B9044840F60C11D7F72F
:1012B000F7FC04F1340010BD68F700204865060013
:1012C00010B5054C236823B9044840F6E611D7F75A
:1012D000E7FC206810BD00BF6CF6002048650600E2
:1012E00038B5084D084A2B681268034493420446F7
:1012F00004D9064840F6F811D7F7D2FC2B682344EE
:101300002B6038BD8CF6002070F600204865060082
:101310003D4B1B682DE9F74F002B6DD13B4B1C68F3
:1013200001341C609CB93A4D2B681B6823B13948C5
:1013300040F66221D7F7B4FC374B2A681968296058
:101340001A60364A136801331360FFF711FE344DFB
:10135000344E2B68344FA3424FF0000B11D93A683A
:10136000D26A14214A43B258022A28BF4FF0010B17
:101370002E4A1268002A0CBF5846012003B0BDE86F
:10138000F08FDFF88C90DFF8ACA0D9F8002012685D
:101390001AB94FF0FF322A60E1E7D9F80020D2688D
:1013A000D2F80C80D8F804108C4201D22960D6E71C
:1013B00008F1040318460193D7F79EFBD8F82810CC
:1013C00019B108F11800D7F797FBD8F82C00DAF814
:1013D00000101423884288BFCAF80000019903FB5B
:1013E0000060D7F749FB3868D8F82C10C26A9142E0
:1013F00028BF4FF0010BC8E70D4A13680133136093
:101400004FF0000BB4E700BF68F600208CF6002018
:10141000D8F6002048650600D4F6002078F60020B3
:1014200070F6002004F7002068F700207CF600200A
:1014300080F6002088F600202DE9F0412E4C23682C
:1014400023B92E4840F66801D7F72AFCD7F7C0FC2D
:101450002368013B236024682CB10024D7F7D4FC17
:101460002046BDE8F081264B1B68002BF5D0254DAA
:10147000254EDFF8A8801DE0EB68DC68271D04F12D
:101480001800D7F739FB3846D7F736FBE36A3268DE
:101490001420934200FB0380394688BF3360D7F79E
:1014A000EBFA1A4BE26A1B68DB6A9A4202D3184BCA
:1014B00001221A602B68002BDED10CB1FFF758FD1A
:1014C000144D2C6844B1124E0127FFF721FF00B1E3
:1014D0003760013CF9D12C600D4B1B68002BBCD050
:1014E0000D4B4FF080525A6040BFBFF34F8FBFF398
:1014F0006F8F0124B2E700BF68F600204865060040
:1015000090F60020C0F6002088F6002068F7002042
:101510007CF6002080F6002000ED00E004F70020BB
:1015200010B5044648B90E4B4FF080525A6040BF88
:10153000BFF34F8FBFF36F8F10BD0A4B1B6823B1F2
:1015400009484FF4A461D7F7ABFB00212046FFF711
:1015500097FEFFF7B1FCFFF76FFF0028E3D0EBE742
:1015600000ED00E068F6002048650600F8B51B4C69
:101570001B4F1C4E2368DBB9DEF736FAFFF7D4FCAD
:101580000128F6D9FFF77CFE174B1A68174B1B682A
:101590009A4204D2164840F62D51D7F781FBFFF747
:1015A000C3FC012801D9D7F79BF9FFF745FFE0E716
:1015B000D7F70EFCFB68DD68281DD7F79DFA336866
:1015C000013B33602368013B2360D7F71DFC286B88
:1015D000D5F70AFC2846D5F707FCCBE7A8F600208C
:1015E000ACF6002090F6002070F600208CF600206B
:1015F00048650600264B1A68264B2DE9F0411AB1C2
:1016000001221A60BDE8F081234E1A60FFF758FEF0
:101610003368834201D1DEF7CBF933681B6B1A685C
:10162000B2F1A53F0BD15A68B2F1A53F07D19A6834
:10163000B2F1A53F03D1DB68B3F1A53F04D0306818
:1016400031683431D8F7E6FD144F154D3C68DFF8AA
:10165000548014236343EA18E95881B15168083370
:10166000496851602B44994204BF4B68536014236E
:1016700003FB04556B68DB6833603C60C2E724B948
:1016800040F688314046D7F70BFB013CE1E700BF4D
:1016900068F600207CF6002068F7002088F600201D
:1016A00004F700204865060038B50D46044620B909
:1016B000084840F69F31D7F7F3FA074B19682046E0
:1016C0001831D7F7E4F928460121BDE83840FFF783
:1016D000F3BB00BF4865060068F7002070B50E46F2
:1016E0001446054620B90A4840F6CA31D7F7D8FA59
:1016F000084B196828461831D7F7BEF9002C214647
:101700000CBF30464FF0FF30BDE87040FFF7D4BB50
:101710004865060068F7002038B5C368DC6824B95E
:10172000164840F6FA31D7F7BBFA04F118052846F7
:10173000D7F7E2F9124B1B68EBB9251D2846D7F7FE
:10174000DBF9104AE36A11688B4288BF13600E4AC6
:101750001420294600FB0320D7F78EF90B4BE26AD1
:101760001B68DB6A9A4285BF094B01200020186084
:10177000FFF7FEFB38BD07482946EDE74865060040
:1017800068F6002088F6002004F7002068F70020A3
:101790007CF60020C0F60020034B1B680360034B5F
:1017A0001B684360704700BF78F600208CF600206D
:1017B00070B50C46054620B9154840F66541D7F787
:1017C0006FFA24B9124840F66641D7F769FAD7F79D
:1017D000FFFA104B196823685A1C10D00E482E6867
:1017E00000686A68864201D08A420FD9881A83420B
:1017F0000AD95B1A134423602846FFF7CDFF002463
:10180000D7F702FB204670BD002323600124F7E7D1
:10181000486506008CF6002078F60020014B012276
:101820001A6070477CF60020084B186860B9084BB6
:101830001B6853B9074B1868074B1B68013B98425C
:101840000CBF02200120704700207047C0F6002026
:101850007CF6002094F6002090F60020002905DC9C
:1018600008B9034B1868123140F82120704700BFB7
:1018700068F70020002906DC08B9044B186812310B
:1018800050F8210070470020704700BF68F7002023
:10189000014B1868704700BF68F70020054B1B68B4
:1018A00033B1054B1868B0FA80F04009400070472A
:1018B0000120704784F6002068F60020F8B5044641
:1018C00038B31A4DC36A2A68D26A934226D2826913
:1018D000174E002AA1BF2A68D26AC2F105028261AE
:1018E000142202FB036342699A4213D1071D384652
:1018F000D7F702F92B680F4ADB6A1168E3621420FC
:101900008B4200FB0360394688BF1360D7F7B4F8F9
:101910000120F8BD2B68DB6AC362F9E72B68006C15
:10192000DB6A98422CBF00200120F2E768F7002014
:1019300004F7002088F6002038B5044608B90020D6
:1019400038BD184B1B68834204D0174840F67A71A3
:10195000D7F7A6F9636C23B9134840F67B71D7F724
:101960009FF9636CE16A226C013B91426364E6D0AB
:10197000002BE4D1251D2846D7F7BEF8236CE3627F
:10198000C3F10502A261094A11688B4288BF136046
:10199000074A142000FB03202946D7F76DF80120E1
:1019A000CEE700BF68F700204865060088F60020F3
:1019B00004F7002070B50D46044600283AD0436C69
:1019C00023B91D4840F6C971D7F76AF9236C9D42C7
:1019D00038BF1D46E36AAB422CD0636C012B29D182
:1019E000164B1B68A34204D1134840F6E471D7F7A5
:1019F00057F9A269E36AE562002AA4BFC5F10505AB
:101A0000A5610F4D142202FB035362699A4211D162
:101A1000261D3046D7F770F80A4AE36A1168142089
:101A20008B4200FB03503146BDE8704088BF136015
:101A3000D7F722B870BD00BF4865060068F70020E0
:101A400004F7002088F60020044B1A681AB11968C0
:101A50004A6C01324A641868704700BF68F700207A
:101A60002DE9F0411F4C1E4680460F461546D7F71C
:101A7000AFF9236893F85030022B15D02268D36C4D
:101A800023EA0803D3642368012183F850105EB170
:101A90003046FFF711FA144B4FF080525A6040BFA6
:101AA000BFF34F8FBFF36F8FD7F7AEF9D7F790F92A
:101AB00015B12368DB6C2B60236893F85030022B40
:101AC00001BF2268D36CBB43D36423684FF000028C
:101AD0000CBF0125002583F85020D7F795F928463B
:101AE000BDE8F08168F7002000ED00E0F8B50D4694
:101AF00017461E46044620B92D4841F21921D7F752
:101B0000CFF8D7F765F90EB1E36C336094F8506005
:101B10000223F6B284F85030042F3ED8DFE807F0F5
:101B20000603363B3900E36C2B43E364012E28D1D6
:101B3000251D2846D6F7E0FF1E4AE36A11688B424E
:101B400088BF13601C4A142000FB03202946D6F7E7
:101B500093FFA36A23B1164841F25921D7F7A0F8A1
:101B6000FFF706FA154BE26A1B68DB6A9A4208D94E
:101B7000134B4FF080525A6040BFBFF34F8FBFF3FB
:101B80006F8F0124D7F740F92046F8BDE36C01338D
:101B9000CBE7022E0AD0E564C8E7E36C0133C5D079
:101BA000034841F24A21D7F77BF8BFE70024E9E771
:101BB0004865060088F6002004F7002068F700203A
:101BC00000ED00E02DE9F843DDF820800D461746D2
:101BD0001E46044620B9334841F28C21D7F760F8FD
:101BE000D7F796F9EFF31189202383F311880EB10B
:101BF000E36C336094F850600223F6B284F85030FE
:101C0000042F3FD8DFE807F00603373C3A00E36CC7
:101C10002B43E364012E29D1A36A23B1214841F269
:101C2000DA21D7F73DF8204B1B68002B33D1251D57
:101C30002846D6F761FF1D4AE36A11688B4288BFC8
:101C400013601B4A1420294600FB0320D6F714FF1B
:101C5000184BE26A1B68DB6A9A4207D90123B8F184
:101C6000000F01D0C8F80030134A1360012089F337
:101C70001188BDE8F883E36C0133CAE7022E0ED069
:101C8000E564C7E7E36C0133C4D0064841F2CF21D5
:101C9000D7F706F8BEE7094804F11801D6E7002097
:101CA000E5E700BF4865060068F6002088F60020DA
:101CB00004F7002068F700207CF60020C0F6002022
:101CC00008B52DED028BB0EE408A00F097F8B4EE27
:101CD000488AF1EE10FA06D6DFED098AB4EEE88AFA
:101CE000F1EE10FA02D4BDEC028B08BD01F0F8FD54
:101CF00088EEA80ABDEC028B2123036008BD00BF5B
:101D00000000000000F078BA10EE103A184923F0F5
:101D100000428A421BD9B2F1FF4F02D330EE400A93
:101D2000704700B583B0684600F0EEF800F003009D
:101D30000128DDED010A9DED000A0CD0022812D029
:101D400070B1012000F010FA03B05DF804FBDFED84
:101D5000090A00F057B800F007FAB1EE400AF3E7BD
:101D600000F050F8F0E700F04DF8B1EE400AEBE774
:101D7000D80F493F0000000010EE103A23F0004356
:101D800000EE103A704700BF10EE103A194923F0E8
:101D900000428A421CD9B2F1FF4F02D330EE400A12
:101DA000704700B583B0684600F0AEF800F003005D
:101DB0000128DDED010A9DED000A0ED0022813D0A6
:101DC00070B100F01FF8B1EE400A03B05DF804FBFB
:101DD000DFED090A002000F0C7B900F013F8F4E7BE
:101DE000012000F0C1F9F0E7012000F0BDF9B1EEEB
:101DF000400AEAE7D80F493F00000000B1EEC00AF0
:101E0000704700BF10EE103A23F00043B3F1485F73
:101E10002CD2FDEEC07A17EE903A002B60D060EE27
:101E2000007A9FED317A9FED315ADFED315A9FED07
:101E3000316ADFED316AA7EE875A9FED307AE5EE21
:101E4000275AA7EEA56AA7EE867AE7EE876A67EEBD
:101E5000A66A60EEC00AB6EE007AE7EEA60AB7EE12
:101E6000000AD7EE870A30EE600A704760EE007A0B
:101E70009FED1D7A9FED1D5ADFED1D5A9FED1D6AE6
:101E8000DFED1D6A1E4AA7EE875A93429FED1B7A2B
:101E9000E5EE275AA5EEA76AA6EE277AE7EE276AAF
:101EA00066EEA76AD5D9174A934214D803F17F4347
:101EB00007EE103AB7EE006A36EE476A60EEC00AE7
:101EC000F6EE005A97EEA57AE7EEA60A37EE607AAC
:101ED00036EE470A7047B6EE076AB5EE027AEDE7CE
:101EE000B7EE000A704700BF4ED747ADF6740F310A
:101EF0007CF293B4010DD037ABAA2A3D610BB6BA80
:101F00009999993E0000483F70B510EE103A884A02
:101F100023F00044944286B0054671D9854A944224
:101F20001E4624D823F00042002BDFED837A83493C
:101F300022F00F02B0EE407A40F3E0808A4270EE69
:101F4000677A09BF9FED7E7ADFED7E6ADFED7E6AFC
:101F500077EEC77A37EEE67A77EEC77A80ED007AC9
:101F600077EEE67AC0ED017A012006B070BD774ABF
:101F7000944252D9B4F1FF4F48D2E215863AA4EB0D
:101F8000C25307EE903ABDEEE77ADFED716AB8EE24
:101F9000C77A77EEC77A8DED037A67EEA67ABDEE43
:101FA000E77AB8EEC77A77EEC77A8DED047A67EEF6
:101FB000A67AF5EE407AF1EE10FACDED057A40F012
:101FC0009880B5EE407AF1EE10FA0CBF012302239F
:101FD000604901910221009103A8294600F08AFA84
:101FE000002EC2DA95ED007AD5ED017AB1EE477A8E
:101FF000F1EE677A85ED007AC5ED017A4042B4E7EB
:10200000002285ED000A42600020AEE770EE407AC3
:10201000C0ED017AC0ED007AF6E7FFF7ADFE9FED67
:102020004E7A9FED456AF6EE007AE0EE077A9FED74
:10203000457AFDEEE77A17EE900AF8EEE76A1F2878
:10204000A6EEC60A66EE877AB1EE666A20DC434ADF
:10205000411E26F0004352F8212023F0FF03934253
:1020600016D030EE677A30EE470A002E30EE670A5F
:1020700085ED007A85ED010ABFF677AFB1EE477ABC
:10208000B1EE400A85ED007A85ED010A40426CE729
:1020900030EE677AE21517EE103AC3F3C753C3EB7D
:1020A000D453082BDFDD9FED267A9FED275AF0EE03
:1020B000405AE6EE075A70EE657AE6EE077AD6EEFB
:1020C000857A35EEE77A17EE103AC3F3C753D21A82
:1020D000192A10DD9FED227A9FED225AB0EE650A93
:1020E000A6EE070A75EEC07AE6EE077AD6EE857A96
:1020F000B7E703236CE7B0EE650AB4E78A4270EEF7
:10210000277A09BF9FED0E7ADFED0E6ADFED0E6ACA
:1021100077EE877A37EEA67A77EEC77A80ED007A87
:1021200077EEA67AC0ED017A4FF0FF301DE700BFD1
:10213000D80F493FE3CB1640800FC93FD00FC93FAE
:10214000004435374344353708A3852E800F494373
:1021500000008043D865060084F9223F58650600D8
:1021600000A3852E32318D2410EE103A23F0004367
:10217000B3F1485F04D2FDEEC07A17EE903A5BB33C
:1021800060EE007A9FED157ADFED155A9FED156A26
:10219000DFED156AE7EE875A9FED147AA5EEA76A80
:1021A00020EE275AE6EE276AA6EEA77A30B9DFEDD1
:1021B000106AE7EE876AA6EE850A704727EE457A31
:1021C000F6EE006AA0EEA67ADFED0A6AD7EE270ADD
:1021D000E5EE260A30EE600A704700BFD3C92E2F05
:1021E000342FD7B21BEF3836010D50B98988083C1F
:1021F000ABAA2ABEABAA2A3E10B582B0CDED010A29
:10220000019B23F00042B2F1FF4FF0EE407A30D84C
:1022100010EE100A20F00041B1F1FF4F29D8B3F1C0
:102220007E5F42D09C1704F0020444EAD07431B3BC
:102230007AB3B2F1FF4F40D0B1F1FF4F29D0891AE4
:10224000B1F1F45F4FEAE15234DA002B42DA3C326A
:1022500040DA9FED340A012C4ED0022C43D064B1F9
:102260009FED317ADFED317A30EE070A30EE670A02
:1022700003E09DED017A37EE270A02B010BD022C73
:1022800010D09FED2B7A032C08BFB0EE470A02B0A6
:1022900010BD9FED280ADFED287A0028B8BFB0EE08
:1022A000670AEAE79FED210AE7E702B0BDE81040C0
:1022B00000F04AB89FED1F0ACDE7B1F1FF4F04F1DE
:1022C000FF3420D0022C26D81C4B03EB840393ED63
:1022D000000AD2E79DED017A87EE870AFFF74CFDF1
:1022E00000F032F8B7E79FED107ADFED107A30EEAC
:1022F000070A37EEC00AC0E710EE103A03F10043B8
:1023000000EE103AB9E7022C08D80D4B03EB84031A
:1023100093ED000AB1E79FED030AAEE79FED090ACE
:10232000ABE700BF000000002EBDBB33DB0F494010
:10233000DB0F49C0DB0FC93FDB0FC9BFF0680600E8
:10234000FC680600DB0F493F38B510EE105A25F047
:102350000044B4F1A14FF0EE407A0DD3B4F1FF4F39
:102360005BD8DFED517A9FED517A002DCCBFB0EEF6
:10237000470AB0EE670A38BD4D4B9C425CD8B4F1B9
:10238000445F4DD34FF0FF3327EEA76A9FED495AC4
:102390009FED497ADFED495ADFED494A66EE066A5C
:1023A0005A1CA6EE857AE6EEA54A9FED465ADFED69
:1023B000465AA7EE265AE4EEA65A9FED447ADFED80
:1023C000444AA5EE267AE5EEA64A9FED425ADFED95
:1023D000425AA7EE265A9FED417AA4EEA67AE5EE80
:1023E000265A27EE267AA5EE867A27EE877A38D007
:1023F0003B493C4A01EB8301D1ED006A37EE667A36
:1024000002EB8303D3ED006A37EE677A002D36EED8
:10241000C70AB0DAB1EE400A38BD30EE000A38BD66
:102420009FED317A30EE077AF7EE006AB4EEE67A85
:10243000F1EE10FAA6DD38BDFFF79EFC2B4B9C4257
:1024400012D8A3F5D0039C4223D8F0EE007ABFEE59
:10245000007AA0EE277A002330EE270AC7EE007A32
:1024600092E737EEC70A38BD214B9C420BD8F7EEF6
:10247000087AB7EE007AA0EE277A022330EE670AD8
:10248000C0EE077A80E7BFEE007AC7EE007A03233A
:102490007AE7F7EE007A30EE677A30EE270A01230A
:1024A000C7EE007A70E700BFDB0FC9BFDB0FC93F83
:1024B000FFFFDF3ED769853C59DA4B3D21A215BDB0
:1024C0006BF16EBD356B883D95879DBD6E2EBA3D17
:1024D000388EE3BD2549123EABAAAA3ECDCC4CBEF8
:1024E0000869060018690600CAF24971FFFF973FA4
:1024F000FFFF1B402DE9F04F2DED048BDBB00C46A8
:10250000814611466898964A04931E4623460C1D40
:1025100052F8205006F1FF37C0F2AF82CA1E48BF02
:102520000A1DD21003920132D2000692069A039835
:10253000EE19A1EB0202A0EB070019D401369FEDC2
:10254000897ADDF8A4C106441EAC9E460028A4BFCB
:102550005CF8203007EE903A00F10100ACBFF8EED5
:10256000E77AF0EE477AB042E4EC017AEED17346B6
:10257000002DC0F2D28204981EAC04EB80064FEA14
:10258000800805EB000E0DF58C7C3C4609EB8000C5
:10259000002FDFED747A09DBB346CA46FAEC016A14
:1025A0003BED017A8245E6EE877AF7D10134744536
:1025B000ECEC017A06F10406EAD10DF1280A0AEBE7
:1025C0008500CDE9073104389FED689ADFED668A12
:1025D000059009EB0804AB460AEB850846AE019569
:1025E00010465AAB03EB8B03BBF1000F13ED140A3B
:1025F00016DD06EB8B03524660EE097AB0EE407AA8
:10260000FDEEE77A73ED016AF8EEE77AB342A7EEE2
:10261000E87A37EEA60ABDEEC77AA2EC017AEBD1D2
:10262000029000F0E7FAF4EE007AB0EE408A20EE75
:10263000270A00F095FAF2EE007AA0EE678A029877
:102640000028FDEEC89AF8EEE97A38EE678A6EDD6A
:102650000BF1FF3CC0F108035AF82C2042FA03F5B5
:1026600005FA03F3D21AC0F1070119EE903A42FAC3
:1026700001F12B4400294AF82C2009EE903A00F38E
:102680006681B5EE408AF1EE10FA40F0BA80019B07
:102690009B450BDD0AEB8B03002253F8045D434599
:1026A00042EA0502F9D1002A40F06F81019B013B0B
:1026B0005AF82330002B40F05F81059B012153F82D
:1026C000042D0131002AFAD00BF1010359449C4634
:1026D000039D049A03EB050E0EF1804E699D5A444A
:1026E0000EF1FF3E06EB830B1EAB05EB8E0E03EBEC
:1026F0008205DEED017AF8EEE77A002F0EF1040E86
:10270000E5EC017ADFED177A09DB2A464B46F3EC5C
:10271000016A32ED017AA342E6EE877AF7D10CF135
:10272000010C6145EBEC017AE3DA8B4659E740F0A6
:1027300004810BF1FF335AF82310C9110029A0DDE1
:1027400019EE903ABBF1000F03F1010309EE903A44
:1027500040F3E7810025D4462A460291864619E0D7
:102760005469060000000000000080430000803B28
:102770000135AB4541F8040C40F303810B680CF1C3
:10278000080C0135C3F1FF03AB454FF001024CF8D3
:10279000043C0DDD614651F8043B002A40F0CB803B
:1027A000C3F58070002BE3D10135AB458C46F1DCDD
:1027B0000299704600280CDD012800F0D480022820
:1027C00007D10BF1FF355AF8253003F03F034AF8E3
:1027D000253002297FF455AFB7EE000A30EE488A63
:1027E000002A3FF44EAF0991029000F003FA38EE50
:1027F000408A02980999B5EE408AF1EE10FA3FF44A
:1028000046AF079B019D029101930899069B039097
:10281000B0EE480A581A00F0EDF95FED2D6A019B01
:10282000039AB4EEE60AF1EE10FAF0EE407AC0F246
:102830004E811FED327A20EE077A0BF10104BDEED6
:10284000C77A0832B8EEC77AE7EE667ABDEEC77A85
:10285000FDEEE77A17EE901A4AF82B1017EE101AD1
:102860004AF824101046B7EE000A019300F0C2F9AE
:10287000002C019BB0EE407AC0F24581601C46AE50
:102880005FED466A81000AEB800206EB800072ED84
:10289000017AF8EEE77A524567EE877A27EE267AD4
:1028A00060ED017AF3D10DF1C8080A1F46A8871818
:1028B000C646A44600269946002DC0F2E380A64BEA
:1028C000DFEDA67A3846002201E0964208DBF3EC01
:1028D000016AB0EC017A01329542E6EE877AF4DAC9
:1028E0000CF1FF3CBCF1FF3FEEEC017A06F1010672
:1028F000A7F10407E0D1689A022A4B465DDC002A62
:1029000000F3C3800ED1DFED957A414431ED017AB9
:10291000884577EE877AF9D1029A0AB1F1EE677AA3
:10292000C3ED007A19EE903A03F007005BB0BDECFE
:10293000048BBDE8F08F8C4623E7F6EE007AB4EE08
:10294000E78AF1EE10FA80F28680002199E60133E1
:10295000BBF1000F09EE903AD8BF00223FF7FAAE64
:1029600001287FF42CAF0BF1FF355AF8253003F026
:102970007F034AF825302CE70BF101039C461946EA
:10298000A6E602997046012214E70BF1FF3402918A
:102990005AF82410019D079BA0F1080200297FF43A
:1029A00061AF0BF1804101390AEB810151F8040D4F
:1029B000013C083A0028F9D054E7689A032AB1D1BB
:1029C000002C00F0BA8008EB840595ED007A2A46C9
:1029D000A000294671ED017AF0EE476A37EE277ABA
:1029E000414577EEC77A81ED007A77EEA67AC1EDA0
:1029F000017AEFD1012C00F0A08095ED007A08F16A
:102A0000040172ED017AF0EE476A37EE277A9142BF
:102A100077EEC77A82ED007A77EEA67AC2ED017A78
:102A2000EFD1021DDFED4D7A424408F1080832ED86
:102A3000017A904577EE877AF9D1029ADDED326A14
:102A40009DED337A002A4AD1C3ED006A83ED017A05
:102A5000C3ED027A66E719EE903ABBF1000F03F17D
:102A6000010309EE903AC8BF02213FF773AEF7EEBB
:102A7000007A37EEC88A022103E608220692002275
:102A8000039253E5DFED357A2AE79FED347A41442E
:102A900071ED017A884537EE277AF9D1DDED327A8A
:102AA000029A77EEC77A3ABB83ED007A64B133A914
:102AB0000122B1EC017A0132944277EE877AF8DA9A
:102AC000029A0AB1F1EE677AC3ED017A2AE7FDEEC8
:102AD000C07A5C4617EE901A4AF82B10C2E6F1EE67
:102AE000666AB1EE477AF1EE677AC3ED006A83ED6C
:102AF000017AC3ED027A15E7B1EE477A83ED007AE9
:102B0000002CD4D1DEE7689A022A12DC002A17DCF6
:102B10007FF408AFDFED117AFEE604984FEA8008F3
:102B20004BE502297FF4ADADF7EE007A37EEC88AA7
:102B3000A7E5689A032A7FF4F5AEDFED087A7CE713
:102B4000029ADDED327A12B900221A60BCE74FF02A
:102B500000421A60B6E700BF2869060000000000C6
:102B600010EE102AC2F3C7537F3B162B22F0004110
:102B700029DC002B104618DB1A4919410A4221D0E2
:102B8000DFED197A70EE277AF5EEC07AF1EE10FAE1
:102B900018DD002A04DA4FF4000242FA03F3184465
:102BA00020EA010300EE103A7047DFED0F7A70EE75
:102BB000277AF5EEC07AF1EE10FA03DD002A08DB81
:102BC0009FED0A0A7047B1F1FF4FFBD330EE000AC8
:102BD0007047DFED077A0029BFEE000A08BFB0EEAC
:102BE000670A7047FFFF7F00CAF2497100000000CA
:102BF0000000008010EE103A33F000411A4627D052
:102C0000B1F1FF4F21D213F0FF4F22D1DFED2B7A2C
:102C10002B4A60EE277A904217EE903A33DB4CF263
:102C2000503CC3F3C75160451A46A1F1190116DDA6
:102C3000DFED247ADFED246A002BB0EE677AB8BFAF
:102C4000F0EE667A27EE870A704730EE000A70478A
:102C500070474CF2503C60454FEAD151E8DC0144EA
:102C6000FE29E5DC002915DC11F1160F19DB1931FD
:102C700022F0FF4242EAC15207EE902A9FED130A6A
:102C800027EE800A7047DFED127A07EE103A27EE42
:102C9000270A704722F0FF4242EAC15300EE103A81
:102CA0007047DFED0B7ADFED0B6A002BB0EE677A31
:102CB000B8BFF0EE667A27EE870A70470000004C36
:102CC000B03CFFFFCAF24971CAF249F1000000337B
:102CD0006042A20D6042A28D00F0D8B9012838BF31
:102CE000012010B50446204600F0C8F900B110BD1F
:102CF00000F006F808B900F0D1F98047F3E70000CA
:102D0000024B1868BFF35B8F704700BF6CF7002061
:102D100008B5064B044613B1002102F071F8044BCC
:102D20001B6803B19847204603F00CF9014E0500DB
:102D3000A8F80020242B2DE9F0478646904601D8BC
:102D4000012B06D100F0CCFD162303600020BDE866
:102D5000F08736480D462A4615F8014B065D16F0F9
:102D60000806F8D12D2C24D12C780126951C2BBBDC
:102D7000302C30D00A2306F1004C0CF1FF3C00222D
:102D8000BCFBF3F9104603FB19CAA4F13007092F65
:102D900028D83C46A34234DD571C07D081452DD3AB
:102DA00001D1A2452ADB00FB0340012215F8014BAB
:102DB000EBE72B2C04BF2C78951CD8E7102BDAD12D
:102DC000302CD8D12A7802F0DF02582AD3D16C787F
:102DD00010230235CFE72B7803F0DF03582BF6D012
:102DE0000823C8E7A4F14107192F01D8373CD1E7E0
:102DF000A4F16107192F04D8573CCBE74FF0FF32FD
:102E0000D4E7531C08D12223CEF800306046B8F135
:102E1000000F9CD0691E06E006B14042B8F1000FD9
:102E200095D0002AF6D1C8F8001090E76169060035
:102E3000FFF780BF13460A46014602480068FFF7C5
:102E400079BF00BF182C0020024B0344587800F0D3
:102E50000700704760690600024B0344587800F091
:102E60000400704760690600044B0344587800F082
:102E70000300431E58425841704700BF6069060076
:102E8000024B0344587800F0440070476069060024
:102E900070B50D4D0D4C641BA4100026A64209D13F
:102EA0000B4D0C4C03F050F8641BA4100026A642F6
:102EB00005D170BD55F8043B98470136EEE755F84B
:102EC000043B98470136F2E7DC2C0020DC2C002084
:102ED000DC2C0020E42C002010F8012B11F8013B21
:102EE000012A28BF9A42F7D0D01A7047034611F83A
:102EF000012B03F8012B002AF9D1704730B5144695
:102F0000002C9BB005461A4605DA8B2303604FF070
:102F1000FF301BB030BD4FF40273ADF80C3014BF5E
:102F200004F1FF332346029305934FF6FF7300919C
:102F30000491ADF80E3069461E9B01F08BF8431CDE
:102F4000BCBF8B232B60002CE3D0009B00221A70A7
:102F5000DFE7000007B5009313460A460146034821
:102F60000068FFF7CBFF03B05DF804FB182C0020CE
:102F70000028B8BF40427047C9B20346184613F84C
:102F8000012B12B18A42F9D17047002918BF0020E5
:102F900070470000034B1B5C03F00303012B08BFC9
:102FA0002030704761690600034B1B5C03F003038C
:102FB000022B08BF2038704761690600000000003E
:102FC00001F0FF01102A2BDB10F0070F08D010F8DA
:102FD000013B013A8B422DD010F0070F42B3F6D1DE
:102FE000F0B441EA012141EA014122F007047FF0F7
:102FF00000070023F0E80256083C85EA010586EA4E
:10300000010685FA47F5A3FA87F586FA47F6A5FA89
:1030100087F68EB9EED1F0BC01F0FF0102F0070295
:1030200032B110F8013B013A83EA010313B1F8D140
:103030000020704701387047002D06BF3546033821
:10304000073815F0010F07D1013015F4807F02BF5A
:10305000013015F4C03F0130F0BC0138704700BFAB
:103060000A44914200F1FF3300D1704710B511F8C6
:10307000014B03F8014F9142F9D110BD024B0146BB
:103080001868D5F7FABD00BF182C0020024B014686
:103090001868D5F7F5BD00BF182C002008B506202C
:1030A00001F03AFF012002F04DFF0028B8BF404276
:1030B000704730B50446257823460134002DFAD1F7
:1030C000541E12B930BD3CB1013C11F8012B03F87C
:1030D000012B002AF7D1F5E71C70F3E710B56AB1B0
:1030E0000139841810F8012B11F8013F9A4203D1DD
:1030F000A04201D0002AF5D1D01A10BD1046FCE73D
:1031000010B50139034632B111F8014F03F8014BF4
:10311000013A002CF7D11A440021934200D110BD8E
:1031200003F8011BF9E710B5024601448A42134631
:1031300003D01C780132002CF8D1181A10BD000001
:10314000002310B50446C0E90033C0E904338360AE
:1031500081814366C2818361194608225C3000F098
:10316000B7FC0D4B63620D4BA3620D4BE3620D4B3D
:1031700023630D4B24629C4206D003F16802944203
:1031800002D0D0339C4205D104F15800BDE8104074
:1031900000F0DABE10BD00BFFD3405002335050088
:1031A0005B3505007F35050070F70020024A0349B2
:1031B000034800F045BC00BF682C0020F94C050016
:1031C0001C2C002041680C4B994210B5044601D0DC
:1031D00001F092FDA168094B994202D0204601F00E
:1031E0008BFDE168064B994204D02046BDE81040B3
:1031F00001F082BD10BD00BF70F70020D8F700209D
:1032000040F8002010B50B4B0B4C0C4A1A602046BE
:1032100000220421FFF794FF04F168000122092134
:10322000FFF78EFF04F1D0000222BDE8104012210A
:10323000FFF786BFA8F8002070F70020AD31050029
:10324000014800F083BE00BFD3F80020014800F021
:103250007FBE00BFD3F8002010B50446FFF7F0FF93
:10326000236A1BB1BDE81040FFF7F0BF044B236297
:10327000044B1B68002BF5D1FFF7C4FFF2E700BF3A
:10328000C5310500A8F80020034613F8012B002AD9
:10329000FBD1181A013870472DE9F7431D46574BEB
:1032A0001F6804460E46904627B13B6A13B938465C
:1032B000FFF7D2FFB8F1020F06D0B8F1010F00F20C
:1032C0009A80002DC0F29780636ED90705D4A38938
:1032D0009A0502D4A06D00F039FE2146384601F06F
:1032E0000BFD616B41B104F14403994202D03846B1
:1032F000D5F7C6FC002363630023A3616360A38941
:103300001B0603D521693846D5F7BAFCA38923F4F7
:103310004A6323F00303B8F1020FA38161D001AB2C
:103320006A462146384600F014FEA3891843A0815E
:103330002DBB009D2846FFF7A1FE0646002852D16E
:10334000DDF80090A94540D14FF0FF35B4F90C30BD
:1033500043F00202A2810022A26004F1470222602F
:10336000226101226261626ED60704D4980502D4FC
:10337000A06D00F0EDFD284603B0BDE8F083002EFF
:10338000D8D03B6A13B93846FFF766FFB8F1010F92
:1033900008BFA389266004BF43F00103A381B4F9E9
:1033A0000C3013F00802C4E904651ED0D90741BFF0
:1033B00000226D42A260A56158BFA560626ED2076F
:1033C00001D49B0513D50025D5E74846FFF756FEE7
:1033D00006460028B8D0A38943F08003A3814D4658
:1033E000CFE70025B2E7A946F5E7A260E6E7A06DC2
:1033F00000F0AEFDE7E74FF0FF35BCE7182C0020EA
:103400000CB430B5174B0C1E1D689DB008DA8B2329
:103410002B604FF0FF301DB0BDE8304002B0704768
:103420004FF40273ADF8143014BF04F1FF33234698
:10343000049307934FF6FF7302900690ADF8163091
:10344000209A21AB02A92846019300F003FE431CF9
:10345000BCBF8B232B60002CDDD0029B00221A7096
:10346000D9E700BF182C00200EB400B59CB01DABEE
:10347000029006906FF000410948079104910949B4
:1034800053F8042B05910068019302A900F0E2FDB6
:10349000029B00221A701CB05DF804EB03B0704769
:1034A000182C00200802FFFF0EB430B59CB01FACF2
:1034B0004FF4017254F8045BADF8142002900690AA
:1034C000FFF7E2FE0B4B039007900B930A48019421
:1034D00000230F9314934FF6FF73ADF816302A466E
:1034E000234602A9006800F009FF1CB0BDE8304087
:1034F00003B070471F350500182C002010B50C468E
:10350000B1F90E1001F038FD0028ABBF636DA3893F
:103510001B1823F48053ACBF6365A38110BD00204A
:1035200070472DE9F0411F468B89DB0505460C46A7
:10353000164605D5B1F90E100223002201F00AFD4E
:10354000A389B4F90E1023F48053A38132463B467D
:103550002846BDE8F04100F0B1B910B50C46B1F90C
:103560000E1001F0F7FC431CA38915BF606523F41E
:10357000805343F48053A38118BFA38110BDB1F9D8
:103580000E1001F025BB002301461A46184601F033
:10359000DBBB00002DE9F0414D4A0C460023D0E989
:1035A000000101F051FE002ABCBF02F5A83202F56D
:1035B000C0724FF4616100F52F20B2FBF1F301FB03
:1035C00013224FF03C01ACBF00F66C2000F66B20DC
:1035D000A360B2FBF1F301FB132263602260C31C02
:1035E000072293FBF2F2C2EBC2029B1A394955D56E
:1035F0000733A361A0F50E33A3F52C7393FBF1F110
:10360000354B03FB010048F6AC63B0FBF3F3034416
:1036100040F2B45CB0FBFCF29B1A40F26D172F4AEB
:10362000B0FBF2F264269B1AB3FBF7F2B3FBFCF398
:10363000B2FBF6F5EB1A034407FB1233992003EBB8
:103640008307023703F1010EB7FBF0FC00FB0CF01F
:1036500002304FF00508B0FBF8F0AEEB000040F28E
:10366000F95E77458CBF6FF00907022767444FF476
:10367000C87C0CFB0121012F98BF0131B3F5997F64
:1036800012D3A3F59973E361A1F26C710023E0609A
:10369000C4E9047123622046BDE8F0810028A361DB
:1036A000A8DB90FBF1F1ABE712F0030F02D106FBB0
:1036B00015255DB94FF4C875B2FBF5F605FB16226A
:1036C000B2FA82F252093B331344DCE70122FAE7F3
:1036D00080510100B13A02004FC5FDFFB03A02002F
:1036E0002DE9F0410C46804601F01EFC21460546BE
:1036F0004046FFF74FFF43699907044603F26C7792
:1037000006D1642297FBF2F302FB1373002B70D1F6
:103710004FF4C87297FBF2F302FB1373B3FA83F30F
:103720005B09644E302202FB036600F0D9F900F019
:10373000E3F9614B1B68002B6AD06B68BB425AD11E
:103740002F68D8E90023D5E90801002F5BD1824218
:1037500073EB01015EDB012323622B6D61684FF483
:10376000616293FBF2F002FB10333C2293FBF2F513
:1037700002FB153223689B1AA2682360491B121AA8
:103780003B2B6160A26051DD013161603C3B2360F5
:1037900063683B2B50DD0132A2603C3B6360A36851
:1037A000172B4FDDE2690132E261A2690132072A7B
:1037B000A8BF0022A261E268183B0132A36023691E
:1037C000E26056F823108A420EDD0B2BA2EB0102B9
:1037D000E26003F1010209BF636922610022013343
:1037E00002BF22616361E26100F080F92046BDE81A
:1037F000F081012395E7384600F078F800289FD142
:103800004FF0FF3304E0824273EB010102DA002340
:10381000236209E0D5E9120182428B41B4BF012342
:1038200000232362002B98D1AB6A97E7002BAFDA15
:10383000013961603C33AAE7002BB0DA013AA2609B
:103840003C33ABE7002BCFDAE269013AE261A269CF
:10385000013A48BF0622A261E2681833013AE260E9
:10386000A360002AC0D12369013B05D423612369E9
:1038700056F82330E360B7E70B23236163695A1ED0
:103880006261920703F26B7305D1642193FBF1F23D
:1038900001FB123262B94FF4C87293FBF2F102FBE2
:1038A0001133B3FA83F35B0903F5B673E361DEE723
:1038B0000123F9E7646A0600CCF8002038B5074D0B
:1038C00004460846114600222A601A4602F032FBDE
:1038D000431C02D12B6803B1236038BDD4F800200B
:1038E000014B1868704700BF182C00202DE9F047E5
:1038F000044601F019FB40F2B1739C4240F39980F9
:103900006FF4F667E519A4F2B27340F26D12AD10D0
:1039100002FB03556FF4C86C6FF06302A4F26D7381
:10392000454F93FBF2F31D444FF4C87204EB0C03B4
:103930004460B3FBF2F301461D4400F1500C0B7AD6
:103940004A694A2B33D1A60705EB020306D14FF093
:10395000640E94FBFEF60EFB164636B94FF4C87E95
:1039600094FBFEF60EFB1646FEB93B2AD4BF00229E
:1039700001221344013B8A69D617C3FB07268B6AD1
:10398000D21846EBE373C1E9082328318C45D6D120
:10399000D0E90843D0E912128C429341B4BF01230D
:1039A000002303600120BDE8F0870022E1E7442BFB
:1039B00001D1AB18DFE7A30705D1642694FBF6F32A
:1039C00006FB13437BBB4FF4C87394FBF3F603FB76
:1039D0001646B6FA86F67609DFF860E0D1F80C9064
:1039E0004FF0300A2B464FF000080AFB06E608F1BC
:1039F0000108C14556F828E017DC03F10408072642
:103A000098FBF6F6C6EBC606A8EB0606921B0E69F7
:103A100006F1FF3648BF0732C6EBC6063244724590
:103A200005DA1344A7E70126D6E77344DFE7073A30
:103A3000F5E70020B7E700BF80510100606A06008B
:103A40002DE9F8430746884614460026D4E9019537
:103A5000B9F1010905D52468002CF7D13046BDE83D
:103A6000F883AB89012B07D9B5F90E30013303D0A8
:103A700029463846C04706436835E9E710B501399D
:103A80000244904201D1002005E0037811F8014F73
:103A9000A34201D0181B10BD0130F2E7884210B5D7
:103AA00001EB020402D98442234607D8431EA142F7
:103AB00008D011F8012B03F8012FF8E70244014662
:103AC0008A4200D110BD13F8014D02F8014DF7E70D
:103AD00002440346934200D1704703F8011BF9E703
:103AE000014800F032BA00BFD0F80020014800F0D1
:103AF0002EBA00BFD0F80020014B186800F002B8C1
:103B0000182C00202DE9F04F8DB0074601F00CFA7B
:103B1000BC49BD4D0446384601F082FB064610BB49
:103B2000BA4BBB4A1860BB4BA0621860BA4B206509
:103B3000C3E900224A2100220023C4E90300C4E9AA
:103B40000500C4E90D00C4E90F00C4E90823C4E975
:103B500012232868217284F83010FFF797FA2E603C
:103B60000DB0BDE8F08F2968002940F08E802868EC
:103B7000FFF78CFA3046FFF787FB411C3846D5F734
:103B80007CF82860002840F08680A24ADFF888820E
:103B9000DFF878A200231360A04ACAF800300020A2
:103BA0000021C8E90022C4E90333C4E90533C4E9AC
:103BB0000801C4E90D33C4E90F33C4E912014A22F4
:103BC0002272A36284F83020236533783A2B08BF31
:103BD000013633783C2B62D1751C914A91490AAB6E
:103BE0002846FFF761FC0028BADD0A9BDA1E072A87
:103BF000B6D8EB5C3E2BB3D102360A9BF518F35CCA
:103C00002D2B5AD101354FF0FF390023ADF81E306E
:103C1000ADF8203008AF0AABCDE9013703930DF1C1
:103C20001E03009380490AAB07AA2846FFF73CFC15
:103C3000002895DDBDF81E30BDF820603C2202FB57
:103C40000366BDF81C304FF4616202FB03660A9BF9
:103C500009FB06F605EB0309EB5C3C2B40F0EE801C
:103C600009F10105714A6F490AAB2846FFF71CFCB0
:103C7000002828DC99F801303E2B24D1684BA6623D
:103C8000C8E90033CAF800606AE7FFF725F90028A1
:103C90007FF46DAF64E73146FFF728F975E7604AB6
:103CA00063490AAB3046FFF7FFFB00287FF758AFA8
:103CB0000A9B033B072BA0D952E72B2B08BF0135EA
:103CC0004FF00109A1E70A9BDA1E072A3FF648AF29
:103CD000EB5C3E2B7FF444AF09F102090A9B09EB30
:103CE000030519F803302D2B40F0B78001354FF054
:103CF000FF390023ADF81C30ADF81E30ADF8203090
:103D00000A930AABCDE9027301930DF11E030093F0
:103D100045490AAB07AA2846FFF7C6FB002800F36F
:103D2000A280A6F5616304930A9B27461D444FF0C9
:103D3000000B2B782C2B08BF013595F80090B9F1BA
:103D40004D0F40F0A3800AAB0DF12602CDE9013200
:103D500009AA0092374903930DF122022846FFF782
:103D6000A3FB03287FF4FCAEBDF822104B1E0B2BE7
:103D70003FF6F6AEBDF82420531E042B3FF6F0AEFE
:103D8000BDF82630062B3FF6EBAEC7E9031287F8E5
:103D900008907B610A9B05EB030900254FF00203A5
:103DA000ADF81C30ADF81E50ADF820500A9599F8CA
:103DB00000302F2B40F096800AAB08AACDE90132E3
:103DC0000DF11E0200921C49039307AA4846FFF713
:103DD0006BFBA84200F386804A2100220023C4E93D
:103DE0000355C4E90555C4E90823C4E90D55C4E9E0
:103DF0000F55C4E912232172A56284F8301025659D
:103E0000AEE600BFC46A0600ACF80020C8F8002087
:103E1000C76A0600CCF80020742C0020B5610500AC
:103E2000BCF80020CB6A0600006B0600B0F800204A
:103E3000DE6A0600EC6A0600FF6A06003E4A3F4959
:103E40000AAB4846FFF730FB00287FF717AF0A9B05
:103E5000033B072B7FF642AF82E62B2B08BF0135D1
:103E60004FF0010945E7BDF81E20BDF820303C2188
:103E700001FB0233BDF81C204FF4616101FB0233EA
:103E800009FB03F34FE74FF0010B52E7B9F14A0F7B
:103E900006BF01354B4644230A220BA92846059349
:103EA00001F078F9DDF82C90059BADF82600A945C6
:103EB00014D14D23BBF1000F07D12372032102233C
:103EC000C4E90313C4F814B067E784F830300B2258
:103ED0000123C4E90D230023E3635EE780B23B7254
:103EE00078615AE7BDF81E20BDF820303C2101FB67
:103EF0000233BDF81C204FF4616101FB0233BB614A
:103F00000A9D28374D44BBF1000FBCD0049B2365AC
:103F10000B4BC8F800306068074BA662C8F8043045
:103F2000FFF7E4FCA26A236DCAF800209B1A054A39
:103F300018BF0123136013E6B0F80020DE6A060004
:103F4000BCF80020CCF800207047704770477047DD
:103F5000704770B50C46B1F90E10002996B01546A1
:103F60001E460DDAA38913F0800F4FF0000114BF35
:103F700040234FF48063002031602B6016B070BD89
:103F80006A4600F0D5FF0028ECDB019901F470418E
:103F9000A1F50053594259414FF48063EBE72DE9F5
:103FA000F0478E681F46BE420B6882460C4690461C
:103FB0002DD8B1F90C2012F4906F26D065690969EB
:103FC00005EB4505A3EB010905EBD5757B1C4B44BF
:103FD0006D109D4238BF1D46530527D52946D4F79D
:103FE0004CFE064660B321694A46FFF739F8A389BB
:103FF00023F4906343F08003A381266165614E44FE
:10400000A5EB09052660A5603E46BE4200D93E46A6
:10401000206832464146FFF741FDA3689B1BA36021
:104020002368334423600020BDE8F0872A46D4F794
:104030002BFE06460028E0D121695046D4F720FE29
:104040000C23CAF80030A38943F04003A3814FF04A
:10405000FF30E9E72DE9F04F98468B891B069DB0AC
:1040600007460D46144610D50B6973B94021D4F7A5
:1040700004FE2860286130B90C233B604FF0FF300C
:104080001DB0BDE8F08F40236B610023099320230E
:104090008DF82930CDF80C803023DFF89C818DF825
:1040A0002A304FF0010923469A4613F8012B0AB132
:1040B000252AF9D1BAEB040B0BD05B4622462946E0
:1040C0003846FFF76CFF013000F0A780099A5A4488
:1040D00009929AF80030002B00F09F8000234FF0E7
:1040E000FF32CDE905230AF1010A049307938DF805
:1040F00053301A935446052214F8011B4E48FEF71C
:104100005FFF049AD8B9D00644BF20238DF85330FE
:10411000110744BF2B238DF853309AF800302A2B17
:1041200015D0079A544600204FF00A0C214611F88A
:10413000013B303B092B4BD9B0B1079214E0A0EB07
:10414000080309FA03F313430493A246D2E7039B3F
:10415000191D1B680391002BBBBF5B4242F002029A
:1041600007930793B8BF049223782E2B0AD1637864
:104170002A2B32D1039B1A1D1B68039243EAE37377
:1041800002340593DFF8C0A0217803225046FEF7E1
:1041900017FF38B1049BA0EB0A0040228240134372
:1041A0000134049314F8011B24488DF828100622CA
:1041B000FEF706FF002836D0214B1BBB039B0733BD
:1041C00023F0070308330393099B334409936AE7F9
:1041D0000CFB02320C460120A8E7002301340593B2
:1041E00019464FF00A0C204610F8012B303A092AE4
:1041F00003D9002BC6D00591C4E70CFB012104466E
:104200000123F0E703AB00932A460E4B04A938467E
:10421000AFF30080421C0646D6D1AB895B063FF562
:104220002DAF09982CE703AB00932A46054B04A950
:10423000384600F047FAEDE7126B06001C6B0600EB
:10424000000000009F3F0500186B060038B54B1CAE
:10425000144603D14FF0FF35284638BD938923F02B
:10426000200393815368526BCDB28AB1A26B9A42FC
:1042700008DD23685A1E226003F8015C636801337D
:104280006360E9E7214600F0D7FE0028F1D0E1E7BE
:104290002169226841B1914206D212F8011CA9425B
:1042A00002D1013A2260EAE7C4E90F2304F1440392
:1042B00063630323A363234603F8465F236001235C
:1042C000DEE710B50C46496B69B104F1440399422D
:1042D00001D0D4F7D5FC236C63600020606313B178
:1042E000E36B236010BD2369236000236360A3890F
:1042F00043F02003A3814FF0FF30F3E72DE9F047AF
:104300000C46ADF5227D0021CDE94411A649A091CE
:104310000DF10408A549A64FCDF818810646A191D4
:1043200000931378002B00F05A81F95C11F008011A
:1043300002F1010519D06368002B0FDD23681A789C
:10434000BA5C120701D42A46EBE7459A013245923E
:1043500062680133013A62602360ECE7A19B214669
:10436000304698470028E9D0EDE7252B12D0994632
:104370006368002B40F39380226813784B4540F02C
:104380002E816368013B6360459B013201332260EB
:104390004593D8E74191439153782A2B02BF1023CC
:1043A000951C41930A22A94619F8011BA1F130037B
:1043B000092B1ED9DFF8FCA103225046FEF700FEB0
:1043C00038B1419AA0EB0A00012383401343419383
:1043D0004D4615F8013B782B06D8572B10D8252BC6
:1043E000C5D057D8002B65D0032347930A234293A7
:1043F0006BE0439B02FB0311303943914D46D2E7FA
:10440000A3F15802202AEFD801A151F822F000BFF1
:10441000FF440500E9430500E94305002145050087
:10442000E9430500E9430500E9430500E9430500C8
:10443000E9430500E9430500E94305003745050068
:104440001D4505009B4405009B4405009B44050059
:10445000E943050011450500E9430500E94305006E
:10446000E9430500E94305004745050019450500F6
:10447000BB440500E9430500E94305004345050049
:10448000E94305001D450500E9430500E943050032
:10449000FF440500453B022BA6D8052314E0A19B51
:1044A00021463046984700283FF466AF44980028DC
:1044B00040F08D804FF0FF308DE0419B43F4087356
:1044C000419310234293042347936368002B48DDF4
:1044D000419B590604D423681A78BA5C120747D462
:1044E000479B022B56DC6B46224641A9304600F022
:1044F00015FA012873D002287FF425AFD6E7419A38
:1045000042F40072419210226E2B429202D9DAE7F5
:10451000002342930323D7E70823D3E70A22F3E7D4
:104520002946404600F03AFD419B43F04003419349
:1045300005460123C8E7419B43F040034193002314
:10454000C2E70223C0E74198C3063FF5FCAE009BDB
:10455000459A191D00911B68C0074CBF1A801A604C
:10456000F1E6A19B2146304698470028B0D09DE750
:10457000459A013245926268013A002A626002DD82
:1045800001332360A7E7A19B2146304698470028C6
:10459000A1D08BE7042B0FDC6B46224641A93046A5
:1045A00000F016FAA5E700BF4D420500C342050022
:1045B00061690600186B06000A4B002B3FF4C3AE7E
:1045C0006B46224641A93046AFF3008091E7A389AC
:1045D0005B063FF56FAF0DF5227DBDE8F08744988F
:1045E000F9E700BF000000002DE9F04716469846A5
:1045F0008A680B69DDF820909342B8BF1346336098
:1046000091F8432007460C460AB101333360236812
:10461000990642BF336802333360256815F00605FA
:1046200006D104F1190AE36832689B1AAB4226DC12
:1046300094F843302268003B18BF012392062BD424
:1046400004F1430241463846C84701301ED0236872
:10465000226903F00603042B02BFE5683368ED1AF4
:10466000A3680CBF25EAE57500259342C4BF9B1AD9
:10467000ED1800261A34B5421AD1002008E00123B3
:10468000524641463846C847013003D14FF0FF300B
:10469000BDE8F0870135C6E7E1185A1C302081F8E3
:1046A0004300224494F8451082F843100233C7E7D0
:1046B0000123224641463846C8470130E6D001363C
:1046C000D9E700002DE9FF470F7E0C9E782F914619
:1046D00080460C469A4601F1430207D8622F0AD859
:1046E000002F00F0DD80582F00F0C38004F1420657
:1046F00084F842703AE0A7F16303152BF6D801A1C4
:1047000051F823F05D47050071470500ED460500AF
:10471000ED460500ED460500ED4605007147050034
:10472000ED460500ED460500ED460500ED460500A9
:1047300087480500FF4705003F480500ED46050096
:10474000ED460500A9480500ED460500FF470500B8
:10475000ED460500ED4605004748050033681A1D83
:104760001B68326004F1420684F842300123A8E05D
:1047700031682368081D30601E0601D50D6803E00E
:104780005D06FBD5B1F900506168002D78DA2D2067
:10479000002984F84300A1602DDA5E486D420A23A7
:1047A0001646B5FBF3F103FB1157C75D06F8017D13
:1047B0002F46BB420D46F4D9082B0BD12368DF07E7
:1047C00008D5236961689942DEBF302306F8013CB1
:1047D00006F1FF36921B2261CDF800A04B4603AADA
:1047E00021464046FFF700FF01306FD14FF0FF3008
:1047F00004B0BDE8F08723F004032360CDE721680F
:104800003368080653F8045B02D4490648BFADB2CA
:104810006F2F4048336014BF0A230823002184F817
:1048200043106668A660002EBADB216821F00401FF
:104830002160002DB4D1002EB2D11646BCE723680A
:1048400043F0200323603448782784F845702368B8
:1048500031681F0651F8045B02D45F0648BFADB251
:104860003160D90744BF43F0200323601DB11023FA
:10487000D4E72848E9E7236823F020032360F6E71C
:1048800024480A23CDE7336825686169181D306024
:104890002E061B6801D5196002E06806FBD5198059
:1048A00000232361164697E733681A1D32601E689D
:1048B000626800213046FEF783FB08B1801B606010
:1048C00063682361002384F8433085E72369324617
:1048D00049464046D047013088D023689B0714D40E
:1048E000E068039B9842B8BF184681E7012332462F
:1048F00049464046D04701303FF478AF0135E36880
:1049000003995B1AAB42F1DCEAE7002504F11906D2
:10491000F5E700BF236B0600346B06002DE9F84372
:1049200015468A6880460C4632B98A69002A14BF47
:104930004FF0FF3201228A602268DFF89090D106A2
:104940005FBF1A68111D196016680027A06988B139
:10495000012807D12B681A7863699B5C53B9002F33
:1049600031D022E0022820D12B681B7819F80330BF
:104970001B071AD42368DA065EBF2B681B7806F87B
:10498000013B2A686B6801322A60A268013B013A48
:104990006B600137A26042B1002BD7DCD4F88031C4
:1049A0002946404698470028D0D0236813F01003CA
:1049B00005D1E2680132E260A26902B13370236975
:1049C0003B4423610020BDE8F88300BF6169060015
:1049D0002DE9F04F98467A4B0C468246164693E8EE
:1049E000070087B003AB83E80700764BA169764ADE
:1049F000032908BF1A46A36801925A1EB2F5AE7F7A
:104A000088BF6FF4AE75274682BF03EB050940F2FD
:104A10005D13A36057F81C3B43F4506398BF4FF0FD
:104A2000000923603D464FF0000B316803AB097865
:104A300053F82B000222FEF7C3FA002840D0BBF146
:104A4000010F12D162682AB92268082142F400726B
:104A500061602260226822F4A0622260A268511E76
:104A6000A160DAB94FF0020BDFE7BBF1020F06D00D
:104A7000A268511EA1608AB94FF0010BD5E72268E8
:104A800002F4C061B1F5007F1FD142F48072226050
:104A9000A26810216160511EA160B2B13268511C40
:104AA0003160127805F8012B7268013A002A7260B1
:104AB00006DCD4F88021314650469047002874D156
:104AC0000BF1010BBBF1030FAFD163680BB90A23E4
:104AD000636063683D496069C91A00F05FFA4FF08E
:104AE000000BA368226873B33168606991F800C055
:104AF00010F80C0038B3BCF1300F16D1100514D5E6
:104B00000BF1010BB9F1000F03D0013309F1FF39AB
:104B1000A3607368013B002B73600DDD33680133C4
:104B20003360A368013BA360DBE722F410622260DC
:104B30000B7805F8013BECE7D4F88031314650465C
:104B400098470028EDD02368D9050DD5BD4209D975
:104B500015F8011CD4F87C3132465046984705F1CF
:104B6000FF394D46BD4228D0226812F0100213D101
:104B70002A706368019E39465046B047D8F8003025
:104B800021681A1DC8F8002011F0200F1B680FD0F3
:104B90001860E3680133E3602369ED1B5D442B4437
:104BA0002361002007B0BDE8F08F4FF0000BCAE78B
:104BB000CA074CBF18801860EBE70120F2E700BF7E
:104BC000606B0600312E050091510500556B060003
:104BD00038B5064D0023044608462B6001F07AF9EB
:104BE000431C02D12B6803B1236038BDD4F80020E8
:104BF000B1F90C202DE9F041170705460C4656D4B3
:104C00004B68002B02DC0B6C002B3DDDE66A002EAE
:104C10003AD0002312F480522F68216A2B6025D0ED
:104C2000626DA389580705D56368D21A636B0BB10F
:104C3000236CD21A216AE66A00232846B047411C39
:104C400024D00023636023692360A389DA0400D59C
:104C50006065616B2F60B9B104F14403994202D0E1
:104C60002846D4F70DF8002363630DE0012328469E
:104C7000B047461C0246D4D12B68002BD1D01D2B47
:104C800001D0162B2BD12F6000202FE02A68B4F919
:104C90000C3042B11D2A01D0162A22D100236360B4
:104CA00023692360D5E7626022692260CEE70F693D
:104CB000002FE9D093070E6808BF4B690F6018BF3B
:104CC0000023A6EB07088B60B8F1000FDCDD216A3A
:104CD000A66A43463A462846B047002808DCB4F99D
:104CE0000C3043F04003A3814FF0FF30BDE8F0816A
:104CF0000744A8EB0008E7E738B50B6905460C4602
:104D000013B90025284638BD18B1036A0BB9FEF760
:104D1000A3FAB4F90C30002BF3D0626ED00704D4A0
:104D2000990502D4A06DFFF711F928462146FFF737
:104D30005FFF636EDA070546E4D4A3899B05E1D4DF
:104D4000A06DFFF705F9DDE72DE9F843274D07468C
:104D5000286891460E469846FFF7F8F8244A1468EA
:104D60003CB9244B1360244A12B11268C3F888205E
:104D7000204C63681F2B06DD2868FFF7E9F84FF029
:104D8000FF30BDE8F8832FB3D4F8880068B91B4B17
:104D9000002BF1D04FF48470FEF770F90028EBD0AF
:104DA0000023C0E94033C4F88800636840F82390CA
:104DB00001229A4000EB8301D0F800311343C0F880
:104DC0000031022FC1F8808002BFD0F804311343B4
:104DD000C0F80431636828685A1C0233626044F8E2
:104DE0002360FFF7B5F80020CBE700BF7C2C002044
:104DF00064F90020D8F80020000000007D30050094
:104E00002DE9F74FDFF8B8800190D8F80000DFF8FF
:104E1000B4900F46FFF79AF8D9F8006036B9D8F881
:104E2000000003B0BDE8F04FFFF792B87568D6F800
:104E300088B06C1E013506EB85050BF1800A002C4D
:104E4000EDDB7FB1BBF1000F02D1013C043DF6E781
:104E50005AF82420BA4205D0013C631CA5F1040590
:104E6000F0D1DCE771682A680139A14216BF002140
:104E700074602960002AE8D073680093BBF1000FCA
:104E800007D0DBF80011012303FA04FC1CEA010F30
:104E900009D190477168009BD9F800209942BBD195
:104EA0009642D2D0B8E7DBF804015BF824101CEA84
:104EB000000F02D101989047ECE708469047E9E7D8
:104EC0007C2C002064F900201F2938B505460C46CB
:104ED00004D9162303604FF0FF3038BDC26B12B106
:104EE00052F821304BB9284600F0A4F8224601467A
:104EF0002846BDE8384000F08BB8012B0AD0591C79
:104F000003D1162303600120E7E7002142F82410B3
:104F1000204698470020E0E7024B01461868FFF75B
:104F2000D3BF00BF182C002000487047802C002001
:104F300038B5074D00230446084611462B6000F0A3
:104F4000D1FF431C02D12B6803B1236038BD00BFE1
:104F5000D4F8002038B5074D044608461146002213
:104F60002A601A4600F0D6FF431C02D12B6803B119
:104F7000236038BDD4F8002038B5074D04460846F4
:104F8000114600222A601A4600F0CCFF431C02D1D1
:104F90002B6803B1236038BDD4F8002070B50B78BE
:104FA00004465E2B0BBF4B784A1C8A1C002108BFAD
:104FB0000121013804F1FF0500F8011FA842FBD1CF
:104FC0000BB9501E70BD81F00101E154104602463C
:104FD00012F8015B2D2D05D05D2D16D0002DF1D0DE
:104FE0002B46F2E746785D2EFAD0B342F8DC023069
:104FF0001A4601329642A154FBDCF21A013A5D1CBA
:10500000B342A8BF0022AB18E1E71046DAE7000080
:1050100038B5074D00230446084611462B6000F0C2
:1050200071FF431C02D12B6803B1236038BD00BF60
:10503000D4F8002000F05EBF2DE9F0410C46496B2A
:1050400004F1440399421DD14FF48061D3F715FE5A
:1050500018B94FF0FF30BDE8F0814FF48063A363CF
:1050600094F84630606380F8FF3394F8453080F858
:10507000FE3394F8443080F8FD3300F2FD302060B8
:105080000020E8E7A66B77003A46D3F7FDFD05461A
:105090000028DED000EB0608014632464046FDF708
:1050A000DFFFC4E90D57C4F80080E9E72DE9F043BC
:1050B000364E86460D46284615F8014B375D17F0EB
:1050C0000807F8D12D2C26D12C780127851C3BBB55
:1050D000302C32D00A234FF0FF380026B8FBF3F80B
:1050E00003FB08F96FEA09093046A4F1300CBCF162
:1050F000090F29D86446A34237DDB6F1FF3F07D038
:1051000080452FD301D1A1452CDB00FB03400126B4
:1051100015F8014BE9E72B2C04BF2C78851CD6E74A
:10512000102BD8D1302CD6D1287800F0DF005828A9
:10513000D1D16C7810230235CDE72B7803F0DF0353
:10514000582BF6D00823C6E7A4F1410CBCF1190F87
:1051500001D8373CCFE7A4F1610CBCF1190F04D89A
:10516000573CC8E74FF0FF36D2E7731C06D1222325
:10517000CEF80030304632B9BDE8F08307B1404286
:10518000002AF9D006B1691E1160F5E761690600D1
:10519000FFF78CBF13460A46014602480068FFF736
:1051A00085BF00BF182C00202DE9F84FDFF86CA058
:1051B00006468946174600F03BF8DAF8004034B15D
:1051C0004B46984613F8012B3AB13D2AF9D13046A7
:1051D00000F034F80020BDE8F88FA8EB0908A346DA
:1051E00054F8040B0028F2D042464946FDF776FFFA
:1051F0000028F4D154F8043C03EB080513F80830F8
:105200003D2BECD1DAF80030ABEB03039B103046BA
:105210003B6000F013F8681CDDE700BFD82C0020CD
:1052200007B501AAFFF7C0FF03B05DF804FB00005B
:105230000148FEF78BBE00BFD1F800200148FEF701
:1052400087BE00BFD1F800207BB972B90029BEBF6C
:1052500000204FF0004106E008BF00281CBF6FF09F
:1052600000414FF0FF3000F09DB9ADF1080C6DE941
:1052700004CE002909DB002B1ADB00F035F8DDF83D
:1052800004E0DDE9022304B07047404261EB4101D4
:10529000002B1BDB00F028F8DDF804E0DDE9022339
:1052A00004B0404261EB4101524263EB430370475B
:1052B000524263EB430300F017F8DDF804E0DDE948
:1052C000022304B0404261EB41017047524263EB5C
:1052D000430300F009F8DDF804E0DDE9022304B03F
:1052E000524263EB430370472DE9F047089D0C469B
:1052F000002B4ED194468C458646B2FA82F262D992
:105300004AB1C2F12003914020FA03F30CFA02FCE7
:10531000194300FA02FE4FEA1C471FFA8CF6B1FB54
:10532000F7F44FEA1E4307FB141143EA014304FB61
:1053300006F199420AD91CEB030304F1FF3080F017
:105340001281994240F20F81023C6344591A1FFABC
:105350008EF3B1FBF7F007FB101143EA014300FBAA
:1053600006F69E420AD91CEB030300F1FF3180F0E0
:10537000FC809E4240F2F980634402389B1B40EA65
:10538000044000211DB1D3400022C5E90032BDE830
:10539000F0878B4205D90DB1C5E90001002108460F
:1053A000F5E7B3FA83F1002946D1A34202D3904234
:1053B000C0F0F080861A64EB03030120002DE6D0D4
:1053C000C5E90063E3E7002A40F09080A1EB0C04FC
:1053D0004FEA1C481FFA8CF70121B4FBF8F64FEA9C
:1053E0001E4308FB164443EA044307FB06F09842B9
:1053F00008D91CEB030306F1FF3402D2984200F2F5
:10540000CD8026461C1A1FFA8EF3B4FBF8F008FB79
:10541000104443EA044300FB07F79F4208D91CEB02
:10542000030300F1FF3402D29F4200F2B080204615
:10543000DB1B40EA0640A5E7C1F120068B4022FABB
:1054400006F71F4320FA06FC04FA01F343EA0C03B3
:10545000F44000FA01F8380C4FEA1349B4FBF0FEAF
:105460001FFA87FC00FB1E4449EA04440EFB0CF9BA
:10547000A14502FA01F20AD93C190EF1FF3A80F077
:105480008480A14540F28180AEF1020E3C44A4EB41
:1054900009041FFA83F9B4FBF0F300FB134449EA53
:1054A000044403FB0CFCA44507D93C1903F1FF306D
:1054B00067D2A44565D9023B3C4443EA0E40A0FBB9
:1054C0000293A4EB0C049C42CE469C4651D34ED092
:1054D00055B1B8EB0E0364EB0C0404FA06F6CB40AE
:1054E0001E43CC40C5E90064002150E7C2F120030F
:1054F00020FA03F10CFA02FC24FA03F394400C4363
:105500004FEA1C4800FA02FE1FFA8CF7B3FBF8F0D2
:1055100008FB1031230C43EA014300FB07F19942D9
:1055200008D91CEB030300F1FF362CD299422AD98B
:10553000023863445B1AA4B2B3FBF8F108FB1133E1
:1055400044EA034401FB07F3A34208D91CEB04041B
:1055500001F1FF3613D2A34211D902396444E41A8F
:1055600041EA004139E70446F0E6084606E7C84547
:10557000AED2B9EB020E63EB070C0138A8E7314657
:10558000EDE7034699E73046D4E7D6467FE7634424
:1055900002384DE70646234608460FE7023E6344BD
:1055A00030E700BF704700BF81F0004102E000BF5C
:1055B00083F0004330B54FEA41044FEA430594EAD3
:1055C000050F08BF90EA020F1FBF54EA000C55EA0E
:1055D000020C7FEA645C7FEA655C00F0E2804FEADF
:1055E0005454D4EB5555B8BF6D420CDD2C4480EAC1
:1055F000020281EA030382EA000083EA010180EAF1
:10560000020281EA0303362D88BF30BD11F0004F3E
:105610004FEA01314FF4801C4CEA113102D0404274
:1056200061EB410113F0004F4FEA03334CEA1333AF
:1056300002D0524263EB430394EA050F00F0A780C7
:10564000A4F10104D5F1200E0DDB02FA0EFC22FAC2
:1056500005F2801841F1000103FA0EF2801843FAB6
:1056600005F359410EE0A5F120050EF1200E012AA7
:1056700003FA0EFC28BF4CF0020C43FA05F3C018E5
:1056800051EBE37101F0004507D54FF0000EDCF15E
:10569000000C7EEB00006EEB0101B1F5801F1BD307
:1056A000B1F5001F0CD349085FEA30004FEA3C0C0B
:1056B00004F101044FEA445212F5800F80F09A8001
:1056C000BCF1004F08BF5FEA500C50F1000041EB05
:1056D000045141EA050130BD5FEA4C0C404141EB09
:1056E0000101013C28BFB1F5801FE9D291F0000F04
:1056F00004BF01460020B1FA81F308BF2033A3F1B3
:105700000B03B3F120020CDA0C3208DD02F1140CA9
:10571000C2F10C0201FA0CF021FA02F10CE002F1E4
:105720001402D8BFC2F1200C01FA02F120FA0CFCDD
:10573000DCBF41EA0C019040E41AA2BF01EB045126
:10574000294330BD6FEA04041F3C1CDA0C340EDC24
:1057500004F11404C4F1200220FA04F001FA02F367
:1057600040EA030021FA04F345EA030130BDC4F125
:105770000C04C4F1200220FA02F001FA04F340EA1A
:105780000300294630BD21FA04F0294630BD94F0CB
:10579000000F83F4801306BF81F480110134013DB2
:1057A0004EE77FEA645C18BF7FEA655C29D094EA23
:1057B000050F08BF90EA020F05D054EA000C04BFA1
:1057C0001946104630BD91EA030F1EBF002100208C
:1057D00030BD5FEA545C05D14000494128BF41F02B
:1057E000004130BD14F580043CBF01F5801130BD8F
:1057F00001F0004545F0FE4141F470014FF000001A
:1058000030BD7FEA645C1ABF194610467FEA655CCA
:105810001CBF0B46024650EA013406BF52EA03356C
:1058200091EA030F41F4002130BD00BF90F0000F5A
:1058300004BF0021704730B54FF4806404F1320496
:105840004FF000054FF0000150E700BF90F0000F4F
:1058500004BF0021704730B54FF4806404F1320476
:1058600010F0004548BF40424FF000013EE700BF46
:1058700042004FEAE2014FEA31014FEA02701FBFD6
:1058800012F07F4393F07F4F81F06051704732F008
:105890007F4208BF704793F07F4F04BF41F400215F
:1058A000704730B54FF4607401F0004521F00041BD
:1058B0001CE700BF50EA010208BF704730B54FF047
:1058C00000050AE050EA010208BF704730B511F048
:1058D000004502D5404261EB41014FF4806404F180
:1058E00032045FEA915C3FF4D8AE4FF003025FEA06
:1058F000DC0C18BF03325FEADC0C18BF033202EB8A
:10590000DC02C2F1200300FA03FC20FA02F001FAE3
:1059100003FE40EA0E0021FA02F11444BDE600BF86
:1059200070B54FF0FF0C4CF4E06C1CEA11541DBF35
:105930001CEA135594EA0C0F95EA0C0F00F0DEF800
:105940002C4481EA030621EA4C5123EA4C5350EAE5
:10595000013518BF52EA033541F4801143F4801336
:1059600038D0A0FB02CE4FF00005E1FB02E506F0C7
:105970000042E0FB03E54FF00006E1FB03569CF01C
:10598000000F18BF4EF0010EA4F1FF04B6F5007F22
:1059900064F5407404D25FEA4E0E6D4146EB060694
:1059A00042EAC62141EA55514FEAC52040EA5E501D
:1059B0004FEACE2EB4F1FD0C88BFBCF5E06F1ED8C7
:1059C000BEF1004F08BF5FEA500E50F1000041EBFE
:1059D000045170BD06F0004646EA010140EA0200AB
:1059E00081EA0301B4EB5C04C2BFD4EB0C0541EACD
:1059F000045170BD41F480114FF0000E013C00F3E2
:105A0000AB8014F1360FDEBF002001F0004170BD05
:105A1000C4F10004203C35DA0C341BDC04F114041E
:105A2000C4F1200500FA05F320FA04F001FA05F2AA
:105A300040EA020001F0004221F0004110EBD37077
:105A400021FA04F642EB06015EEA430E08BF20EAA3
:105A5000D37070BDC4F10C04C4F1200500FA04F346
:105A600020FA05F001FA04F240EA020001F00041D8
:105A700010EBD37041F100015EEA430E08BF20EA4B
:105A8000D37070BDC4F1200500FA05F24EEA020E93
:105A900020FA04F301FA05F243EA020321FA04F0C2
:105AA00001F0004121FA04F220EA020000EBD37079
:105AB0005EEA430E08BF20EAD37070BD94F0000F79
:105AC0000FD101F00046400041EB010111F4801FAD
:105AD00008BF013CF7D041EA060195F0000F18BF5E
:105AE000704703F00046520043EB030313F4801F9A
:105AF00008BF013DF7D043EA0603704794EA0C0F54
:105B00000CEA135518BF95EA0C0F0CD050EA410669
:105B100018BF52EA4306D1D181EA030101F00041E6
:105B20004FF0000070BD50EA410606BF104619460E
:105B300052EA430619D094EA0C0F02D150EA01361A
:105B400013D195EA0C0F05D152EA03361CBF10465B
:105B500019460AD181EA030101F0004141F0FE41FA
:105B600041F470014FF0000070BD41F0FE4141F47E
:105B7000780170BD70B54FF0FF0C4CF4E06C1CEA7E
:105B800011541DBF1CEA135594EA0C0F95EA0C0F33
:105B900000F0A7F8A4EB050481EA030E52EA0335EE
:105BA0004FEA013100F088804FEA03334FF080550F
:105BB00045EA131343EA12634FEA022245EA11153C
:105BC00045EA10654FEA00260EF000419D4208BFED
:105BD000964244F1FD0404F5407402D25B084FEA9A
:105BE0003202B61A65EB03055B084FEA32024FF446
:105BF00080104FF4002CB6EB020E75EB030E22BFA3
:105C0000B61A754640EA0C005B084FEA3202B6EB62
:105C1000020E75EB030E22BFB61A754640EA5C0011
:105C20005B084FEA3202B6EB020E75EB030E22BFA1
:105C3000B61A754640EA9C005B084FEA3202B6EBA2
:105C4000020E75EB030E22BFB61A754640EADC0061
:105C500055EA060E18D04FEA051545EA16754FEAC3
:105C600006164FEAC30343EA52734FEAC2025FEAE1
:105C70001C1CC0D111F4801F0BD141EA00014FF070
:105C800000004FF0004CB6E711F4801F04BF014341
:105C90000020B4F1FD0C88BFBCF5E06F3FF6AFAE5D
:105CA000B5EB030C04BFB6EB020C5FEA500C50F1ED
:105CB000000041EB045170BD0EF0004E4EEA113170
:105CC00014EB5C04C2BFD4EB0C0541EA045170BD77
:105CD00041F480114FF0000E013C90E645EA060EBB
:105CE0008DE60CEA135594EA0C0F08BF95EA0C0FE9
:105CF0003FF43BAF94EA0C0F0AD150EA01347FF431
:105D000034AF95EA0C0F7FF425AF104619462CE707
:105D100095EA0C0F06D152EA03353FF4FDAE10466A
:105D2000194622E750EA410618BF52EA43067FF4BB
:105D3000C5AE50EA41047FF40DAF52EA43057FF44B
:105D4000EBAE12E74FF0FF3C06E000BF4FF0010C56
:105D500002E000BF4FF0010C4DF804CD4FEA410CBA
:105D60007FEA6C5C4FEA430C18BF7FEA6C5C1BD087
:105D700001B050EA410C0CBF52EA430C91EA030F08
:105D800002BF90EA020F0020704710F1000F91EA65
:105D9000030F58BF994208BF90422CBFD8176FEA33
:105DA000E37040F0010070474FEA410C7FEA6C5C01
:105DB00002D150EA013C07D14FEA430C7FEA6C5C08
:105DC000D6D152EA033CD3D05DF8040B704700BF34
:105DD0008446104662468C461946634600E000BF82
:105DE00001B5FFF7B7FF002848BF10F1000F01BD54
:105DF0004DF808EDFFF7F4FF0CBF012000205DF81F
:105E000008FB00BF4DF808EDFFF7EAFF34BF0120A3
:105E100000205DF808FB00BF4DF808EDFFF7E0FF3C
:105E200094BF012000205DF808FB00BF4DF808ED8D
:105E3000FFF7CEFF94BF012000205DF808FB00BFF4
:105E40004DF808EDFFF7C4FF34BF012000205DF8D6
:105E500008FB00BF4FEA410212F5001215D211D51E
:105E60006FF47873B3EB625212D94FEAC12343F057
:105E7000004343EA505311F0004F23FA02F018BFD9
:105E8000404270474FF00000704750EA013005D1A2
:105E900011F0004008BF6FF0004070474FF0000065
:105EA000704700BF53B94AB9002908BF00281CBF7A
:105EB0004FF0FF314FF0FF30FFF774BBADF1080C2E
:105EC0006DE904CEFFF710FADDF804E0DDE9022306
:105ED00004B07047024B58221A604FF0FF307047F1
:105EE000D4F80020024B58221A604FF0FF30704760
:105EF000D4F80020024B58221A604FF0FF30704750
:105F0000D4F80020024B58221A604FF0FF3070473F
:105F1000D4F80020024B58221A604FF0FF3070472F
:105F2000D4F80020024B58221A604FF0FF3070471F
:105F3000D4F80020024B58221A604FF0FF3070470F
:105F4000D4F80020FEE700BFF8B500BFF8BC08BCDD
:105F50009E467047F8B500BFF8BC08BC9E46704727
:105F6000416363656C0054656D70537276004D61DA
:105F700078333030303453727600445332344C36F8
:105F80003550726F7669646572005768697465622E
:105F90006F6172642E63707000506F7374757265F8
:105FA000536572766963652E637070006D6F7665F8
:105FB00073656E73655F686561702E6300506F7303
:105FC0007475726520477561726400312E302E3011
:105FD0000056696C6C6520507575726900506F735E
:105FE0007475726553657276696365005374617286
:105FF00074757050726F76696465722E637070008C
:1060000056616C75652E63707000446174614C6FED
:1060100067676572004C6F67626F6F6B004C6564F9
:106020005365727669636500496E6469636174697A
:106030006F6E5365727669636500426C6553657275
:10604000766963650042797061737353657276692E
:1060500063650053797374656D4D656D6F72795327
:10606000657276696365004465627567536572762B
:1060700069636500426C655374616E646172644863
:10608000525300426C654E6F7264696355415254BD
:1060900000437573746F6D476174745365727669EC
:1060A0006365005265736F75726365436C69656EF5
:1060B000742E6370700042617474476100526571A0
:1060C000756573742E63707000417363696937532B
:1060D0007472696E672E637070006B65726E656CAA
:1060E0004D757465782E637070004261636B656EE8
:1060F000647320666C7573686564002F726F6F74CB
:106100002F70726F6A6563742F5F63616368652FB8
:106110006E72663573646B2D7372632F636F6D706F
:106120006F6E656E74732F6C6962726172696573EC
:106130002F6C6F672F7372632F6E72665F6C6F6761
:106140005F66726F6E74656E642E63006D656D6F51
:1061500072792E63707000706F72745F636D736913
:10616000732E6300546D7251005741524E494E4791
:106170003A204465627567207072696E7420776199
:1061800073206375742073686F72742E0D0A005744
:1061900041524E494E473A204465627567207072FD
:1061A000696E7420656E636F64696E6720657272D4
:1061B0006F722E0D0A004572726F723A206D6F6415
:1061C000756C655374617274496E646578206F757F
:1061D00074206F662072616E67653A2025640053F3
:1061E0007461727475703A204D6F64756C65206DC2
:1061F000697373696E67202573004572726F723A16
:10620000204C61756E636861626C65206E6F7420EE
:10621000666F756E643A202573004572726F723A2C
:10622000204C61756E636861626C65206661696CA3
:10623000656420636F6D6D616E64202564207769ED
:106240007468202573004572726F723A204C617534
:106250006E636861626C6520696E76616C6964204A
:10626000636F6D6D616E643A202564004572726FD4
:10627000723A202725732720747269656420746F31
:106280002072652D7265676973746572207265731B
:106290006F7572636520257320282575292077681E
:1062A0006963682077617320616C7265616479202D
:1062B0007265676973746572656420627920272549
:1062C000732700445043004661696C656420746F15
:1062D00020616C6C6F6361746520257300506F736F
:1062E00074757265536572766963653A3A73746F53
:1062F0007052756E6E696E67416363282900617321
:10630000796E63556E73756273637269626520742A
:1063100068726577206572726F723A202575005039
:106320006F7374757265536572766963653A3A7313
:106330007461727452756E6E696E67416363282969
:10634000004D6561732F4163632F313300617379B1
:106350006E635375627363726962652074687265F7
:1063600077206572726F723A2025750073746172BE
:106370007452756E6E696E674163632074687265EE
:1063800077206572726F723A2025750053746172BE
:10639000747570436C69656E742E63707000424C46
:1063A0004520636F6E6E656374696F6E20646973F8
:1063B000636F6E6E65637420726573756C743A20DA
:1063C000256400506F6F6C537461747350726F76F4
:1063D00069646572005B746869735D3A25733A207D
:1063E00025752042004576656E7453746174735050
:1063F000726F766964657200436F6D6D537461747A
:106400007350726F76696465720050696E6750727E
:106410006F7669646572005468726F75676870752D
:106420007450726F76696465720074696D65727319
:106430002E6300546D722053766300554E4B4E4FC1
:10644000574E005465726D696E616C005254540071
:10645000534547474552006465627567206C6F6716
:1064600067696E6720696E697469616C697A6564D1
:106470002E004C4620636C6F636B207374617274E2
:1064800065642E207372633A202575002F726F6F3A
:10649000742F70726F6A6563742F5F6361636865E0
:1064A0002F6E72663573646B2D7372632F6D6F641C
:1064B000756C65732F6E7266782F6472697665727B
:1064C000732F7372632F6E7266785F7764742E63B6
:1064D000006273703A3A696E697428292063616CAE
:1064E0006C656400636F6D6D756E6963617465647E
:1064F0004D6F64653A2025640053797374656D4D62
:106500006F64655F696E69743A2073437572726572
:106510006E744D6F646520213D204E52465F504F92
:106520005745522D3E4750524547524554005772E9
:106530006974696E672076616C75653A2025640020
:1065400057726974696E672076616C75652E2E2EA0
:10655000207265733A2025750053797374656D4D0B
:106560006F64655F696E69742829204F4B004E5235
:10657000465F504F5745522D3E4750524547524572
:10658000543A2030782530387800317365630055EF
:106590006E69782074696D6520696E204E4F494E92
:1065A00049542052414D3A20256400636865636B6D
:1065B00073756D733A202564207673202564004E30
:1065C0006F2076616C69642074696D6520696E2046
:1065D0004E4F494E49542052414D2E2073657474DC
:1065E000696E67204A616E20323031350056616C29
:1065F00069642074696D6520696E204E4F494E496B
:10660000542052414D006273703A3A5274633A3AE0
:1066100073746172742829204F4B0074687265612D
:1066200064437265617465286170706C696361743C
:10663000696F6E496E697469616C697A6174696FBA
:106640006E5468726561643A2025750074687265DD
:1066500061644372656174653A204F4B002F726F1D
:106660006F742F70726F6A6563742F5F6361636804
:10667000652F6E72663573646B2D7372632F636F53
:106680006D706F6E656E74732F6C69627261726982
:1066900065732F6C6F672F7372632F6E72665F6CFA
:1066A0006F675F64656661756C745F6261636B657B
:1066B0006E64732E63005B44535D2025730A0050A3
:1066C0006F7374757265536572766963653A3A6F74
:1066D0006E4E6F7469667928292063616C6C6564FD
:1066E0002E207265736F7572636549643A20257553
:1066F0000052656365697665642041636320446187
:1067000074612078313030303A20783D25642C2077
:10671000793D25642C207A3D25640043616C6375C6
:106720006C6174656420506F737475726520566176
:106730006C75653A20256400446973636F6E6E65FD
:106740006374696E6720424C453A20256400747278
:1067500075650066616C7365006170706C6963617A
:1067600074696F6E496E697469616C697A61746984
:106770006F6E546872656164006273703A3A61705A
:1067800070696E697428292063616C6C65640046C9
:106790006C6173682070726F74656374696F6E20CA
:1067A00072656769737465727320284250524F5442
:1067B000293A20253038582C20253038582C2025CF
:1067C0003038582C202530385800536F6674446593
:1067D0007669636520656E61626C65642E2025753F
:1067E00000424C45457674006273702E63707000F1
:1067F000626C652074687265616420737461727480
:1068000065643A202575206D7300496E74466C618D
:1068100073685F696E6974002F726F6F742F707286
:106820006F6A6563742F6E65612F706C6174666F3B
:10683000726D2F6273702F6E524635782F696E74A9
:10684000666C6173682E6370700056616C696420B9
:1068500073657474696E6773207061676520666F15
:10686000756E642061742030782570004E6F20733F
:10687000657474696E6773207061676520666F75F3
:106880006E642061742030782570005365747469DB
:106890006E67732070616765206E6F7420636C652E
:1068A000616E2C2065726173696E672E2E2E005307
:1068B000657474696E6773207061676520636C65C9
:1068C000616E2C20736B697070696E6720657261F0
:1068D00073652E004E6F742077616974696E672E40
:1068E000204E657874206F702077696C6C20626C24
:1068F0006F636B20756E74696C206E6577206865B8
:1069000061646572207772697474656E2E005365D8
:106910007474696E677320696E697469616C697AF1
:1069200065642E004578744952515F696E69743A06
:10693000204F4B00656570726F6D2E6300756E6839
:10694000616E646C65642063686970206368656368
:106950006B526573756C743A2025780065657072AA
:106960006F6D5F696E69743A204F4B0043686563D1
:106970006B49664446554E656564656421005069FF
:106980006E732073686F72742063697263756974C3
:106990002064657465637465642E20576169742092
:1069A00074696C6C20656E74657220444655206D68
:1069B0006F646500456E746572696E672044465564
:1069C000206D6F6465206966204146452070696EC0
:1069D000732077696C6C2062652072656C656173E9
:1069E000656420647572696E672031207365632069
:1069F000706572696F642E005265736574696E67A5
:106A000020746F2044465500504342413A20723D65
:106A1000257320272573270045434B4925303858D7
:106A20000041766F004D6F766573656E7365005338
:106A3000657269616C3A20257300424C45436F6E64
:106A40006620526F6C65733A2025642C204D545596
:106A50003A2025640073645F626C655F6366675FFC
:106A600073657428292072657475726E65642025BB
:106A700064207768656E20617474656D7074696EEA
:106A80006720746F2073657420424C455F434F4EFE
:106A90004E5F4346475F4741502E0073645F626C10
:106AA000655F6366675F7365742829207265747516
:106AB000726E6564202564207768656E2061747449
:106AC000656D7074696E6720746F20736574204201
:106AD0004C455F4741505F4346475F524F4C455FCF
:106AE000434F554E542E0073645F626C655F63665E
:106AF000675F73657428292072657475726E6564AA
:106B0000202564207768656E20617474656D7074EB
:106B1000696E6720746F2073657420424C455F4333
:106B20004F4E4E5F4346475F474154542E007364B7
:106B30005F626C655F6366675F73657428292072A6
:106B4000657475726E6564202564207768656E20B3
:106B5000617474656D7074696E6720746F207365FD
:106B60007420424C455F434F4D4D4F4E5F43464767
:106B70005F56535F555549442E0073645F626C65E0
:106B80005F6366675F736574282920726574757228
:106B90006E6564202564207768656E206174746575
:106BA0006D7074696E6720746F2073657420424C39
:106BB000455F47415454535F4346475F41545452E5
:106BC0005F5441425F53495A452E0073645F626CC3
:106BD000655F6366675F73657428292072657475E5
:106BE000726E6564202564207768656E2061747418
:106BF000656D7074696E6720746F207365742042D0
:106C00004C455F47415454535F4346475F53455299
:106C1000564943455F4348414E4745442E00252E83
:106C2000397320257300426C654761705365727635
:106C30006963653A3A496E69742829005375756E1F
:106C4000746F00424C452044495320696E6974209A
:106C50006661696C65642C20726573756C743A208A
:106C6000256400424C452042415420696E697420DD
:106C70006661696C65642C20726573756C743A206A
:106C80002564006273705F696E697469616C697A0A
:106C9000655F626C653A204F4B0053657474696E92
:106CA00067735F5265616428456E61626C65536508
:106CB0007269616C293A2025642C2073697A653ADF
:106CC0002025642C2076616C69643A202564004993
:106CD0006E697469616C697A65206465766963655B
:106CE000202573004D617800436F6D6D496E74000F
:106CF000436F6D6D526563760054696D6572730004
:106D000074696D65722E6370700054696D657250A0
:106D10006F6F6C2E6370700053747265616D7300D9
:106D200050726F76696465727300436C69656E7446
:106D30007300537562730050617468506172616DC5
:106D400000526F7574657300436F6D6D536E6452BE
:106D500071005768697465626F617264436F6D6D2D
:106D6000756E69636174696F6E2E6370700045782B
:106D700065637574696F6E436F6E746578744D6189
:106D8000702E63707000457865637574696F6E204E
:106D9000636F6E7465787420494420257520616C9A
:106DA0007265616479207573656400457865637503
:106DB00074696F6E20636F6E746578747320776981
:106DC0007468204944202575206861766520636FCA
:106DD0006E666C696374696E67206E616D657320A1
:106DE0002825732076732E20257329004578656346
:106DF0007574696F6E20636F6E7465787473207735
:106E00006974682049442025752065786365656448
:106E10007320445043206D6178002F726F6F742F80
:106E200070726F6A6563742F6D6F766573656E73CC
:106E3000652F6D6F766573656E73655F636F7265E1
:106E40002F6D61696E2E6370700053657474696E86
:106E50006753657276696365202D20736875746465
:106E60006F776E20616674657220626F6F74207236
:106E700065717565737400322E332E320053746160
:106E8000727420636F726520257320696E206D6FA8
:106E90006465202564202861736B6564202558682B
:106EA000290043616C6962726174696F6E53727616
:106EB00000426C6554657374537276005374645366
:106EC0007276002F726F6F742F70726F6A656374C1
:106ED0002F6E65612F68616C2F73656E736F722FF3
:106EE0006261747465727947617567652F535332B7
:106EF0002F4261747465727943686172676550727C
:106F00006F76696465722E6370700053657474697E
:106F10006E67735372760057624D6574726963735E
:106F200000537461746553727600537461746573B1
:106F3000536572766963652E6370700041707049A5
:106F40006E666F00536D61727453656E736F72324B
:106F50004170706C69636174696F6E002A202573DB
:106F600020636F6E7374727563746564004461743A
:106F7000614C6F67002F726F6F742F70726F6A654C
:106F800063742F61766F6361646F2F636F72652F17
:106F9000536D61727453656E736F72324170706CB1
:106FA00069636174696F6E2E637070004C6F676205
:106FB0006B004C6F67626F6F6B2E637070004C6577
:106FC0006453727600496E6453727600426C655366
:106FD000727600456570726F6D004D616E75666109
:106FE00063747572696E67537276005379734D6579
:106FF0006D50727600446267537276004465627524
:1070000067536572766963652E63707000486561C9
:107010007020616674657220696E69743A20256417
:1070200000000000513E0400E52A0400E32A0400A9
:10703000010002000300040005000600070008002C
:1070400009000A000B000F000C000D000E000001EB
:107050000301010102010401050106010000000015
:1070600000000000357902007179020019950200D4
:10707000ED7002007F6702008767020000000000D9
:1070800000000000CD7F0200558C0200678C0200DA
:107090003C52656D6F74653E00000000000000000A
:1070A000000000003F6702003D8C020061670200A3
:1070B00000000000000000000579020021790200B4
:1070C00009680200F9790200556902005569020059
:1070D0005569020055690200656902006569020090
:1070E000D5640200D7640200D964020000000000E9
:1070F0000000000015490400294904000968020045
:10710000713A040055690200556902005569020090
:10711000556902006569020065690200D5640200D4
:10712000D7640200D96402000000000000000000E3
:10713000C5480400D9480400096802004930040029
:10714000112F0400556902005569020055690200BB
:107150006569020065690200D5640200D764020017
:10716000D964020010010E010D01000000000000B2
:1071700000000000A1670200F7670200619D0200A5
:107180009D9D020031670200396702000000000087
:1071900000000000ED4804000149040009680200F5
:1071A000B5300400556902005569020055690200B6
:1071B000556902006569020065690200D564020034
:1071C000D7640200D9640200000000000000000043
:1071D0003D49040051490400096802009931040046
:1071E000556902005569020055690200556902009F
:1071F0006569020065690200D5640200D764020077
:10720000D96402000000000000000000654904008D
:10721000794904000968020035310400556902000B
:107220005569020055690200556902007131040078
:107230004D2F040091320400D7640200D96402008B
:107240000000000000000000B57F0200178C020063
:10725000298C02000000000000000000016702000D
:10726000D9670200000000000000000075760200EF
:107270009176020009680200DB640200DB64020010
:10728000DD640200B19A0200DD640200DD640200E8
:10729000DF640200D5640200DD640200DD640200E8
:1072A000D7640200E164020000000000000000005A
:1072B000E51604002D17040009680200DB640200D3
:1072C000DB640200DD640200DD64020059EC0300AF
:1072D000F9EB03002DD40300D5640200DD64020045
:1072E000DD640200D7640200E1640200E9D7030014
:1072F000E5D9030063D30300D9EB030009EB0300D6
:10730000B9FA0300DCFFFFFF0000000025170400AE
:107310003F1704000968020061EB030041FF03000E
:10732000556902005569020055690200656902004D
:1073300065690200D5640200D7640200D9640200C6
:10734000D4FFFFFF000000001D17040047170400D2
:1073500009D8030001DA03006DD30300EFEB03004B
:1073600000000000000000001176020061760200BB
:1073700009680200DB640200DB640200DD640200D5
:10738000DD640200DD640200DD640200DF640200EF
:10739000D5640200DD640200DD640200D7640200EF
:1073A000E164020000000000000000003D950400C0
:1073B0006595040009680200E18A040001CA04001E
:1073C00055690200556902005569020065690200AD
:1073D00065690200D5640200D7640200D964020026
:1073E000A18A0400C58A04008D870400418104003D
:1073F000F8FFFFFF000000005D9504007795040092
:10740000BD8A0400D98A0400A587040047810400CE
:107410000000000000000000A5B80300E5B803006C
:1074200009680200DB640200DB640200DD64020024
:10743000DD640200DD640200DD640200DF6402003E
:10744000D5640200DD640200DD640200D76402003E
:10745000E1640200000000000000000035D20300DB
:107460007DD2030009680200DB640200DB640200D5
:10747000DD640200DD640200F5C80300D1BD030035
:10748000AD020400D5640200DD640200DD64020088
:10749000D7640200E1640200859A0300D59A0300D4
:1074A00015BA030085920300E9C9030021D5030042
:1074B00009D70300DCFFFFFF0000000075D20300C6
:1074C0008FD20300096802004DCB03009DD6030054
:1074D0005569020047D7030055690200656902003B
:1074E00065690200D5640200D7640200D964020015
:1074F000D4FFFFFF000000006DD2030097D203000D
:10750000A59A0300F59A0300B1BA03008D92030017
:10751000000000000000000089C8030099970300E4
:1075200059980300000000000000000045BE030061
:107530008DBE030009680200DB640200DB64020008
:1075400045BC0300DD64020071920300DD640200AB
:10755000DF6402004DA70300DD640200DD64020069
:10756000A5960300E16402004D9A0300B59D030057
:107570007392030063920300D5BE0300A792030039
:10758000C9BB030049C70300D5C6030085990300A2
:10759000DCFFFFFF0000000085BE03009FBE03006C
:1075A00009680200CDC60300B192030055690200CC
:1075B00029BC0300C399030081C8030041C703002D
:1075C00075A70300C9960300D9640200D4FFFFFF2A
:1075D000000000007DBE0300A7BE03007D9A0300EB
:1075E000D19D03007D9203006B9203000000000018
:1075F00000000000B9F20300E1F203000968020094
:1076000065E70300FDE603005569020055690200C5
:10761000556902006569020065690200D5640200CF
:10762000D7640200D964020035D8030029DA0300C8
:107630001BD303000FD30300F8FFFFFF000000007F
:10764000D9F20300F3F2030051D8030041DA03003A
:1076500023D3030015D30300000000000000000046
:10766000FDF2030025F3030009680200DDD40300E6
:1076700089E8030055690200556902005569020056
:10768000656902006569020035E90300D7640200FC
:10769000D964020059D80300BDD8030037D30300D2
:1076A0002BD30300F8FFFFFF000000001DF30300D1
:1076B00037F3030075D80300D1D803003FD303008C
:1076C00031D303000000000000000000A3B8030055
:1076D0008D9703001D9803000000000000000000CB
:1076E00031B8030089B8030009680200F9CB030030
:1076F0008DCF03005569020025A6030055CB03007A
:1077000089A6030025A703005DA30300D764020038
:10771000D9640200C1A303002DA40300F9A2030051
:10772000859D0300D1960300FF900300F8FFFFFF43
:107730000000000081B803009BB8030055A30300BC
:10774000AD9D0300F596030005910300E8FFFFFFE0
:107750000000000025A40300E4FFFFFF000000007C
:10776000A5A40300000000000000000041F3030096
:1077700069F303000968020039E9030059EA0300CC
:1077800055690200556902005569020065690200E9
:1077900065690200D5640200D7640200D964020062
:1077A0007DD8030061DF030053D3030047D30300F8
:1077B000F8FFFFFF0000000061F303007BF303000C
:1077C00099D8030075DF03005BD303004DD303009A
:1077D000000000000000000041F0030069F0030019
:1077E0000968020061D4030055690200556902006E
:1077F0005569020055690200656902006569020069
:10780000D5640200D7640200D9640200A1D7030046
:10781000A1D803009FD20300AFD20300F8FFFFFFFF
:107820000000000061F003007BF00300BDD70300FF
:10783000B5D80300A7D20300B5D2030000000000B2
:1078400000000000CFF0030015DC030021DC030082
:10785000000000000000000085F00300B5F0030008
:107860000968020031DF030049DA030055690200AC
:107870005569020055690200A5D60300D5DA030058
:10788000D5640200EDDA0300F1DA0300D9D8030071
:10789000C5D90300C7D20300BBD20300F8FFFFFF26
:1078A00000000000ADF00300C7F00300BDD90300E5
:1078B000DDD90300CFD20300C1D2030000000000D5
:1078C00000000000C3660200FF8B0200AD7E0200D4
:1078D0000000000000000000E15D0300FD5D03000A
:1078E00009680200DB640200DB640200DD64020060
:1078F000DD640200DD640200DD640200DF6402007A
:1079000045770300DD640200DD640200D7640200F5
:10791000E16402009D770300B9660300E977030084
:10792000DCFFFFFF00000000E1770300E9660300D1
:1079300021780300873C0300F55D03000F5E030020
:107940000000000000000000BD6E0300E56E0300B3
:107950000968020041600300556902005569020090
:10796000556902005569020071540300B54F0300C8
:10797000D5640200F14F0300F54F0300394D0300B9
:1079800055540300193E03000D3E0300F8FFFFFFAE
:1079900000000000DD6E0300F76E0300554D03008C
:1079A00069540300213E0300133E03000000000061
:1079B000000000008D670200E5670200659C020080
:1079C000A99C0200236702002B6702000000000050
:1079D00000000000F9F1030039F203000968020019
:1079E0007DDF030071100400556902005569020033
:1079F000556902006569020065690200D5640200EC
:107A0000D7640200D9640200C5D7030045DF030034
:107A1000E3D20300D7D20300F8FFFFFF000000000D
:107A200031F203004BF20300E1D7030059DF0300FA
:107A3000EBD20300DDD20300E8FFFFFF00000000EF
:107A400029F2030053F2030009680200DB6402001C
:107A5000DB640200DD640200DD640200DD6402001C
:107A6000DD640200DF640200D5640200DD64020010
:107A7000DD640200D7640200E1640200000000003F
:107A800000000000F1CC020011CD02000000000057
:107A9000000000002F9203003392030061B6030040
:107AA0003DB60300FDB60300CD91030011B2030003
:107AB000F1B2030065B30300AD910300B19103007F
:107AC000B5910300B99103003F9203005192030066
:107AD00061B7030031BC0300199A030000000000E5
:107AE00000000000E5420300653F0300713F030012
:107AF000F570030021430300394B03007D3F030071
:107B0000AD4B0300893F0300ED4B0300953F03009D
:107B1000754C0300498B0300A13F03006943030038
:107B2000C13F0300CD3F0300D93F0300E53F030001
:107B3000F13F0300FD3F030009400300154003002F
:107B4000214003002D40030039400300454003005D
:107B50005140030051440300BB580300414403005B
:107B60000000000000000000C1630300793E030034
:107B7000853E0300913E03009D3E0300DD47030068
:107B8000A93E0300B53E0300C13E03001D490300AA
:107B9000CD3E0300055B03007142030095640300C2
:107BA000D93E0300E53E0300F13E0300FD3E030025
:107BB0003D430300395103001D3F0300293F0300EB
:107BC000994D0300353F0300413F03003964030032
:107BD0004D3F03000D440300593F03005D40030087
:107BE000218D0300398D030000000000000000001B
:107BF000C5590300F94F030029500300000000009D
:107C0000000000004D8D0300858D0300096802000F
:107C1000257103007973030055690200556902005C
:107C2000556902007D750300E1650300B54303005B
:107C30005D660300D9640200A94C0300BD50030037
:107C4000193C03000D3C0300F8FFFFFF000000009B
:107C50007D8D0300978D0300DD4C0300E150030090
:107C6000213C0300133C0300000000000000000062
:107C7000BD600300055003006550030000000000D4
:107C80000000000085620300BD6203000968020075
:107C9000315E0300C16003005569020055690200AE
:107CA000556902000576030051680300D56402009F
:107CB000E5680300F168030031620300D962030044
:107CC000858B0300D58B0300F8FFFFFF0000000049
:107CD000B5620300CF62030069620300056303001D
:107CE000CD8B0300558C0300000000000000000055
:107CF0004D5D0300755D030009680200D15103006A
:107D00005569020055690200556902005569020073
:107D100075520300754E0300FD520300D764020044
:107D2000D9640200E54C0300815103004D3C03007F
:107D3000413C0300F8FFFFFF000000006D5D030001
:107D4000875D0300094D030095510300553C030076
:107D5000473C03000000000000000000F96A040036
:107D60002937040071370400000000000000000003
:107D7000EDD102008B3C03008B3C03008B3C0300E5
:107D80008B3C03008B3C03008B3C03008B3C0300CB
:107D90008B3C03008B3C03008B3C03008B3C0300BB
:107DA0008B3C03008B3C03008B3C03008B3C0300AB
:107DB0008B3C03005B2C0400794803001559040038
:107DC000F543040071360400B1590400CD430400AA
:107DD00001570400CD5904001D4404008D3C0300EC
:107DE0000000000000000000A18D03001D8E0300B4
:107DF00009680200F5580300556902005569020040
:107E0000556902005569020089470300194F0300B4
:107E1000A5530300D7640200D9640200C5470300DC
:107E2000554F0300053E0300114D03009D51030013
:107E3000AD5D0300E9480300498E0300F8FFFFFF32
:107E4000000000000D8E03002F8E03000968020061
:107E5000DB640200DB640200DD640200DD6402001A
:107E6000DD640200DD640200DF6402004D540300A3
:107E7000DD640200DD640200D7640200E1640200F8
:107E8000D4FFFFFF00000000158E0300378E0300B3
:107E9000314D0300C9510300D95D030015490300AA
:107EA000C4FFFFFF00000000D54703005F4F030041
:107EB000073E0300093E0300058E03003F8E0300CA
:107EC000BCFFFFFF00000000459003000000000021
:107ED00000000000E1B70300F5B70300E3900300E2
:107EE000EB900300F1900300F99003000000000004
:107EF0000000000025CD0200C1CD0200096802008B
:107F0000DB640200DB640200ADA80200DD64020055
:107F1000DD640200DD640200559A0200ADBE02007D
:107F2000DD640200A99B0200D7640200E164020044
:107F3000558B0200DCFFFFFF00000000638B020096
:107F40000000000000000000EDD10200EFD10200AF
:107F5000E9DD02006E72665F6673746F7261676559
:107F6000007274745F6C6F675F6261636B656E64EF
:107F70000061707000756E646566696E656400000E
:107F8000692B0400ED2C0400E1320400454204009A
:107F9000A9420400B92B0400BD2B0400C12B04002E
:107FA0005153555700000000000000000000000081
:107FB0000338FDD8704700000A00000002000000EE
:107FC0000700000003010000FFFF000000000000A8
:107FD0001400000002000000160000000100000074
:107FE0001500000002000000080000000100000071
:107FF0000C000000030000000E0000000000000064
:10800000FFFF0000000000000B0000000100000066
:10801000FFFF00000000000003000000030100005B
:10802000040000000301000017000000030100002D
:108030001300000001000000180000000100000013
:108040001A00000001000000FFFF00000000000017
:10805000FFFF0000000000001F0000000200000001
:10806000FFFF000000000000000000000000000012
:1080700091E20200A9E202000000000000000000FE
:10808000D1E50200EDE5020035CF02002FCF02005E
:1080900039CF020031340300CFCF02000D1B0300A3
:1080A000C5070300DFCF0200EDCF0200D52F03008C
:1080B000FCFFFFFF00000000E5CF0200F1CF02004F
:1080C0003D300300000000000000000095E70200C2
:1080D000D5E70200C51C0300C9EE02000000000045
:1080E0000000000073CE020041CE02008BCE0200E1
:1080F00000000000000000004FCE020041CE020050
:1081000069CE020000000000000000005BD3020006
:1081100041CE020049CE0200000000000000000035
:108120005BD3020041CE020043CE020000000000FB
:108130000000000041CE020041CE020091CE0200BC
:1081400000000000000000009DCE020041CE0200B1
:10815000C5CE02000000000000000000B16B04006A
:1081600041CE0200412D040000000000000000008C
:1081700011D3020007CE020023CE0200E119030052
:10818000000000000000000041CE020041CE0200CD
:108190008DD303000000000000000000C1020300B6
:1081A00059080300D3CD0200F11E030000000000B7
:1081B000000000004DFF0300B1FF0300F5CF0200F7
:1081C00081D30300FDCF0200FD190400F524040053
:1081D0000000000000000000AF660200F38B020008
:1081E000B16602000000000000000000AD66020061
:1081F000E78B0200BD6602000200000002000000E2
:10820000FFFF000000000000010D00000000000062
:1082100000000000116902003969020009680200CB
:108220007172020055690200556902005569020029
:10823000556902006569020065690200D5640200A3
:10824000D7640200D9640200F5940200A170020014
:1082500091660200A1660200F8FFFFFF0000000027
:10826000316902004B69020011950200B5700200ED
:1082700099660200A76602000000000000000000EE
:10828000797F0200A17F02001CF2BD4D78E20A5006
:10829000D4D2D376B0C2646B8CB3613BE8A3D6264C
:1082A00044930F002083B81D3C7105A05861B2BDF6
:1082B000F4516B9B9041DC86AC30D9D6C8206ECB94
:1082C0006410B7ED000000F00000000000000000A6
:1082D000E7640200C1670200000000000000000027
:1082E000617F0200B58B0200C78B02000000000016
:1082F00000000000E3640200A98B0200E9640200B0
:108300000000000000000000E5640200B567020004
:1083100000000000000000000175020099750200D5
:1083200009680200DB640200DB640200DD64020015
:10833000DD640200DD640200DD640200DF6402002F
:10834000D5640200DD640200DD640200D76402002F
:10835000E1640200000000000000000085680200E7
:10836000FD680200096802005569020055690200B3
:1083700055690200556902005569020065690200ED
:1083800065690200D5640200D7640200D964020066
:1083900003000002030200000000000000000000D3
:1083A000B56E0200156F020009680200F19102002B
:1083B000B992020055690200556902005569020030
:1083C0006569020065690200D5640200D764020095
:1083D000D9640200CF940200D37002005D630200F2
:1083E0006D630200F8FFFFFF000000000D6F020048
:1083F000276F0200ED940200E57002006563020041
:10840000736302000066000000000000000000002E
:10841000AD750200ED7502000968020021720200CC
:10842000556902005569020055690200556902004C
:108430006569020065690200D5640200D764020024
:10844000D96402009194020081700200A99902008F
:108450005199020011A70200F8FFFFFF0000000081
:10846000E5750200FF75020009680200DB64020086
:10847000DB640200DD640200DD640200DD640200F2
:10848000DD64020071A80200D5640200DD64020010
:10849000DD640200D7640200E1640200D4FFFFFF44
:1084A00000000000DD75020007760200B1940200B2
:1084B000997002004D9A0200A1990200496E7661FE
:1084C0006C69640000000000000000000000000073
:1084D00064000000200300000000000057425F43DA
:1084E0004F4D4D00426C65004D6573736167654487
:1084F0006973706174636865722E63707000666979
:108500007473496E43757272656E74506167653A33
:108510002025782C202564203D3E2025642000491C
:108520006E76616C69642070726F706572746965D3
:10853000732074797065207365743A20646972657C
:108540006374656400496E76616C69642070726F53
:1085500070657274696573207479706520736574D1
:108560003A20554E44495245435445440073645F94
:10857000626C655F67617474635F65786368616E80
:1085800067655F6D74755F726571756573742829B1
:10859000206F6E20636F6E6E656374696F6E20303E
:1085A000782578206572726F723A20256400426CDB
:1085B00065416461707465722E63707000436F6E04
:1085C00076657274416464726573732070726F6251
:1085D0006C656D2E20693A202564002F726F6F74D0
:1085E0002F70726F6A6563742F6E65612F77626397
:1085F0006F6D6D2D626C652F6E72662F426C6541DA
:1086000070692E637070002F726F6F742F70726FAD
:108610006A6563742F5F63616368652F6E72663588
:1086200073646B2D7372632F636F6D706F6E656E05
:1086300074732F6C69627261726965732F6D656DF9
:108640006F626A2F6E72665F6D656D6F626A2E6310
:108650000025783C2578007265666F726D617450F4
:10866000616765416E645072657044617461546FF6
:1086700042756666657228290073657474696E6751
:10868000732E637070006572617365466C61736808
:1086900043616C6C6261636B004E4F4E414D45000F
:1086A0005363616E526573706F6E7365206E616D9A
:1086B00065206669656C643A202725732700495058
:1086C000726F746F636F6C2E6370700055706461AD
:1086D0007465206E6F74696669636174696F6E207A
:1086E000666F72206E6F6E2D6578697374696E6740
:1086F00020636C69656E7420257500526573756C16
:108700007420286F702025752920666F72206E6F87
:108710006E2D6578697374696E6720636C69656E28
:1087200074202575004C6F63616C457865637574C2
:10873000696F6E436F6E746578742E637070004954
:108740004F7065726174696F6E4D657461646174B8
:10875000612E63707000526573706F6E7365206375
:108760006F6465202575206E6F7420646566696E80
:108770006564002573207369676E616C696E67209C
:108780007465726D696E6174650057726F6E6720F3
:108790006E756D20706172616D733A2025752C20A5
:1087A00073686F756C642062652025750042616492
:1087B000207061746820706172616D2C20496E6454
:1087C000783D25752C2044617461747970653D2570
:1087D000752C2073686F756C642062653D57425F2D
:1087E000545950455F494E54333200426164207001
:1087F00061746820706172616D2C20496E64783DEF
:1088000025752C2044617461747970653D25752C43
:108810002073686F756C642062653D25750050613A
:10882000746820706172616D6574657273206D6922
:108830007373696E673B205265717565737420733D
:10884000686F756C6420636F6E7461696E20257546
:108850002057425F545950455F494E54333220618E
:108860007320666972737420706172616D00426179
:108870006420706172616D2C20496E64783D2575AD
:108880002C2044617461747970653D25752C2073CA
:10889000686F756C642062653D257500747970653C
:1088A000636865636B436C69656E74526571756569
:1088B00073742D4641494C4544004F706572617494
:1088C000696F6E3D25640050617468506172616D1E
:1088D0006574657243616368652E637070007375BB
:1088E0006273526566436F756E7428414444293A39
:1088F000205265732825752D25752D25752575291B
:1089000020666F7220436C692825752D25752D25ED
:108910007529206E6F7420666F756E6420696E20F5
:108920006361636865202D20737562736372696289
:108930006520746F207265736F757263652074684B
:10894000617420686173206265656E2072656C6574
:10895000617365640073756273526566436F756E0B
:1089600074285355425452414354293A2052657356
:108970002825752D25752D257525752920666F727D
:1089800020436C692825752D25752D257529202DE9
:1089900020747279696E6720746F207375627374C6
:1089A000726163742072656620636F756E742074E3
:1089B000686174206973207A65726F202D20756E4E
:1089C00073756273637269626520776974686F7525
:1089D0007420737562736372696265007375627384
:1089E000526566436F756E74285355425452414325
:1089F00054293A205265732825752D25752D257526
:108A000025752920666F7220436C692825752D25F0
:108A1000752D257529202D206E6F7420666F756E5B
:108A20006420696E206361636865202D20756E7314
:108A3000756273637269626520746F207265736F0B
:108A40007572636520746861742068617320626563
:108A5000656E2072656C65617365640073656D6138
:108A600070686F72652E63707000726563757273E3
:108A70006976654D757465782E63707000546D72FB
:108A80002073746F70206661696C3B6E6F74206F29
:108A9000776E65643A25752C20257500546D72201B
:108AA00073746F70206661696C3B6E6F6E2D6578B4
:108AB000697374656E743A25752C202575006D7583
:108AC0007465782E637070002A43505520464155D6
:108AD0004C542A00202D20252D3573203D2025388B
:108AE000780025782563257800482573004D257387
:108AF0002E25732E25303278004225732E25732EB5
:108B000025303278005525732E25303478003A0010
:108B10002A25732A3A202573002563257300554EB4
:108B20004B4E4F574E204641554C54434F4D2045D8
:108B300056454E54205459504520307825303278CF
:108B4000002A2A204641554C54434F4D205245415E
:108B500043484544204641494C55524520544852CB
:108B60004553484F4C44202A2A00426C65476170A7
:108B7000536572766963652E637070005365742067
:108B800064656661756C7420616476202620736369
:108B9000616E7265737020646174612E006572721B
:108BA0006F7220696E2073645F626C655F676170CD
:108BB0005F6164765F7365745F636F6E6669677526
:108BC00072653A2025640073645F626C655F67615B
:108BD000705F7363616E5F7374617274206572722B
:108BE0006F722E206572725F636F64653A2025751F
:108BF000005365744164766572746973696E675079
:108C00006172616D73282900496E76616C69642018
:108C10006164762070726F70657274696573206626
:108C20006C616720636F6D62696E6174696F6E005D
:108C30004552524F5220696E20706172616D733AD5
:108C4000206261642070726F70657274696573541C
:108C500079706520666F72206973416E6F6E796DF1
:108C60006F75730073645F626C655F6761705F61ED
:108C700064765F7365745F636F6E6669677572654E
:108C8000206661696C65643A2025750070416476E0
:108C9000446174613A2025702C20705363616E44E6
:108CA0006174613A2025702C206164766C656E3A9F
:108CB0002025642C207363616E6C656E3A202564F8
:108CC00000747970653A203078253032782C206134
:108CD0006E6F6E796D6F75733A20256400426C6516
:108CE000476170536572766963653A3A53657441BA
:108CF00064766572746973696E6753657474696EBE
:108D00006773282920636F6E6E2C207363616E6E0B
:108D10002C20616E6F6E3A2025642C2025642C2057
:108D200025640042616420726571756573743A2030
:108D30006E6F6E5F7363616E6E61626C65207769E2
:108D40007468207363616E5F726573706F6E7365B4
:108D5000006B65726E656C53656D6170686F7265EE
:108D60002E63707000427566666572506F6F6C2E70
:108D70006370700057726974696E672073657474EC
:108D8000696E672069643A2025752C20636F756EC3
:108D9000743A2025752C20616464723A2025782C61
:108DA0002076616C3A2025640073645F626C655FB5
:108DB00067617474735F696E697469616C5F757300
:108DC00065725F68616E646C655F676574282920F1
:108DD0006572726F723A2025750073645F626C650C
:108DE0005F67617474735F736572766963655F63EF
:108DF00068616E6765642829206661696C65642E08
:108E0000206572726F723A2025752C20737461721E
:108E1000745F68616E646C653A20257500656E63E9
:108E20004B65795772697474656E007265636F760D
:108E300065727954696D655772697474656E0070F6
:108E400065657249644B65795772697474656E0023
:108E50006C61737453657474696E674C656E202120
:108E60003D2062756653697A6520666F722073656E
:108E70007474696E673A2025750053657474696E61
:108E800067735F526561643A2025642C2025640075
:108E9000646174615772697474656E43616C6C626D
:108EA00061636B00686561646572577269747465AB
:108EB0006E43616C6C6261636B0000005365747497
:108EC000696E67735F57726974654173796E632069
:108ED00072657175657374206661696C65642E00D6
:108EE00053656D6170686F72652074696D656F752B
:108EF000742E2053657474696E67732064656164B1
:108F00006C6F636B2070726573756D65642E000005
:108F100053657474696E677320777269746520662F
:108F200061696C7572652C2073657474696E67492C
:108F3000643A2025642C20636F64653D2564002F0E
:108F4000726F6F742F70726F6A6563742F5F6361E5
:108F50006368652F6E72663573646B2D7372632F51
:108F6000696E746567726174696F6E2F6E72667870
:108F70002F6E7266785F676C75652E68002F726F52
:108F80006F742F70726F6A6563742F5F63616368BB
:108F9000652F6E72663573646B2D7372632F636F0A
:108FA0006D706F6E656E74732F6C69627261726939
:108FB00065732F7574696C2F6170705F7574696C5F
:108FC0005F706C6174666F726D2E63002F726F6FCD
:108FD000742F70726F6A6563742F5F636163686575
:108FE0002F6E72663573646B2D7372632F696E74A6
:108FF0006567726174696F6E2F6E7266782F6C652B
:10900000676163792F6E72665F6472765F636C6FFF
:10901000636B2E63002F726F6F742F70726F6A65AF
:1090200063742F5F63616368652F6E726635736466
:109030006B2D7372632F6D6F64756C65732F6E7219
:1090400066782F647269766572732F7372632F6E00
:109050007266785F636C6F636B2E63006E72663549
:10906000325F77697065446174616D656D6F7279A7
:1090700000454550524F4D207769706520736B69EC
:10908000703A202564206279746573206174206FC2
:109090006666736574203078257800454550524FD8
:1090A0004D207769706520736B697020706167650A
:1090B000202564005365742047505245475245545B
:1090C00020706F77657220726567697374657220AE
:1090D000666F7220627574746F6E6C657373204472
:1090E0004655206D6F64652E002F726F6F742F7060
:1090F000726F6A6563742F6E65612F706C61746640
:109100006F726D2F6273702F6E524635782F426CDE
:109110006547617474536572766963652E63707018
:10912000004741545420436C69656E742054696D46
:10913000656F7574004741545420536572766572AB
:109140002054696D656F7574002F726F6F742F7086
:10915000726F6A6563742F5F63616368652F6E72F7
:10916000663573646B2D7372632F636F6D706F6EF2
:10917000656E74732F6C69627261726965732F62B8
:10918000616C6C6F632F6E72665F62616C6C6F6393
:109190002E63006F6E426F6E646572446973636F15
:1091A0006E6E6563742E206B6579733A20256400BA
:1091B0005772697465426F6E64696E67436F6E665D
:1091C0006967006F6E536563757269747950617277
:1091D000616D7352657175657374282920735F63BF
:1091E0007572506F6C6963793A2025750053656319
:1091F000757269747920706172616D732072657027
:109200006C79206661696C732C20636F64653A2009
:10921000256400426F6E6465723A20636F6E6E65FE
:109220006374696F6E2072656675736564202D20A6
:10923000696E76616C6964204D6173746572204952
:109240004400426F6E6465723A2061757468656EA1
:109250007469636174696F6E206661696C757265AB
:109260002C20636F64653A20256400426F6E64654C
:10927000723A20626F6E64696E67206661696C7510
:1092800072652C206F6E6C792073616D65204D4185
:109290004320616C6C6F77656400426F6E64657229
:1092A0003A2061757468656E7469636174696F6E84
:1092B000207375636365737300426F6E6465723A01
:1092C00020656E6372797074656420636F6E6E657D
:1092D0006374696F6E207769746820617574686F54
:1092E0007269736564207065657200626F6E64698F
:1092F0006E67436F6E6669675772697474656E2E28
:1093000020726573756C743A202564002F726F6F3C
:10931000742F70726F6A6563742F5F636163686531
:109320002F6E72663573646B2D7372632F636F6D6E
:10933000706F6E656E74732F6C69627261726965AD
:10934000732F6578706572696D656E74616C5F739B
:10935000656374696F6E5F766172732F6E72665F9C
:1093600073656374696F6E5F697465722E6300451F
:1093700076656E7450726F636573736F722E63706F
:109380007000616C6C6F632053656E644275666635
:10939000657228256429206661696C65642C2072D9
:1093A0006576657274696E672E002F726F6F742F09
:1093B00070726F6A6563742F6E65612F7762636F79
:1093C0006D6D2D626C652F6E72662F426C65436FFA
:1093D0006E6E656374696F6E2E63707000556E6992
:1093E0006D706C656D656E7465642077616B657515
:1093F00070206D6F64650077616B6575702E63001A
:109400005265736F75726365547265652E63707013
:10941000004576656E7451756575652E63707000D4
:1094200042616420636C69656E7420726571756554
:1094300073742066726F6D3A202825753A25753A47
:1094400025752900436C69656E742025753A25756C
:109450003A2575207265737562736372696265641B
:10946000207061746820706172616D207265732074
:10947000257300436C69656E742025753A25753A2D
:109480002575207265737562736372696265642005
:109490007265733A257300436C69656E7420257597
:1094A0003A25753A257520747269656420746F20B9
:1094B000756E7375627363726962652066726F6D33
:1094C000207265736F757263652025732C20627539
:1094D00074207761736E2774207375627363726989
:1094E0006265642E004D6573736167652064657302
:1094F000657269616C697A6174696F6E2066616911
:109500006C65640054696D6572206576656E7420C3
:10951000666F72206E6F6E2D6578697374696E6701
:1095200020636C69656E742025750054696D6572E1
:10953000206576656E7420666F72206E6F6E2D6585
:1095400078697374696E672070726F76696465728A
:10955000202575004C6F63616C207265736F7572A6
:10956000636520756E617661696C6162696C6974AE
:1095700079206D65737361676520746F206E6F6EFF
:109580002D6578697374696E6720636C69656E74A4
:109590002025752C207265736F75726365202575A3
:1095A00000526563656976656420756E6B6E6F77D2
:1095B0006E2064617461206D6573736167653A2024
:1095C00025750000506C0600606C06000800000065
:1095D000486C0600506C060008000000E86B0600AE
:1095E000286C060008000000606C0600706C060025
:1095F000080000001F000000010000000200000041
:10960000010000000B000000010000000A00000043
:109610000450000009000000045000000D0000008C
:109620000000000011000000010000001500000013
:109630000200000012000000020000000F00000005
:109640000000000010000000010000000800000001
:109650000100000003000000000000000400000002
:10966000000000000D000000000000000F000000DE
:1096700000000000170000000000000019000000BA
:10968000000000001B000000000000001C000000A3
:10969000000000001E00000000000000FFFF0000AE
:1096A000000000004B53574E4B45524E454C204155
:1096B000535345525400535441434B20434F52524D
:1096C000555054494F4E005741544348444F47006A
:1096D000534F46544445564943450048465352006B
:1096E00043465352004D4D464152004246415200BE
:1096F00052300052310052320052330052313200A7
:109700004C52005053520000A8960500B696050032
:10971000C7960500D0960500DB960500E09605008B
:10972000E5960500EB960500F0960500F39605001A
:10973000F6960500F9960500FC96050000970500D1
:10974000C46205000397050000000000000000004F
:1097500051A10400898A0400AFA60200058F04000D
:1097600000000000000000000000000000000000F9
:10977000000000000000000000000000BD7B0200AF
:10978000000000000000000000000000F966020078
:1097900000000000000000000000000000000000C9
:1097A00000000000000000006DDA020091DA020003
:1097B000EDD00200A5DA020005D10200BD7B020057
:1097C000F9D00200FFD00200F9D00200F9660200D1
:1097D0006D1D030001DB0200F5D00200F5D0020090
:1097E00001020408102040800D0E16171011050705
:1097F0001819080902030000000000000000000022
:1098000027D002002DD0020027D0020033D0020062
:1098100035D00200000000000000000019D0020056
:1098200037D702001BD00200020001000000000038
:10983000000000010101010101010101010101001C
:1098400001010202000304050607080B0C0D0E0FB0
:109850001011120000000000000000009BCE02006A
:109860002BD70200D9CE0200E1CE0200E9CE0200E1
:10987000F1CE0200F9CE020031D6020043D7020039
:1098800049D7020071E6020009CF0200140000006F
:1098900001000000FD770200000000002C00000025
:1098A0000100000030000000010000000000000086
:1098B0000000000020000000010000000C0000007B
:1098C0000100000010000000010000000C0000007A
:1098D00001000000A3640200000000001800000066
:1098E000010000001C00000001000000000000005A
:1098F0000000000085D3030089D30300F31804009F
:1099000049FF030093D7030000000000000000009F
:1099100061F502007DF50200F925030079230300BB
:10992000CDF5020085280300C5DF020009E0020032
:10993000FCFFFFFF00000000A323030011F602005C
:10994000552F030001E00200F5E0020000000000D6
:10995000000000003FCE0200C5D502000100000754
:109960006F6E456E7465725F5265616479006F6EEB
:109970004C656176655F5265616479006F6E456E16
:109980007465725F41637469766174696E67006FB4
:109990006E4C656176655F41637469766174696E6A
:1099A00067006F6E4C656176655F497341637469EA
:1099B0007665006F6E456E7465725F4D61746368A5
:1099C000696E67524F4D006F6E4C656176655F4DF5
:1099D00061746368696E67524F4D006F6E4C6561CC
:1099E00076655F53656E64696E67434D44006F6EC4
:1099F0004C656176655F526573756C744F6B53632C
:109A0000616E006F6E456E7465725F526573756C42
:109A1000744F6B436D64006F6E4C656176655F5289
:109A20006573756C744F6B436D6400726573657418
:109A3000006F6E5472616E736974696F6E5F41631B
:109A40007469766174696E675F497341637469769E
:109A500065006F6E5472616E736974696F6E5F52E8
:109A6000656164795F4973416374697665006F6EFF
:109A70005472616E736974696F6E5F497341637488
:109A80006976655F53656E64696E67434D44006F28
:109A90006E5472616E736974696F6E5F4D61746349
:109AA00068696E67524F4D5F53656E64696E6743B8
:109AB0004D44006F6E5472616E736974696F6E5FAE
:109AC00049734163746976655F5363616E6E696E55
:109AD00067006F6E5472616E736974696F6E5F5365
:109AE00063616E6E696E675F526573756C744F6B00
:109AF0005363616E006F6E456E7465725F556E7371
:109B0000756273637269626564006F6E4C6561763D
:109B1000655F556E73756273637269626564006F29
:109B20006E4C656176655F47656172436F6E6E6509
:109B300063746564006F6E4C656176655F4E6F6E31
:109B400047656172436F6E6E6563746564006F6E26
:109B50004C656176655F4E6F7468696E67436F6EC2
:109B60006E6563746564006F6E5472616E736974C0
:109B7000696F6E5F556E7375627363726962656457
:109B80005F5363616E6E696E67006F6E5472616ED3
:109B9000736974696F6E5F5363616E6E696E675F40
:109BA00047656172436F6E6E6563746564006F6EC6
:109BB0005472616E736974696F6E5F5363616E6E28
:109BC000696E675F4E6F6E47656172436F6E6E655B
:109BD00063746564006F6E5472616E736974696F4B
:109BE0006E5F5363616E6E696E675F4E6F74686916
:109BF0006E67436F6E6E6563746564006F6E54725A
:109C0000616E736974696F6E5F4E6F6E47656172E6
:109C1000436F6E6E65637465645F4E6F6E4765611A
:109C200072436F6E6E6563746564006F6E5472612B
:109C30006E736974696F6E5F4E6F6E4765617243D4
:109C40006F6E6E65637465645F4E6F7468696E678E
:109C5000436F6E6E6563746564006F6E5472616EFF
:109C6000736974696F6E5F47656172436F6E6E658D
:109C7000637465645F4E6F7468696E67436F6E6E80
:109C80006563746564006F6E5472616E73697469A4
:109C90006F6E5F47656172436F6E6E656374656476
:109CA0005F5363616E6E696E67006F6E5472616EB2
:109CB000736974696F6E5F47656172436F6E6E653D
:109CC000637465645F47656172436F6E6E6563744C
:109CD0006564006F6E5472616E736974696F6E5F54
:109CE0004E6F7468696E67436F6E6E65637465640A
:109CF0005F4C656164734F6E5363616E44656C6164
:109D000079006F6E5472616E736974696F6E5F4E25
:109D10006F7468696E67436F6E6E65637465645FC8
:109D20005363616E6E696E67006F6E5472616E731D
:109D30006974696F6E5F4C656164734F6E536361E4
:109D40006E44656C61795F4C656164734F6E5363FB
:109D5000616E44656C6179006F6E5472616E7369F7
:109D600074696F6E5F4C656164734F6E5363616EAF
:109D700044656C61795F5363616E6E696E670068FC
:109D8000616E646C654576656E743A206576656EC5
:109D9000743D25752C20706172616D3A2025750027
:109DA0006E6F207472616E736974696F6E20667273
:109DB0006F6D207374617465205B25755D20666F1F
:109DC000723A206576656E742025752C207061725C
:109DD000616D202575004F6E6557697265436F6D23
:109DE0006D616E643A3A6F6E4C656176655F536380
:109DF000616E6E696E6700466F756E642025752012
:109E000064657669636573206F6620737065656449
:109E10002025750047656172446574656374696FD8
:109E20006E3A3A6F6E526573657400436F6E6E657D
:109E300063746F725377697463683A3A73657450E8
:109E4000696E506F736974696F6E206E65773A2022
:109E500025640047656172446574656374696F6E5B
:109E60003A3A6F6E4C656176655F5363616E6E69F9
:109E70006E67002F726F6F742F70726F6A656374F4
:109E80002F6E65612F68616C2F73656E736F722F13
:109E900073656375726974792F647332346C363507
:109EA0002F445332344C36355F70726F7669646577
:109EB000722E6870700064706348616E646C6572C5
:109EC00000445332344C36352050726F76696465E5
:109ED000722054696D65722073746174653A20252F
:109EE00064004F6E6557697265436F6D6D616E6496
:109EF0003A3A6F6E5472616E736974696F6E5F5334
:109F000063616E6E696E675F5363616E6E696E67E3
:109F1000002F726F6F742F70726F6A6563742F6E8B
:109F200065612F68616C2F73656E736F722F736537
:109F30006375726974792F647332346C36352F44CB
:109F40005332344C36355F70726F76696465722EA9
:109F500063707000426174746572794368617267FE
:109F60006550726F76696465723A3A73746172749F
:109F700052756E6E696E67004261747465727943E2
:109F8000686172676550726F76696465723A3A6F9C
:109F90006E537562736372696265004F6E655769CF
:109FA0007265436F6D6D616E643A3A6F6E456E74A3
:109FB00065725F49734163746976652E202575006B
:109FC0004F6E676F696E6720626174746572792085
:109FD0006D6561737572656D656E742E20736B6946
:109FE0007070696E672E2E2E004F6E655769726510
:109FF000436F6D6D616E643A3A6F6E456E74657253
:10A000005F53656E64696E67434D442E202575006D
:10A0100053656E643157697265436F6D6D616E642F
:10A020003A206E3A2025752C2062797465734F753D
:10A03000743A20253032582025303258202E2E2ECA
:10A040002C204279746573546F526561643A2025FF
:10A050007500777269746542797465436D643A205E
:10A06000253032582C202530325800627974652012
:10A0700072656365697665643A2076616C75653AE8
:10A080002025752C207265733A2025750045727263
:10A090006F7220696E2053656E6431576972654333
:10A0A0006F6D6D616E642100605A00476561724496
:10A0B0006574656374696F6E3A3A6F6E456E746568
:10A0C000725F47656172436F6E6E656374656400AD
:10A0D0006D52657363616E436F756E7465723A207D
:10A0E00025752C204C656164734F6E28293A202514
:10A0F000750047656172446574656374696F6E3A93
:10A100003A6F6E456E7465725F4E6F6E4765617231
:10A11000436F6E6E65637465640047656172446584
:10A1200074656374696F6E3A3A6F6E456E746572EA
:10A130005F4E6F7468696E67436F6E6E65637465BA
:10A1400064005265676973746572496E74657272F2
:10A1500075707448616E646C6572006D496E7465EB
:10A16000727275707448616E646C65725365743A8E
:10A17000202564005265676973746572496E746561
:10A18000727275707448616E646C657228292066FD
:10A1900061696C65642E2057616974696E67206619
:10A1A0006F72206E6577207363616E2E2E2E0047CE
:10A1B000656172446574656374696F6E3A3A6F6E77
:10A1C000456E7465725F4C656164734F6E53636175
:10A1D0006E44656C617900445332344C36355072AC
:10A1E0006F76696465722049324320696E69742014
:10A1F0006661696C757265004F6E6557697265437B
:10A200006F6D6D616E643A3A6F6E5472616E736910
:10A2100074696F6E5F49734163746976655F4D6100
:10A22000746368696E67524F4D2E20257500536523
:10A230006E64206D61746368524F4D20746F2031DD
:10A2400077697265206275730053656E6431576972
:10A2500072654D61746368524F4D2E206465766956
:10A26000636549643A2030782530385800445332C9
:10A27000344C36355F6472697665722E6370700097
:10A280002F726F6F742F70726F6A6563742F6E65B3
:10A29000612F68616C2F73656E736F722F74656DBB
:10A2A00070657261747572652F746D703131322F03
:10A2B00054656D706572617475726550726F766900
:10A2C0006465722E637070004261747465727943C4
:10A2D000686172676550726F76696465723A3A7345
:10A2E000746F7052756E6E696E670042617474654A
:10A2F000727943686172676550726F7669646572DE
:10A300003A3A6F6E556E7375627363726962650077
:10A31000537461746573536572766963653A3A6F15
:10A320006E556E7375627363726962652829206366
:10A33000616C6C65642E00445332344C36353A3AC5
:10A34000456E746572536C6565704D6F6465282940
:10A3500000445332344C36353A3A456E7465724196
:10A3600063746976654D6F646528290020456E74B5
:10A3700065724163746976654D6F6465282920654F
:10A3800072726F72004F6E6557697265436F6D6DC3
:10A39000616E643A3A6F6E5472616E736974696F7C
:10A3A0006E5F52656164795F416374697661746957
:10A3B0006E672E20257500456E7465724163746961
:10A3C00076654D6F6465206661696C656421005433
:10A3D000656D7065726174757265536572766963D7
:10A3E000653A3A6F6E476574526571756573742886
:10A3F000292063616C6C65642E00416363656C6544
:10A40000726F6D657465722044726976657220643E
:10A4100065696E6974204641494C45440053746136
:10A42000746573536572766963653A3A6F6E5375F6
:10A430006273637269626528292063616C6C65646C
:10A440002E004143433A20494E4954204857204664
:10A4500041494C21004261747465727943686172AC
:10A46000676550726F76696465723A3A535953540E
:10A47000454D5F454E455247595F4C4556454C2E1C
:10A480002074696D65446966663A202564004261FE
:10A49000747465727943686172676550726F76692A
:10A4A0006465723A3A6F6E4765745265717565738B
:10A4B00074202D2053797374656D2F456E65726716
:10A4C000792063616C6C6564006078004F6E65573D
:10A4D000697265436F6D6D616E643A3A6F6E456E79
:10A4E0007465725F5363616E6E696E672E202575A9
:10A4F000006932635772697465206572726F720009
:10A50000312D576972652064657669636520666FD1
:10A51000756E643A20253038582530385800202D83
:10A52000207363616E526573756C742E2025640010
:10A530004572726F7220696E205363616E210060F4
:10A54000A5F000436F6E6E6563746F725377697424
:10A5500063682E637070005265766973696F6E0070
:10A5600050617274005374617465735365727669D7
:10A5700063653A3A6F6E47657452657175657374B9
:10A5800028292063616C6C65642E004146453A20A1
:10A59000494E4954204857204641494C21006D4DB1
:10A5A000415833303030344472697665722E6465B8
:10A5B000696E6974204641494C454400436F6E6E94
:10A5C0006563746F725377697463683A3A756E4C59
:10A5D0006F636B436F6E6E6563746F7228292E20F4
:10A5E0006D4C6F636B436F756E742061667465723A
:10A5F0003A20256400436F6E6E6563746F72537703
:10A60000697463683A3A756E4C6F636B436F6E6E34
:10A610006563746F72506F736974696F6E004F6E0B
:10A620006557697265436F6D6D616E643A3A6F6E1E
:10A630005265736574282900436C65616E207570DE
:10A6400020616E642072657475726E206572726F1F
:10A650007200445332344C363550726F76696465FB
:10A66000723A3A6F6E65576972655363616E436FF4
:10A670006D706C657465643A202564004F6E655793
:10A68000697265436F6D6D616E643A3A6F6E5472B4
:10A69000616E736974696F6E5F53656E64696E672E
:10A6A000434D445F526573756C744F6B436D642EFC
:10A6B000202575006F6E456E7465725F5265737507
:10A6C0006C744F6B5363616E3A207363616E54799F
:10A6D00070653A2025642C206576745F7061726124
:10A6E0006D3A20257500556E6B6E6F776E20736323
:10A6F000616E547970652C2073686F756C64206E80
:10A700006F742068617070656E21002F47656172FB
:10A710002F496420756E7375627363726962650098
:10A72000445332344C363550726F76696465723AF0
:10A730003A53746F70446574656374696F6E002F6B
:10A74000436F6D6D2F315769726520756E73756239
:10A7500073637269626500436F6E6E6563746F72D6
:10A760005377697463683A3A6F6E537461746555D0
:10A770006E737562736372696265642829002F7253
:10A780006F6F742F70726F6A6563742F6E65612FBF
:10A7900068616C2F73656E736F722F4146452F4D44
:10A7A000415833303030782F4D41583330303034C9
:10A7B0005F70726F76696465722E63707000216DD0
:10A7C000456367456E61626C65642C20736B6970CC
:10A7D00070696E672E2E2E004D4158333030303365
:10A7E000204649464F204F564552464C4F573A2037
:10A7F00074733A20257500537461746573536572E0
:10A80000766963653A206E6F74696669636174691D
:10A810006F6E204552524F523A20696E76616C69D4
:10A8200064207374617465206F776E65722C207379
:10A830007461746549643A20256400436F6E6E65E7
:10A8400063746F725377697463683A3A6C6F636BC1
:10A85000436F6E6E6563746F7228292E206D4C6F86
:10A86000636B436F756E742061667465723A202560
:10A870006400436F756C64206E6F74206C6F636B43
:10A8800020636F6E6E6563746F7220666F72203125
:10A890007769726520636D64004765617244657411
:10A8A000656374696F6E3A3A6F6E456E7465725F78
:10A8B0005363616E6E696E670060A5330044533266
:10A8C000344C363550726F76696465723A3A6F6E01
:10A8D0005075745265717565737428290063686FCB
:10A8E00073656E4964783A202575002F476561725B
:10A8F0002F49642073756273637269626500445303
:10A9000032344C363550726F76696465723A3A5318
:10A9100074617274446574656374696F6E002F436B
:10A920006F6D6D2F31576972652073756273637235
:10A9300069626500436F6E6E6563746F7253776909
:10A940007463683A3A6F6E54696D6572206E65770C
:10A950003A2025642C206F6C643A20256400436FF4
:10A960006E6E6563746F725377697463683A3A6F99
:10A970006E53746174655375627363726962656462
:10A9800028292073746174653A202564206D4C6F0A
:10A99000636B65723A202570006D616E7566616348
:10A9A000747572696E67646174612E63004E6578B8
:10A9B0007420626F6F7420737461797320696E20E4
:10A9C000444655206D6F6465004143432046494627
:10A9D0004F2066756C6C2C206669666F2073746FEF
:10A9E000707065642100414343204649464F207002
:10A9F00061747465726E20726573796E632C206465
:10AA0000726F707065643A2025642C20656E6162F7
:10AA10006C656444617461536574733A2025640005
:10AA2000414343204649464F20726573796E632047
:10AA30006572726F722C2064726F707065643A2058
:10AA40002564002F726F6F742F70726F6A65637464
:10AA50002F5F63616368652F6E72663573646B2D5B
:10AA60007372632F6D6F64756C65732F6E72667889
:10AA70002F647269766572732F7372632F6E7266BC
:10AA8000785F6770696F74652E6300476561724413
:10AA90006574656374696F6E3A3A6F6E4C65617682
:10AAA000655F4C656164734F6E5363616E44656CA2
:10AAB000617900556E7265676973746572496E7469
:10AAC00065727275707468616E646C65720041467F
:10AAD0004520696E7465727275707420726567695D
:10AAE0007374726174696F6E206661696C757265EA
:10AAF000004261747465727943686172676550726F
:10AB00006F76696465723A3A62617474657279430A
:10AB1000686172676555706461746564202D2057A3
:10AB2000425F5245533A3A4C4F43414C3A3A53599B
:10AB30005354454D5F454E455247593A3A494400B2
:10AB40006261747465727943686172676555706497
:10AB50006174656428292E206D4E65774D6561739B
:10AB6000757265644368617267653A2025642C20BC
:10AB70006D4D65617375726564496E7465726E6161
:10AB80006C526573697374616E6365496E4F686D6D
:10AB9000733A202564006261747465727943686158
:10ABA00072676555706461746564282920757064E6
:10ABB0006174655265736F757263650088139001E7
:10ABC0002003B00440067D00F500F401E803D0073F
:10ABD0000204081056D21C3A56D21C3B56D21C3BDB
:10ABE00056D21C3B56D29C3B56D21C3B56D21C3BE9
:10ABF00056D21C3B56D29C3A295C0F3C295C8F3DB7
:10AC0000295C8F3B295C8F3D295C8F3C295C8F3D03
:10AC1000295C8F3D295C8F3D295C0F3D0D001A009A
:10AC200034006800D000A001410382060700000044
:10AC3000030100000700000003000000003B013B8F
:10AC4000023B003C013C023C003D013D023D004610
:10AC5000014604460246034601390039000000005F
:10AC60000000000015580300815803000968020025
:10AC7000CD55030059AB0300556902005569020028
:10AC800055690200ED9203002994030059850300E1
:10AC90007D95030081950300515503007153030016
:10ACA000AD8903005D8C030039A90300E3A803000C
:10ACB000053E0300FD960300F8FFFFFF00000000C3
:10ACC0004DAA030017A90300773E0300399703003C
:10ACD0006158030093580300F0FFFFFF00000000DD
:10ACE00055AA03001FA90300753E03004197030006
:10ACF000695803009B580300E8FFFFFF00000000B5
:10AD00005DAA030027A90300733E030049970300CF
:10AD100071580300A3580300E0FFFFFF000000008C
:10AD200065AA03002FA90300713E03005197030099
:10AD300079580300AB580300D8FFFFFF0000000064
:10AD400059580300B3580300895503009D5303006D
:10AD50003D8A0300198D0300000000000000000080
:10AD60006B8B0200DB8B02007F06030000000000FB
:10AD7000000000002B3E03001D5003002D3E030089
:10AD80000000000000000000293E030011500300F5
:10AD9000433E030000450132003200000000003F46
:10ADA0002800640096007D008000C800FA000001C1
:10ADB000F40100020C000000030000000C00000081
:10ADC00003000000014000400143004302430343ED
:10ADD000000B030B020B010B003E013E000C040CA8
:10ADE000020C010C030C050C0041004A014A024A06
:10ADF000005EBCE2613FDD83C29C7E20A3FD1F415B
:10AE00009DC3217FFCA2401E5F01E3BD3E6082DC4A
:10AE1000237D9FC1421CFEA0E1BF5D0380DE3C623A
:10AE2000BEE0025CDF81633D7C22C09E1D43A1FF2A
:10AE30004618FAA427799BC584DA3866E5BB59071A
:10AE4000DB856739BAE406581947A5FB7826C49A0A
:10AE5000653BD987045AB8E6A7F91B45C6987A24FA
:10AE6000F8A6441A99C7257B3A6486D85B05E7B9EA
:10AE70008CD2306EEDB3510F4E10F2AC2F7193CDDA
:10AE8000114FADF3702ECC92D38D6F31B2EC0E50CA
:10AE9000AFF1134DCE90722C6D33D18F0C52B0EEBA
:10AEA000326C8ED0530DEFB1F0AE4C1291CF2D73AA
:10AEB000CA947628ABF517490856B4EA6937D58B9A
:10AEC0005709EBB536688AD495CB2977F4AA48168A
:10AED000E9B7550B88D6346A2B7597C94A14F6A87A
:10AEE000742AC896154BA9F7B6E80A54D7896B356A
:10AEF000E90000008E0100000000803F212C0F18A7
:10AF0000060D020746536E6578743A2025752C208D
:10AF100063757272656E743A20257500536574749A
:10AF2000696E67206E657874004E6F742073657467
:10AF300074696E67206E65787420286C6561766927
:10AF40006E672064656661756C7429006D65617358
:10AF500053746F726167653A2077624368756E6BF0
:10AF600054626C5B25645D203D202D006D6561732E
:10AF700053746F726167653A2077624368756E6BD0
:10AF800054626C5B25645D203D202564004C6F6736
:10AF9000626F6F6B3A3A6F6E52656D6F746557688A
:10AFA000697465626F617264446973636F6E6E6524
:10AFB000637465642829002F726F6F742F70726F2D
:10AFC0006A6563742F6D6F766573656E73652F6D3B
:10AFD0006F766573656E73655F636F72652F696EFB
:10AFE0007465726E616C2F426C655365727669632D
:10AFF000652E63707000556E696D706C656D656E61
:10B00000746564205374617465496420696E2041DD
:10B010006363656C65726F6D6574657250726F768F
:10B02000696465722120617373657274696E672E3D
:10B030002E2E002F726F6F742F70726F6A6563749B
:10B040002F6E65612F68616C2F73656E736F722F41
:10B05000616363656C65726F6D657465722F6C7387
:10B060006D366473585F6D6F766573656E73652FAB
:10B07000416363656C65726F6D6574657250726F64
:10B0800076696465722E6370700053797374656DB0
:10B0900050726F76696465722E6370700054696DCA
:10B0A0006550726F76696465722E63707000756E9C
:10B0B000697854696D654E6F774D733A2025750038
:10B0C00053797374656D4D6F646550726F76696402
:10B0D00065722E637070004446552D424C450053F6
:10B0E000533200426C6553657276696365202D208A
:10B0F000656E61626C6520626F6E64696E67207256
:10B1000065636F76657279206D6F646500426C656A
:10B1100053657276696365202D2064697361626C82
:10B120006520626F6E64696E67207265636F766515
:10B130007279206D6F646500426C65536572766943
:10B1400063653A3A6F6E424C45436F6E6E65637449
:10B15000696F6E4368616E6765642E2062436F6E2F
:10B160006E65637465643A2025752C206164647291
:10B170006573733A20253032583A253032583A2ECA
:10B180002E2E005741524E494E473A20424C452000
:10B190004576656E7420627566666572206F7665A9
:10B1A00072666C6F772100426C65536572766963D5
:10B1B000653A3A6F6E424C45436F6E6E65637469D3
:10B1C0006F6E4368616E676564496D706C2E2062B6
:10B1D000436F6E6E65637465643A2025752C206339
:10B1E0006F6E6E5F68616E646C653A2025752C2009
:10B1F000616464726573733A20257300426C655311
:10B200006572766963653A3A6F6E424C4553636185
:10B210006E526573756C74496D706C28292E2061AF
:10B220006464723A2025732C20727373693A202566
:10B23000642C2069735363616E526573706F6E7313
:10B24000653A2025642C20704E616D653A20257387
:10B2500000253032583A253032583A253032583AA3
:10B26000253032583A253032583A2530325800428B
:10B270006C65536572766963653A3A6F6E506F73A9
:10B28000745265717565737428292063616C6C65EF
:10B29000642E00544F444F3A20496D706C656D65C3
:10B2A0006E74206469726563746564206164766598
:10B2B00072746973696E6700426C65536572766972
:10B2C00063653A3A6F6E53756273637269626500C3
:10B2D00043616E6E6F742073756273637269626529
:10B2E00020746F204D4F56454D454E542062656386
:10B2F00061757365206F66206F7468657220737561
:10B3000062736372697074696F6E730043616E6E0D
:10B310006F742073756273637269626520746F2045
:10B32000444F55424C4554415020626563617573EA
:10B3300065206F66206F7468657220737562736331
:10B3400072697074696F6E730043616E6E6F742002
:10B3500073756273637269626520746F2054415023
:10B360002062656361757365206F66206F74686520
:10B370007220737562736372697074696F6E7300A3
:10B3800043616E6E6F742073756273637269626578
:10B3900020746F204652454546414C4C20626563FF
:10B3A00061757365206F66206F74686572207375B0
:10B3B00062736372697074696F6E730073706C6925
:10B3C000742072656164206265747765656E2063C0
:10B3D000686970732100456570726F6D4368756EA2
:10B3E0006B53746F726167653A3A696E697469612B
:10B3F0006C697A652E2073746172743D25752C20FA
:10B4000073697A653D257500456570726F6D436897
:10B41000756E6B53746F726167652E637070005345
:10B42000746F72616765486561646572206F6B2E29
:10B430002073657373696F6E49643D25642C2063C6
:10B440007572736F723D25752C2066697273744333
:10B4500068756E6B3D25750053746F726167654842
:10B460006561646572206E6F74206F6B2E20696E4B
:10B47000697469616C697A696E672076616C75655B
:10B48000732E00202D20656570726F6D5F7265618F
:10B490006420213D204F4B00202D2063616C6343CD
:10B4A0006865636B73756D20213D204F4B002169EA
:10B4B0007356616C69644368756E6B416464726550
:10B4C000737300656570726F6D5F7265616420668D
:10B4D00061696C65640063616C63436865636B7389
:10B4E000756D204E4F54204F4B00456570726F6D47
:10B4F0004368756E6B53746F726167653A3A657233
:10B50000617365416C6C28292063616C6C65642EE5
:10B5100000657261736553746F7261676548656138
:10B520006465722829206661696C65642E00202D8F
:10B530002073746172744F66667365743A20257562
:10B540002C2073697A653A2025752C2072696E6704
:10B5500053746172743A2025752C2072696E6745A8
:10B560006E643A202575006D65617353746F726166
:10B5700067652E637070004D454D4F52595F5349BA
:10B580005A455F46494C4C5F524553543A20256416
:10B59000004C6F67626F6F6B206D656D6F72792005
:10B5A000617265613A203078253038782C20256426
:10B5B000206279746573004D6561737572656D65A0
:10B5C0006E742074797065206E6F7420666F756E6E
:10B5D000643A20257500666C757368696E67206231
:10B5E000756666657220256420746F2061766F69C8
:10B5F0006420636F6E74696E756174696F6E206D1F
:10B60000697875702E206368756E6B4C656E3A2094
:10B610002564004552524F523A204661696C656478
:10B6200020746F20777269746520746F2065787458
:10B63000666C6173682120617373657274696E67EB
:10B640002E2E2E004C6F67626F6F6B3A3A737461E7
:10B6500072744E65774C6F6728292063616C6C6546
:10B66000642E004D454D5F4C4F47424F4F4B5F425C
:10B670005949445F4C4F4749445F444553435249FD
:10B6800050544F52532E20726573756C74436F641F
:10B69000653A2025640053656E64696E64206672A5
:10B6A0006F6D206765742064657363726970746F71
:10B6B00072732E2073697A653A2025640053656E93
:10B6C00064696E642066726F6D20676574206461C2
:10B6D00074612E2073697A653A2025640044617490
:10B6E000614C6F676765722E637070006D58666598
:10B6F00072537562736372696265642026262074D2
:10B70000686973436C69656E7420213D20726571B0
:10B7100075657374436C69656E740068616E646C02
:10B720006547657444657363726970746F727328DA
:10B73000293A2025752C2025752C20256400466982
:10B740006E645374617274506F732E206375723A15
:10B750002025642C207374617274506F733A202515
:10B7600064007362656D5F74797065732E637070C9
:10B77000003C4752503E0025642C0068616E646CAA
:10B78000654765744461746128293A2025752C2029
:10B790002575004F666673657420676976656E3A35
:10B7A0002025642C206D4C61737444617461526572
:10B7B0006164506F733A20256400466F756E642093
:10B7C000737461727420706F732E204E6F772072C5
:10B7D000656164696E672061637475616C20646182
:10B7E00074612066726F6D20706F736974696F6E1B
:10B7F0003A2025750073657373696F6E496E6465D1
:10B80000783A2025752C206C6F67436F756E743AFB
:10B810002025752C2073657373696F6E49643A2017
:10B8200025750072657475726E56616C75652E654E
:10B830006C656D656E74732E636F756E743A20253A
:10B8400075006F6E5375627363726962653A205258
:10B8500045535F4C4F47425949445F44415441006E
:10B8600068616E646C6547657444617461537562A8
:10B87000736372697074696F6E2E204C6F674944F0
:10B880003A20256400556E73756273637269626550
:10B89000206661696C6564206F6E207265736F75D8
:10B8A0007263653A20257500416C72656164792088
:10B8B0007375627363726962656421206769766972
:10B8C0006E67206572726F72006173796E63537573
:10B8D000627363726962652074687265772065724D
:10B8E000726F72206F6E207265736F757263652060
:10B8F00025752E206572726F723A20256400426CA5
:10B9000065536572766963653A3A6F6E44656C6536
:10B9100074655265717565737428292063616C6C58
:10B9200065642E004552524F523A2073645F626C38
:10B93000655F6761705F616464725F6765742072E0
:10B94000657475726E65643A2025750068616E6471
:10B950006C65476574436F6E6E436F6E6669672EE4
:10B96000206D74753A2025642C20646C3A2025647F
:10B970000068616E646C6547657450656572732814
:10B98000293A2062436F6E6E65637465643A2025C0
:10B99000752C2070656572416464724275663A2048
:10B9A000257300426C654761705365727669636503
:10B9B0003A3A476574426F6E64656450656572001B
:10B9C00068616E646C65476574426F6E64732829A4
:10B9D0003A2062426F6E6465643A2025752C2062BD
:10B9E0006F6E64416464724275663A202573006824
:10B9F000616E646C65507574424C45436F6E666948
:10BA0000672E206861734E616D653A202575006E62
:10BA1000616D654C656E3A202575006E65774E61E7
:10BA20006D653A20257300736574426C65476170DB
:10BA30004E616D653A2025732C207265733A20257E
:10BA4000750053657474696E672072782064617440
:10BA5000616C656E677468206F72206D7475206EFE
:10BA60006F7420696D706C656D656E7465640042FD
:10BA70006C65536572766963653A3A68616E646CA9
:10BA800065507574426F6E64696E6750696E2829DF
:10BA90002E2070696E3A20257300110035001000C9
:10BAA00034000F0033000E003600600060006000BC
:10BAB0006000600060006000600037000E0036002B
:10BAC000600060006000600037000E00360060001B
:10BAD000600037000E003600600037003000310093
:10BAE00032000D0036005900590059005900590024
:10BAF000590059005900370036005A005A005A00C0
:10BB00005A005A005A005A005A00370036005B00AB
:10BB10005B005B005B005B005B005B005B00370071
:10BB20000D00360059005900590059003700360001
:10BB30005A005A005A005A00370036005B005B007A
:10BB40005B005B0037000D003600590059003700DC
:10BB500036005A005A00370036005B005B003700A1
:10BB60000D0036005900370036005A003700360005
:10BB70005B0037002D002E002F002A002B002C0028
:10BB80002700280029000C00360053005300530002
:10BB90005300530053005300530037003600540045
:10BBA0005400540054005400540054005400370012
:10BBB0000C0036005300530053005300370036008A
:10BBC000540054005400540037000C003600530059
:10BBD0005300370036005400540037000C00360084
:10BBE000530037003600540037002400250026009B
:10BBF0002100220023000B0036004D004D004D00B7
:10BC00004D004D004D004D004D00370036004E00F8
:10BC10004E004E004E004E004E004E004E003700CB
:10BC20000B0036004D004D004D004D003700360032
:10BC30004E004E004E004E0037000B0036004D0007
:10BC40004D00370036004E004E0037000B00360026
:10BC50004D00370036004E0037001E001F00200048
:10BC60001B001C001D000A0036001A001A001A00F2
:10BC70001A001A001A001A001A0037000A003600CB
:10BC80001A001A001A001A001A001A001A003700C7
:10BC90000A0036001A001A001A001A001A001A00C8
:10BCA00037000A0036001A001A001A001A001A009B
:10BCB00037000A0036001A001A001A001A0037006E
:10BCC0000A0036001A001A001A0037000A0036006F
:10BCD0001A001A0037000A0036001A00370009005F
:10BCE000360040004000400040004000400040005E
:10BCF000400037000900360040004000400040008E
:10BD000037000900360040004000370009003600C7
:10BD10004000370017001800190008003600160010
:10BD20001600160016001600160016001600160063
:10BD30001600160016001600160016001600370032
:10BD40000700360015001500150015001500150038
:10BD5000150015001500150015001500150015003B
:10BD6000150015003700060036003900390039008B
:10BD70003900390039003900390037000600360033
:10BD80003900390039003900370006003600390023
:10BD90003900370006003600390037001200130062
:10BDA0001400003301333C5054483E53616D706CB5
:10BDB00065732B41727261792E4E65740A3C46524E
:10BDC0004D3E75746638003C5054483E53616D706A
:10BDD0006C65732B41727261792E54696D650A3CF2
:10BDE00046524D3E696E7436342C6E696C6C6162DD
:10BDF0006C653D34323934393637323935003C5090
:10BE000054483E53616D706C65732B417272617959
:10BE10002E5768697465626F6172642E54696D652E
:10BE20000A3C46524D3E696E7436342C6E696C6C19
:10BE300061626C653D343239343936373239350018
:10BE40003C5054483E53616D706C65732B41727267
:10BE500061792E4D6561734163632E54696D65731D
:10BE600074616D700A3C46524D3E75696E74333292
:10BE7000003C5054483E53616D706C65732B4172A9
:10BE80007261792E4D6561734543472E54696D6526
:10BE90007374616D700A3C46524D3E75696E743321
:10BEA00032003C5054483E53616D706C65732B41B9
:10BEB000727261792E4D6561734543476D562E54FC
:10BEC000696D657374616D700A3C46524D3E7569CB
:10BED0006E743332003C5054483E53616D706C6553
:10BEE000732B41727261792E4D6561734779726F60
:10BEF0002E54696D657374616D700A3C46524D3EF7
:10BF000075696E743332003C5054483E53616D7015
:10BF10006C65732B41727261792E4D656173485265
:10BF20002E617665726167650A3C46524D3E666CCD
:10BF30006F61743332003C5054483E53616D706CF5
:10BF400065732B41727261792E4D656173494D5550
:10BF5000362E54696D657374616D700A3C46524D9E
:10BF60003E75696E743332003C5054483E53616DE7
:10BF7000706C65732B41727261792E4D65617349E6
:10BF80004D55366D2E54696D657374616D700A3C44
:10BF900046524D3E75696E743332003C5054483EF3
:10BFA00053616D706C65732B41727261792E4D65B2
:10BFB0006173494D55392E54696D657374616D70A7
:10BFC0000A3C46524D3E75696E743332003C505403
:10BFD000483E53616D706C65732B41727261792EAE
:10BFE0004D6561734D61676E2E54696D6573746143
:10BFF0006D700A3C46524D3E75696E743332003C9A
:10C000005054483E53616D706C65732B4172726180
:10C01000792E4D65617354656D702E4D6561737534
:10C0200072656D656E740A3C46524D3E666C6F617A
:10C03000743332003C5054483E53616D706C6573EC
:10C040002B41727261792E54696D65446574616922
:10C050006C65642E72656C617469766554696D6592
:10C060000A3C46524D3E75696E743332003C505462
:10C07000483E53616D706C65732B41727261792E0D
:10C080005768697465626F6172644D657472696343
:10C0900073436F6D6D2E7265636569766564427971
:10C0A0007465730A3C46524D3E75696E74333200B6
:10C0B0003C5054483E53616D706C65732E417272F2
:10C0C00061792E4D6561734163632E4172726179AE
:10C0D0004163632B780A3C46524D3E666C6F617437
:10C0E0003332003C5054483E53616D706C65732E82
:10C0F00041727261792E4D6561734163632E4172A5
:10C100007261794163632E790A3C46524D3E666CFA
:10C110006F61743332003C5054483E53616D706C13
:10C1200065732E41727261792E4D6561734163634F
:10C130002E41727261794163632E7A0A3C46524DF8
:10C140003E666C6F61743332003C5054483E53611C
:10C150006D706C65732E4D6561734543472E536159
:10C160006D706C65730A3C46524D3E696E74333295
:10C17000003C5054483E53616D706C65732E4D65A4
:10C1800061734543476D562E53616D706C65730A3C
:10C190003C46524D3E666C6F61743332003C5054E5
:10C1A000483E53616D706C65732E41727261792ED9
:10C1B0004D6561734779726F2E417272617947796B
:10C1C000726F2B780A3C46524D3E666C6F61743339
:10C1D00032003C5054483E53616D706C65732E4183
:10C1E000727261792E4D6561734779726F2E41725B
:10C1F0007261794779726F2E790A3C46524D3E66DC
:10C200006C6F61743332003C5054483E53616D7022
:10C210006C65732E41727261792E4D656173477939
:10C22000726F2E41727261794779726F2E7A0A3C71
:10C2300046524D3E666C6F61743332003C50544838
:10C240003E53616D706C65732E4D65617348522E5F
:10C250007272446174610A3C46524D3E75696E7457
:10C260003136003C5054483E53616D706C65732EFE
:10C2700041727261792E4D656173494D55362E417B
:10C28000727261794163632B780A3C46524D3E6677
:10C290006C6F61743332003C5054483E53616D7092
:10C2A0006C65732E41727261792E4D656173494DD3
:10C2B00055362E41727261794163632E790A3C468C
:10C2C000524D3E666C6F61743332003C5054483EB0
:10C2D00053616D706C65732E41727261792E4D657C
:10C2E0006173494D55362E41727261794163632EF7
:10C2F0007A0A3C46524D3E666C6F61743332003CA4
:10C300005054483E53616D706C65732E417272617A
:10C31000792E4D656173494D55362E4172726179A2
:10C320004779726F2B780A3C46524D3E666C6F61BE
:10C33000743332003C5054483E53616D706C6573E9
:10C340002E41727261792E4D656173494D55362EBD
:10C3500041727261794779726F2E790A3C46524D6B
:10C360003E666C6F61743332003C5054483E5361FA
:10C370006D706C65732E41727261792E4D656173BB
:10C38000494D55362E41727261794779726F2E7A16
:10C390000A3C46524D3E666C6F61743332003C502D
:10C3A00054483E53616D706C65732E4172726179B1
:10C3B0002E4D656173494D55366D2E41727261790E
:10C3C0004163632B780A3C46524D3E666C6F617444
:10C3D0003332003C5054483E53616D706C65732E8F
:10C3E00041727261792E4D656173494D55366D2EDE
:10C3F00041727261794163632E790A3C46524D3E27
:10C40000666C6F61743332003C5054483E53616D2A
:10C41000706C65732E41727261792E4D656173493E
:10C420004D55366D2E41727261794163632E7A0AE1
:10C430003C46524D3E666C6F61743332003C505442
:10C44000483E53616D706C65732E41727261792E36
:10C450004D656173494D55366D2E41727261794D4E
:10C4600061676E2B780A3C46524D3E666C6F617474
:10C470003332003C5054483E53616D706C65732EEE
:10C4800041727261792E4D656173494D55366D2E3D
:10C4900041727261794D61676E2E790A3C46524D48
:10C4A0003E666C6F61743332003C5054483E5361B9
:10C4B0006D706C65732E41727261792E4D6561737A
:10C4C000494D55366D2E41727261794D61676E2E00
:10C4D0007A0A3C46524D3E666C6F61743332003CC2
:10C4E0005054483E53616D706C65732E4172726199
:10C4F000792E4D656173494D55392E4172726179BE
:10C500004163632B780A3C46524D3E666C6F617402
:10C510003332003C5054483E53616D706C65732E4D
:10C5200041727261792E4D656173494D55392E41C5
:10C53000727261794163632E790A3C46524D3E66C0
:10C540006C6F61743332003C5054483E53616D70DF
:10C550006C65732E41727261792E4D656173494D20
:10C5600055392E41727261794163632E7A0A3C46D5
:10C57000524D3E666C6F61743332003C5054483EFD
:10C5800053616D706C65732E41727261792E4D65C9
:10C590006173494D55392E41727261794779726FD5
:10C5A0002B780A3C46524D3E666C6F617433320004
:10C5B0003C5054483E53616D706C65732E417272ED
:10C5C00061792E4D656173494D55392E4172726105
:10C5D000794779726F2E790A3C46524D3E666C6FF0
:10C5E00061743332003C5054483E53616D706C6549
:10C5F000732E41727261792E4D656173494D5539C3
:10C600002E41727261794779726F2E7A0A3C4652D6
:10C610004D3E666C6F61743332003C5054483E535B
:10C62000616D706C65732E41727261792E4D65611A
:10C6300073494D55392E41727261794D61676E2B88
:10C64000780A3C46524D3E666C6F61743332003C52
:10C650005054483E53616D706C65732E4172726127
:10C66000792E4D656173494D55392E41727261794C
:10C670004D61676E2E790A3C46524D3E666C6F6185
:10C68000743332003C5054483E53616D706C657396
:10C690002E41727261792E4D656173494D55392E67
:10C6A00041727261794D61676E2E7A0A3C46524D35
:10C6B0003E666C6F61743332003C5054483E5361A7
:10C6C0006D706C65732E41727261792E4D65617368
:10C6D0004D61676E2E41727261794D61676E2B7884
:10C6E0000A3C46524D3E666C6F61743332003C50DA
:10C6F00054483E53616D706C65732E41727261795E
:10C700002E4D6561734D61676E2E41727261794D78
:10C7100061676E2E790A3C46524D3E666C6F6174BD
:10C720003332003C5054483E53616D706C65732E3B
:10C7300041727261792E4D6561734D61676E2E4154
:10C74000727261794D61676E2E7A0A3C46524D3E97
:10C75000666C6F61743332003C5054483E53616DD7
:10C76000706C65732E41727261792E4D65617354E0
:10C77000656D702E54696D657374616D700A3C4609
:10C78000524D3E75696E743332003C5054483E53EE
:10C79000616D706C65732E41727261792E54696D92
:10C7A0006544657461696C65642E75746354696D64
:10C7B000650A3C46524D3E696E743634003C505416
:10C7C000483E53616D706C65732E41727261792EB3
:10C7D0005768697465626F6172644D6574726963EC
:10C7E00073436F6D6D2E73656E7442797465730A51
:10C7F0003C46524D3E75696E743332003C5054488D
:10C800003E5B003C5054483E5D003C5054483E2B3B
:10C8100053616D706C65732E41727261792E417235
:10C82000726179426567696E0A3C46524D3E756990
:10C830006E74380003000000A6BD0500040000006F
:10C84000C7BD050005000000FEBD05000600000094
:10C8500040BE05000700000071BE05000800000092
:10C86000A2BE050009000000D5BE05000A000000B8
:10C8700007BF05000B00000036BF05000C000000DC
:10C8800068BF05000D0000009BBF05000E00000002
:10C89000CDBF05000F000000FFBF05001000000025
:10C8A00034C00500110000006DC00500120000003A
:10C8B000B0C0050013000000E3C005001400000034
:10C8C00016C105001500000049C105001600000052
:10C8D00071C10500170000009DC10500180000008F
:10C8E000D2C105001900000007C205001A000000AF
:10C8F0003CC205001B00000063C205001C000000D4
:10C9000097C205001D000000CBC205001E000000FC
:10C91000FFC205001F00000034C305002000000016
:10C9200069C30500210000009EC30500220000002D
:10C93000D3C305002300000008C405002400000044
:10C940003DC405002500000073C40500260000005A
:10C95000A9C4050027000000DFC40500280000006E
:10C9600013C505002900000047C505002A00000086
:10C970007BC505002B000000B0C505002C000000A1
:10C98000E5C505002D0000001AC605002E000000B8
:10C990004FC605002F00000084C6050030000000CF
:10C9A000B9C6050031000000EEC6050032000000E7
:10C9B00023C705003300000058C7050034000000FD
:10C9C0008AC7050035000000BDC70500360000001D
:10C9D000FCC705003700000003C805003800000050
:10C9E0000AC80500FFFF0000000000003900030036
:10C9F0009CBD05003A00040094BD05003B00050005
:10CA00008ABD05003C0007007CBD05003D000B0011
:10CA100066BD05003E00130040BD05003F00130049
:10CA20001ABD05004000030014BD050041000400CC
:10CA30000CBD05004200050002BD050043000700D3
:10CA4000F4BC050044000B00DEBC050045000400FA
:10CA5000D6BC050046000500CCBC0500470006001A
:10CA6000C0BC050048000700B2BC05004900080032
:10CA7000A2BC05004A00090090BC05004B000A005A
:10CA80007CBC05004C000B0066BC05004D0003009B
:10CA900060BC05004E0003005ABC05004F000700B3
:10CAA0004CBC0500500009003ABC050051000D00C7
:10CAB00020BC050052001500F6BB05005300030022
:10CAC000F0BB050054000300EABB05005500070059
:10CAD000DCBB050056000900CABB050057000D006D
:10CAE000B0BB05005800150086BB050059000300C7
:10CAF00080BB05005A0003007ABB05005B00030001
:10CB000074BB05005C000A0060BB05005D000D0001
:10CB100046BB05005E00130020BB05005F001F0040
:10CB2000E2BA050060000300DCBA05006100040001
:10CB3000D4BA050062000500CABA05006300070008
:10CB4000BCBA050064000B00A6BA0500650002002F
:10CB5000A2BA0500660002009EBA05006700020046
:10CB60009ABA0500FFFF0000000000005342454D47
:10CB700030313132033402340134003406340534A8
:10CB8000000000370337013702370537043706370F
:10CB900008370A370B370C37093707372530325833
:10CBA0003A253032583A253032583A253032583A00
:10CBB000253032583A25303258000000000000007D
:10CBC00000000000E1990300079A030009680200D1
:10CBD000DDA2030055690200556902005569020093
:10CBE000556902006569020065690200D5640200AA
:10CBF000D7640200D96402000000000000000000B9
:10CC0000B99E0300E19E03000968020093920300AD
:10CC1000DD9F030055690200556902005569020055
:10CC20009B92030017A0030049A00300D7640200F1
:10CC3000D9640200F8FFFFFF00000000D99E030046
:10CC4000F39E030009680200DB640200DB6402005B
:10CC5000DD640200DD640200DD640200DD640200C8
:10CC6000DF640200A9A00300DD640200DD640200AD
:10CC7000D7640200E1640200000000000000000030
:10CC8000759E03009D9E03000968020085950300C0
:10CC9000359F03005569020055690200556902007D
:10CCA0006569020065690200FD9E0300D764020009
:10CCB000D9640200F8FFFFFF00000000959E03000A
:10CCC000AF9E030009680200DB640200DB6402001F
:10CCD000DD640200DD640200DD640200DD64020048
:10CCE000DF6402002D9F0300DD640200DD640200AA
:10CCF000D7640200E16402000000000000000000B0
:10CD0000CD990300F599030009680200D99D03003D
:10CD100059970300556902005569020055690200E0
:10CD20006569020065690200D5640200D7640200EB
:10CD3000D964020009080A08060808080708000D57
:10CD4000000000000000000015A8030059A803001F
:10CD5000899C0300259D0300D5900300DD9003000E
:10CD6000000701070000000000000000C9A7030041
:10CD7000F9A70300096802004D9B0300D19B030043
:10CD8000556902005569020055690200119B0300B4
:10CD900065690200D5640200D7640200D96402000C
:10CDA000259A0300AD9A0300A1900300C9900300E7
:10CDB000F8FFFFFF00000000F1A703000BA803002D
:10CDC000459A0300CD9A0300C1900300CF90030061
:10CDD00000000000000000006F900300699703004E
:10CDE0007190030000204060020004080C00080C51
:10CDF00004496E76616C6964000000000000000068
:10CE00000000000000554E4B4E4F574E00000000F2
:10CE100000000000009ECADC240EE5A9E093F3A305
:10CE2000B50000406E53657269616C0062656769A8
:10CE30006E537465704F6E28293A2053657175657D
:10CE40006E63652069732066696E69736865640046
:10CE50004D616E75666163747572696E6753657254
:10CE6000766963652E6370700053657269616C4109
:10CE70006461707465722E63707000546F6F206D02
:10CE8000616E792070617468733A202564206C6942
:10CE90006D697420256400536B6970706564206C43
:10CEA000696E65733A202564004E6F206661756C6B
:10CEB00074206576656E742E0048573A20005345FD
:10CEC000523A204661696C656420746F2073656E08
:10CED00064206275666665722E00416363656C65E9
:10CEE000726F6D657465722063616C6962726174E2
:10CEF000696F6E20646174612073746F726520665F
:10CF000061696C65643A202564004779726F7363C8
:10CF10006F70652063616C6962726174696F6E2005
:10CF2000646174612073746F7265206661696C65F9
:10CF3000643A202564004D61676E65746F6D657499
:10CF400065722063616C6962726174696F6E2064DE
:10CF50006174612073746F7265206661696C6564C9
:10CF60003A202564004D616E75666163747572695F
:10CF70006E67536572766963653A3A6F6E4765749A
:10CF80005265717565737428292063616C6C6564E2
:10CF90002E004C6564536572766963653A3A6F6E2C
:10CFA0005075745265717565737428292063616CBE
:10CFB0006C65642E004C6564536572766963653AEE
:10CFC0003A6F6E47657452657175657374282920D0
:10CFD00063616C6C65642E00496E64696361746999
:10CFE0006F6E536572766963653A3A696E64696318
:10CFF0006174696F6E7354696D65725469636B28EF
:10D0000029204552524F523A206661696C6564206E
:10D01000746F20616C6C6F636174652074696D65F9
:10D020007200456570726F6D536572766963653A1B
:10D030003A6F6E476574526571756573742829205F
:10D0400063616C6C65642E0041543234434D30781A
:10D0500000456570726F6D536572766963653A3A23
:10D060006F6E5075745265717565737428292063ED
:10D07000616C6C65642E0043616C696272617469F5
:10D080006F6E536572766963653A3A6F6E47657481
:10D090005265717565737428292063616C6C6564D1
:10D0A0002E0073746F7028293A20426164207265E3
:10D0B00071756573740043616C6962726174696F44
:10D0C0006E536572766963653A3A6F6E556E737525
:10D0D00062736372696265526573756C7428292086
:10D0E00063616C6C65642E207265736F7572636525
:10D0F00049643A2025752C20726573756C743A204A
:10D100002564006F6E556E73756273637269626534
:10D11000526573756C7428293A20426164207265E7
:10D1200071756573740043616C6962726174696FD3
:10D130006E536572766963653A3A6F6E53756273C2
:10D140006372696265526573756C74282920636126
:10D150006C6C65642E207265736F757263654964CB
:10D160003A2025752C20726573756C743A202564FD
:10D17000006F6E5375627363726962655265737591
:10D180006C7428293A204261642072657175657358
:10D190007400626567696E53657175656E63654F8E
:10D1A0006E28293A204E6F206D6F64652073656C80
:10D1B000656374656400626567696E536571756562
:10D1C0006E63654F6E28293A2053657175656E63ED
:10D1D00065206D757374206265206174206C6561D3
:10D1E00073742036207374657073210063686563FF
:10D1F0006B2073657175656E63653A206661696C55
:10D200006564007475726E2069643A202564202577
:10D21000642025642025642025642025640072751F
:10D220006E6E696E672073746172740073746172DC
:10D230007428293A2042616420726571756573749F
:10D24000004E2F41004372656174696E67206D6105
:10D2500074726963657320666F72206C65617374A4
:10D260002073717561726573210041204D61747284
:10D2700069782073697A65202564202564004F72DF
:10D2800069656E746174696F6E2025642025642061
:10D290002564004552524F523A206D204D61747200
:10D2A00069782073697A6520256420256420697374
:10D2B0004F4B202564004D337833202564202564AE
:10D2C000202564004552524F523A206D696E7620F7
:10D2D0004D61747269782073697A65202564202510
:10D2E000642069734F4B20256400426961732025D7
:10D2F0006420256420256400674D5E2D312025645F
:10D30000202564202564007363616C696E67206664
:10D310006163746F722063616E6E6F74206265204A
:10D320007A65726F210043616C6962726174696F22
:10D330006E536572766963653A3A6F6E50757452D2
:10D3400065717565737428292063616C6C65642E42
:10D350000043616E6E6F74206368616E6765206D57
:10D360006F646520696E206E6F742049444C4520BF
:10D370005374617465004D6F6465206368616E6706
:10D38000656420746F2025640043616E6E6F7420A5
:10D390006368616E67652067726176697479206978
:10D3A0006E206E6F742049444C452053746174653F
:10D3B000005265666572656E636573206368616EB1
:10D3C0006765640043616E6E6F74206368616E67A9
:10D3D000652073657175656E636520696E206E6F7B
:10D3E000742049444C452053746174650053657141
:10D3F00075656E6365206368616E6765640062656C
:10D4000067696E53746570446F6E6528293A2025EC
:10D41000642070726F62657300626567696E537431
:10D420006570446F6E6528293A20737465702025F5
:10D43000642C2025642070726F62657300446973E8
:10D440007061746368206661696C65642E20466152
:10D45000696C656420746F2077616B652077626307
:10D460006F6D6D207374617465206D616368696EA2
:10D47000652E006765745362656D4C656E677468F0
:10D48000206572726F723A20556E6B6E6F776E20E8
:10D490006C6F63616C5265736F7572636549643A52
:10D4A000202575007362656D4368756E6B49642055
:10D4B0003D3D20303A2043616E6E6F742073746F6F
:10D4C0007265206D6561737572656D656E7420613E
:10D4D00073207362656D2E206C6F63616C5265738F
:10D4E0006F7572636549643A2025752C206C656EF2
:10D4F0006774683A20257500446174614C6F6767F2
:10D500006572204552524F523A206D6561737572B3
:10D51000656D656E7420746F6F206269672E20736D
:10D52000697A653A2025642C206D617846726565BC
:10D530005370616365556E74696C4F75744F6643C3
:10D540006F6E74696E756174696F6E733A202564CD
:10D55000007772697465546F5362656D42756666D3
:10D560006572206572726F723A20556E6B6E6F77BE
:10D570006E206C6F63616C5265736F757263654981
:10D58000643A202575004D616E756661637475722D
:10D59000696E67536572766963653A3A6F6E446582
:10D5A0006C657465526571756573742829206361B3
:10D5B0006C6C65642E00253032752530327525304F
:10D5C00031632530377300252A63253032752530C5
:10D5D000327525303163253031752530357300259E
:10D5E0002A63253032752530327525303163253078
:10D5F0003673004D616E75666163747572696E672E
:10D60000536572766963653A3A6F6E506F73745200
:10D6100065717565737428292063616C6C65642E6F
:10D62000004661696C656420746F2064657365727F
:10D6300069616C697A6520444F4E545F554E44458C
:10D64000525354414E4400526563656976656420C7
:10D65000756E737570706F72746564206D65737329
:10D66000616765202575005265636569766564208C
:10D670006D65737361676520666F7220756E6B6E82
:10D680006F776E20657865637574696F6E20636F60
:10D690006E746578742025750041636B00574243B2
:10D6A0004F4D5243563A2044726F70706564206D3E
:10D6B0006573736167652C206265636175736520AE
:10D6C00068656164657220636865636B2066616983
:10D6D0006C6564005742434F4D5243563A204472A2
:10D6E0006F7070656420726F75746564206D65730A
:10D6F000736167652C206265636175736520686579
:10D700006164657220636865636B206661696C653E
:10D7100064005742434F4D5243563A2044726F7053
:10D7200070656420726F75746564206D65737361D4
:10D7300067650048656C6C6F25732D25753A20254B
:10D74000732023257520762825642E25642E2564D4
:10D750002D25782578257825782C20703A76256433
:10D7600029202D3E20257320232575202876256429
:10D770002E25642E25642D25782578257825782C6E
:10D7800020703A7625642900526563656976656480
:10D79000206D657373616765207769746820696EB1
:10D7A00076616C696420657865637574696F6E2055
:10D7B000636F6E74657874005345523A2046616910
:10D7C0006C656420746F20616C6C6F63617465209C
:10D7D0006275666665722E005345523A2052656343
:10D7E00065697665722064697361626C6564005373
:10D7F00045523A20526563656976657220656E61AF
:10D80000626C6564005345523A204661696C6564F8
:10D8100020746F2072656365697665206D6573732A
:10D8200061676520686561646572005345523A20FE
:10D830004661696C656420746F2066756C6C792034
:10D8400072656365697665206D65737361676520D0
:10D85000686561646572005345523A204661696C9F
:10D86000656420746F2072656365697665206D65F7
:10D8700073736167652064617461005345523A2097
:10D880004D6573736167652068616E646C696E676E
:10D89000206661696C6564207769746820657272BE
:10D8A0006F7220272573272E00526F7574652074C0
:10D8B0006F202573206861732065787069726564D4
:10D8C000004661696C656420746F2063616E6365F6
:10D8D0006C2074696D6564206F75742073656E6467
:10D8E00020726571756573740000000067000200A6
:10D8F0009ABA0500660002009EBA050065000200A3
:10D90000A2BA050064000B00A6BA05006300070078
:10D91000BCBA050062000500CABA05006100040037
:10D92000D4BA05005F001F00E2BA05005E001300D4
:10D9300020BB05005D000D0046BB05005C000A0031
:10D9400060BB05005800150086BB050057000D00A0
:10D95000B0BB050056000900CABB05005500070012
:10D96000DCBB050052001500F6BB050051000D00A0
:10D9700020BC0500500009003ABC05004F0007001C
:10D980004CBC05004C000B0066BC05004B000A00B7
:10D990007CBC05004A00090090BC05004900080055
:10D9A000A2BC050048000700B2BC05004700060005
:10D9B000C0BC050046000500CCBC050045000400C5
:10D9C000D6BC050044000B00DEBC05004300070088
:10D9D000F4BC05004200050002BD05004100040042
:10D9E0000CBD05003F0013001ABD05003E001300EA
:10D9F00040BD05003D000B0066BD05003C00070072
:10DA00007CBD05003B0005008ABD05003A0004000E
:10DA100094BD0500485454505F434F44455F434F05
:10DA20004E54494E554500485454505F434F444569
:10DA30005F535749544348494E4700485454505F38
:10DA4000434F44455F50524F43455353494E47005F
:10DA5000485454505F434F44455F4F4B0048545423
:10DA6000505F434F44455F4352454154454400484D
:10DA70005454505F434F44455F41434345505445E0
:10DA80004400485454505F434F44455F4E4F545FE9
:10DA9000415554484F524954415449564500485401
:10DAA00054505F434F44455F4E4F5F434F4E544584
:10DAB0004E5400485454505F434F44455F524553C1
:10DAC000455400485454505F434F44455F504152C1
:10DAD0005449414C00485454505F434F44455F4DB6
:10DAE000554C54495F535441545553004854545075
:10DAF0005F434F44455F414C52454144595F524555
:10DB0000504F5254454400485454505F434F44458D
:10DB10005F4D554C5449504C455F43484F49534520
:10DB20005300485454505F434F44455F4D4F564552
:10DB3000445F5045524D414E454E544C5900485457
:10DB400054505F434F44455F4D4F5645445F5445E5
:10DB50004D504F524152494C5900485454505F4324
:10DB60004F44455F5345455F4F5448455200485424
:10DB700054505F434F44455F4E4F545F4D4F4449AF
:10DB80004649454400485454505F434F44455F550F
:10DB900053455F50524F585900485454505F434FBB
:10DBA00044455F54454D504F524152595F52454490
:10DBB000495245435400485454505F434F44455FD5
:10DBC0004241445F524551554553540048545450C6
:10DBD0005F434F44455F554E415554484F52495A53
:10DBE000454400485454505F434F44455F504159A9
:10DBF0004D454E545F524551554952454400485495
:10DC000054505F434F44455F464F52424944444558
:10DC10004E00485454505F434F44455F4E4F545F4D
:10DC2000464F554E4400485454505F434F44455F5F
:10DC30004241445F4D4554484F4400485454505F5E
:10DC4000434F44455F4E4F545F4143434550544119
:10DC5000424C4500485454505F434F44455F505236
:10DC60004F58595F415554485F52455155495245A7
:10DC70004400485454505F434F44455F524551550A
:10DC80004553545F54494D454F55540048545450E2
:10DC90005F434F44455F434F4E464C494354004811
:10DCA0005454505F434F44455F474F4E45004854DE
:10DCB00054505F434F44455F4C454E4754485F5274
:10DCC0004551554952454400485454505F434F44D0
:10DCD000455F505245434F4E445F4641494C454491
:10DCE00000485454505F434F44455F524551554599
:10DCF00053545F544F4F5F4C415247450048545472
:10DD0000505F434F44455F524551554553545F550D
:10DD1000524C5F544F4F5F4C41524745004854545A
:10DD2000505F434F44455F554E535550504F5254EA
:10DD300045445F4D454449415F545950450048545E
:10DD400054505F434F44455F52414E47455F4E4FED
:10DD5000545F5341544953464941424C450048544D
:10DD600054505F434F44455F4558504543544154D8
:10DD7000494F4E5F4641494C454400485454505F1A
:10DD8000434F44455F415554485F54494D454F55B5
:10DD90005400485454505F434F44455F554E5052D1
:10DDA0004F4345535341424C455F454E54495459A6
:10DDB00000485454505F434F44455F4C4F434B45DC
:10DDC0004400485454505F434F44455F4641494CDA
:10DDD00045445F444550454E44454E4359004854E0
:10DDE00054505F434F44455F555047524144455F4F
:10DDF000524551554952454400485454505F434F91
:10DE000044455F505245434F4E444954494F4E5F3D
:10DE1000524551554952454400485454505F434F70
:10DE200044455F544F4F5F4D414E595F52455155E8
:10DE30004553545300485454505F434F44455F5238
:10DE40004551554553545F4845414445525F464905
:10DE5000454C44535F544F4F5F4C41524745004837
:10DE60005454505F434F44455F4E4F5F52455350AB
:10DE70004F4E534500485454505F434F44455F4E06
:10DE80004F545F494D504C454D454E544544004814
:10DE90005454505F434F44455F4241445F474154AF
:10DEA0004557415900485454505F434F44455F53D0
:10DEB0004552564943455F554E415641494C4142B2
:10DEC0004C4500485454505F434F44455F474154CC
:10DED000455741595F54494D454F55540048545496
:10DEE000505F434F44455F4241445F56455253495A
:10DEF0004F4E00485454505F434F44455F494E5382
:10DF0000554646494349454E545F53544F52414745
:10DF10004500000014DA050027DA05003BDA0500A9
:10DF20003B6405003B6405003B6405003B64050061
:10DF30003B6405003B6405003B6405003B64050051
:10DF40003B6405003B6405003B6405003B64050041
:10DF50003B6405003B6405003B6405003B64050031
:10DF60003B6405003B6405003B6405003B64050021
:10DF70003B6405003B6405003B6405003B64050011
:10DF80003B6405003B6405003B6405003B64050001
:10DF90003B6405003B6405003B6405003B640500F1
:10DFA0003B6405003B6405003B6405003B640500E1
:10DFB0003B6405003B6405003B6405003B640500D1
:10DFC0003B6405003B6405003B6405003B640500C1
:10DFD0003B6405003B6405003B6405003B640500B1
:10DFE0003B6405003B6405003B6405003B640500A1
:10DFF0003B6405003B6405003B6405003B64050091
:10E000003B6405003B6405003B6405003B64050080
:10E010003B6405003B6405003B6405003B64050070
:10E020003B6405003B6405003B6405003B64050060
:10E030003B6405003B6405003B6405003B64050050
:10E040003B6405003B6405003B6405003B64050040
:10E050003B6405003B6405003B6405003B64050030
:10E060003B6405003B6405003B6405003B64050020
:10E070003B6405003B6405003B6405003B64050010
:10E080003B6405003B6405003B6405003B64050000
:10E090003B6405003B6405003B6405003B640500F0
:10E0A0003B64050050DA05005DDA05006FDA050013
:10E0B00082DA05009EDA0500B3DA0500C3DA05004E
:10E0C000D5DA0500ECDA05003B6405003B64050089
:10E0D0003B6405003B6405003B6405003B640500B0
:10E0E0003B6405003B6405003B6405003B640500A0
:10E0F0003B6405003B6405003B6405003B64050090
:10E100003B6405003B6405003B6405003B6405007F
:10E110003B6405003B6405003B6405003B6405006F
:10E120003B6405003B6405003B6405003B6405005F
:10E130003B6405003B6405003B6405003B6405004F
:10E140003B6405003B6405003B6405003B6405003F
:10E150003B6405003B6405003B6405003B6405002F
:10E160003B6405003B6405003B6405003B6405001F
:10E170003B6405003B6405003B6405003B6405000F
:10E180003B6405003B6405003B6405003B640500FF
:10E190003B6405003B6405003B6405003B640500EF
:10E1A0003B6405003B6405003B6405003B640500DF
:10E1B0003B6405003B6405003B6405003B640500CF
:10E1C0003B6405003B6405003B6405003B640500BF
:10E1D0003B6405003B6405003B6405003B640500AF
:10E1E0003B6405003B6405003B6405003B6405009F
:10E1F0003B6405003B6405003B6405003B6405008F
:10E200003B6405003B6405003B6405003B6405007E
:10E210003B6405003B6405003B6405003B6405006E
:10E220003B6405003B6405003B6405003B6405005E
:10E230003B64050007DB050022DB05003EDB050033
:10E240005ADB05006EDB050085DB05003B6405003D
:10E2500099DB05003B6405003B6405003B64050059
:10E260003B6405003B6405003B6405003B6405001E
:10E270003B6405003B6405003B6405003B6405000E
:10E280003B6405003B6405003B6405003B640500FE
:10E290003B6405003B6405003B6405003B640500EE
:10E2A0003B6405003B6405003B6405003B640500DE
:10E2B0003B6405003B6405003B6405003B640500CE
:10E2C0003B6405003B6405003B6405003B640500BE
:10E2D0003B6405003B6405003B6405003B640500AE
:10E2E0003B6405003B6405003B6405003B6405009E
:10E2F0003B6405003B6405003B6405003B6405008E
:10E300003B6405003B6405003B6405003B6405007D
:10E310003B6405003B6405003B6405003B6405006D
:10E320003B6405003B6405003B6405003B6405005D
:10E330003B6405003B6405003B6405003B6405004D
:10E340003B6405003B6405003B6405003B6405003D
:10E350003B6405003B6405003B6405003B6405002D
:10E360003B6405003B6405003B6405003B6405001D
:10E370003B6405003B6405003B6405003B6405000D
:10E380003B6405003B6405003B6405003B640500FD
:10E390003B6405003B6405003B6405003B640500ED
:10E3A0003B6405003B6405003B6405003B640500DD
:10E3B0003B6405003B6405003B6405003B640500CD
:10E3C0003B640500B6DB0500CCDB0500E3DB0500A4
:10E3D000FEDB050012DC050026DC05003BDC050049
:10E3E00054DC050072DC05008CDC05009FDC0500B8
:10E3F000AEDC0500C8DC0500E1DC0500FDDC050045
:10E400001DDD05003EDD05005EDD05003B64050009
:10E410007BDD05003B6405003B64050092DD0500E3
:10E42000B1DD0500C2DD05003B640500DEDD050051
:10E430003B640500F9DD050019DE05003B640500BD
:10E4400035DE05003B6405003B6405003B640500C8
:10E450003B6405003B6405003B6405003B6405002C
:10E460003B6405003B6405003B6405003B6405001C
:10E470003B6405005FDE05003B6405003B6405006E
:10E480003B6405003B6405003B6405003B640500FC
:10E490003B6405003B6405003B6405003B640500EC
:10E4A0003B6405003B6405003B6405003B640500DC
:10E4B0003B6405003B6405003B6405003B640500CC
:10E4C0003B6405003B6405003B6405003B640500BC
:10E4D0003B6405003B6405003B6405003B640500AC
:10E4E0003B6405003B6405003B6405003B6405009C
:10E4F0003B6405003B6405003B6405003B6405008C
:10E500003B6405003B6405003B6405003B6405007B
:10E510003B6405003B6405003B6405003B6405006B
:10E520003B6405003B6405003B6405003B6405005B
:10E530003B6405003B6405003B6405003B6405004B
:10E540003B6405003B6405003B6405003B6405003B
:10E550003B640500E9F2050075DE05008FDE05006D
:10E56000A5DE0500C3DE0500DDDE05003B64050019
:10E57000F3DE0500000000000000000000000000C5
:10E580000000000000000000000000002D0004005A
:10E590009D00040075D30300E9D6030075EF030066
:10E5A000BD7B02007DD3030041D403007DD3030073
:10E5B000F9660200E5DF030051D4030069EF0300B0
:10E5C00099EF030000360136023603360044014459
:10E5D0000042003A013A023A010E000E020E030E0A
:10E5E000000000000000000051D7030079D70300AD
:10E5F00009680200C9E50300556902005569020077
:10E60000591504000D1104006569020065690200D6
:10E61000D5640200D7640200D964020011D8030057
:10E6200009DA0300FFD20300F3D20300F8FFFFFF73
:10E630000000000071D703008BD703002DD8030022
:10E6400021DA030007D30300F9D20300023B0000E4
:10E65000100000000CDA0500023B00001C00000066
:10E6600004DA0500023B000034000000FCD905007C
:10E67000023B000064000000F4D9050002430000E2
:10E6800044000000ECD905000343000044000000F2
:10E69000E4D90500023C000010000000DCD90500B0
:10E6A000023C00001C000000D4D90500023C000020
:10E6B00034000000CCD90500023C000064000000DA
:10E6C000C4D905000040000006000000BCD90500C8
:10E6D0000040000008000000B4D905000040000020
:10E6E0000A000000ACD90500004000000C0000004A
:10E6F000A4D90500004000000E0000009CD90500D0
:10E70000004000001000000094D905000040000007
:10E71000120000008CD90500004000001400000029
:10E7200084D90500024600001C0000007CD90500C9
:10E73000024600003400000074D9050002460000C3
:10E74000640000006CD9050002460000C40000000F
:10E7500064D90500034600001C0000005CD90500D8
:10E76000034600003400000054D9050003460000B1
:10E77000640000004CD9050003460000C4000000FE
:10E7800044D9050004460000280000003CD90500DB
:10E79000044600004C00000034D905000446000087
:10E7A000940000002CD9050004460000240100005C
:10E7B00024D90500023D0000100000001CD905000E
:10E7C000023D00001C00000014D90500023D0000BD
:10E7D000340000000CD90500023D00006400000078
:10E7E00004D90500003E000008000000FCD8050028
:10E7F000010700000C000000F4D80500090100002A
:10E8000008000000ECD80500FFFF00000000000039
:10E8100000000000000700003CC8050011010000D6
:10E8200044C80500FFFF000000000000023501356C
:10E8300005480448004803480248014800474D6520
:10E8400074616461746150726F76696465722E637D
:10E85000707000556E6B6E6F776E53747275637463
:10E86000757265446573657269616C697A65722E4B
:10E8700063707000342E312E322D30303030303015
:10E880003030005468726F75676870757450726FBD
:10E8900076696465722E637070006F6E5472616E7B
:10E8A000736974696F6E5F4D6561737572696E67C8
:10E8B0004C65644F66665F526573756C744C656435
:10E8C0004F666600526573756C744C65644F66667E
:10E8D0003A20257500757064617465566F6C7461BB
:10E8E000676543616C63756C6174696F6E733A2020
:10E8F0002564206D562C206269674C6F61643A2054
:10E90000256400526F7574696E675461626C65505E
:10E91000726F76696465722E637070004D65746104
:10E920006461746148656C706572732E6370700009
:10E93000756172742E637070004572726F72207709
:10E9400068656E2077726974696E6720746F2073D2
:10E95000657269616C2E206572725F636F64653DDC
:10E9600025640A002F726F6F742F70726F6A65636F
:10E97000742F5F63616368652F6E72663573646BB5
:10E980002D7372632F636F6D706F6E656E74732F6E
:10E990006C69627261726965732F7477695F6D6EFD
:10E9A00067722F6E72665F7477695F6D6E67722E25
:10E9B00063002F726F6F742F70726F6A6563742FAC
:10E9C0005F63616368652F6E72663573646B2D7368
:10E9D00072632F636F6D706F6E656E74732F6C69E9
:10E9E000627261726965732F756172742F617070E4
:10E9F0005F756172745F6669666F2E63004572723F
:10EA00006F7220696E206170705F756172745F67EC
:10EA1000657428293A2025640A006F6E5F7561725B
:10EA2000745F6576743A204150505F554152545F8F
:10EA3000434F4D4D554E49434154494F4E5F45520A
:10EA4000524F520A00696E74666C6173685F667338
:10EA50005F6576745F68616E646C65720073796E71
:10EA60006343616C6C43616C6C6261636B3A20253B
:10EA70006400202530327800202020007C002F7296
:10EA80006F6F742F70726F6A6563742F6E65612F7C
:10EA900068616C2F73656E736F722F626174746539
:10EAA000727947617567652F5353322F42617474D1
:10EAB0006572794D6561737572656D656E742E63EF
:10EAC0007070006F6E5472616E736974696F6E5FFF
:10EAD000507265704C65644F6E5F4D656173757201
:10EAE000696E674C65644F6E006F6E5472616E7331
:10EAF0006974696F6E5F507265704C65644F6666CD
:10EB00005F4D6561737572696E674C65644F6666CB
:10EB1000006F6E5472616E736974696F6E5F5265D7
:10EB200073756C744C65644F6E5F526573756C746D
:10EB30004F6B006D536D616C6C5F6C6F61645F76E1
:10EB40006F6C746167653A202564206D56007065AE
:10EB50007263656E743A20256400556E6B6E6F7734
:10EB60006E53747275637475726544617461446543
:10EB700073657269616C697A65722E6370700044A6
:10EB8000495300424C4520574220737461746520FC
:10EB90002573434F4E4E454354454400424C452057
:10EBA00057422072656D6F7665526F757465206689
:10EBB00061696C6564002530327825303278253003
:10EBC000327825303278005768697465626F6172F7
:10EBD0006456657273696F6E2E637070004D617458
:10EBE0007269782E637070004368756E6B5365723E
:10EBF00069616C697A65722E63707000416C696539
:10EC00006E53747275637475726553657269616C65
:10EC1000697A65722E637070005362656D2E637041
:10EC200070006F6E5472616E736974696F6E5F4DC0
:10EC30006561737572696E674C65644F6E5F52658E
:10EC400073756C744C65644F6E00526573756C74AB
:10EC50004C65644F6E3A202575006D4D6561735F9C
:10EC600076616C75655F72656C6961626C653A208E
:10EC70002575004572726F7220696E206E72665F34
:10EC80006472765F73616164635F696E69743A2070
:10EC90002575004572726F7220696E206E72665F14
:10ECA0006472765F73616164635F6368616E6E65F1
:10ECB0006C5F696E69743A202575004572726F72D7
:10ECC00020696E2073616164635F696E69743A20C4
:10ECD00025750054657374206C6F6164204F4E2C51
:10ECE000206C65643A20006F6E5472616E736974B3
:10ECF000696F6E5F52656164795F507265704C65D3
:10ED0000644F66660057616974696E6720666F724A
:10ED100020534C4F542E2E2E0054696D65736C6F2A
:10ED2000742072657175657374206572726F7220DC
:10ED3000256400536C6F742063616E63656C656459
:10ED400021006F6E5472616E736974696F6E5F52E9
:10ED50006573756C744C65644F66665F5072657060
:10ED60004C65644F6E006F6E5472616E73697469A6
:10ED70006F6E5F526573756C744C65644F6E5F5057
:10ED80007265704C65644F66660070696E636F6E85
:10ED90006669672E6300496E74466C6173685F77BD
:10EDA000726974654173796E632E20746172676550
:10EDB000744F66667365743A20257800705F7372CD
:10EDC0006300705F66732D3E705F617069006C65F3
:10EDD0006E0021286C656E202520705F66732D3EC5
:10EDE000705F666C6173685F696E666F2D3E7072EE
:10EDF0006F6772616D5F756E69742900616464721A
:10EE00005F69735F616C69676E656433322864653E
:10EE100073742900616464725F69735F616C696710
:10EE20006E65643332282875696E7433325F7429D5
:10EE3000705F7372632900616464725F69735F77E6
:10EE4000697468696E5F626F756E647328705F665F
:10EE5000732C20646573742C206C656E29005772C6
:10EE6000697465206661696C7572652C20746774BD
:10EE7000616464723A2025782C20696E7075743A4A
:10EE80002025782C2073697A653A2025752C20631B
:10EE90006F64653D256400496E74466C6173685FFC
:10EEA00077726974654173796E63207265717565F7
:10EEB0007374206661696C65642E0053656D6170C2
:10EEC000686F72652074696D656F75742E20696E48
:10EED00074666C61736820646561646C6F636B2039
:10EEE00070726573756D65642E00496E74466C6151
:10EEF00073685F6572617365426C6F636B417379B0
:10EF00006E6300616464725F69735F706167655FFF
:10EF1000616C69676E656428705F66732C20706130
:10EF200067655F616464722900616464725F69731C
:10EF30005F77697468696E5F626F756E647328705D
:10EF40005F66732C20706167655F616464722C205A
:10EF5000286C656E202A20705F66732D3E705F6698
:10EF60006C6173685F696E666F2D3E657261736573
:10EF70005F756E6974292900466C6173682065723B
:10EF8000617365206661696C7572652C20636F64BE
:10EF9000653D2564002F726F6F742F70726F6A6504
:10EFA00063742F6E65612F706C6174666F726D2F64
:10EFB0006273702F6E524635782F6932632E6370FC
:10EFC00070002F726F6F742F70726F6A6563742F89
:10EFD0005F63616368652F6E72663573646B2D7352
:10EFE00072632F6D6F64756C65732F6E7266782F08
:10EFF00068616C2F6E72665F6770696F2E68006162
:10F0000070705F7477695F706572666F726D20777C
:10F0100061732042555359005370694D7578496E9C
:10F0200069742829007370696D75782E637070009B
:10F030005370694D7578496E697420726566636FA7
:10F04000756E742025640073735F70696E3A2025B5
:10F05000642C206D69736F5F70696E3A2025642C93
:10F06000206D6F73695F70696E3A2025642C207380
:10F07000636B5F70696E3A202564006E7266785F1C
:10F080007370695F696E69743A2025750053706901
:10F090004D75784465696E69742829005370694D0F
:10F0A000757820616C7265616479206465696E6948
:10F0B0007469616C697A65642E002F726F6F742FAA
:10F0C00070726F6A6563742F5F63616368652F6E2A
:10F0D00072663573646B2D7372632F6D6F64756C1C
:10F0E00065732F6E7266782F647269766572732FFE
:10F0F0007372632F6E7266785F7370692E6300534C
:10F1000070694D75784465496E69742072656663EF
:10F110006F756E74202564006E7266785F73706917
:10F120005F78666572206572726F723A202564009E
:10F130002F726F6F742F70726F6A6563742F5F63C5
:10F14000616368652F6E72663573646B2D737263CD
:10F150002F636F6D706F6E656E74732F6C69627262
:10F1600061726965732F71756575652F6E72665F63
:10F1700071756575652E63005761726E696E673AC9
:10F1800020526F7574696E675461626C6550726F5E
:10F190007669646572206E6F74696669636174690B
:10F1A0006F6E2071756575652066756C6C21004DFC
:10F1B0006574616461746150726F76696465723AF6
:10F1C0003A4D6574616461746153747265616D5226
:10F1D0006571756573742829202D207265747572A8
:10F1E0006E696E67204C4F434B4544004D6574611A
:10F1F0006461746150726F76696465723A3A6861ED
:10F200006E646C6547657444617461547970654DD2
:10F210006574616461746153747265616D2829203D
:10F220002D204552524F52004572726F723A205350
:10F230006B697070696E6720746F6F2062696720F8
:10F24000646174612074797065206D6574616461B6
:10F2500074612C20646F6573206E6F74206669740E
:10F2600020696E746F206275666665722C20657603
:10F27000656E20616C6C20627920697473656C66C0
:10F280000073657269616C697A654D65746164616A
:10F290007461546F4275666665722829202D204579
:10F2A00052524F5220756E6B6E6F776E2073746181
:10F2B0007465004D6574616461746150726F766944
:10F2C0006465723A3A4D6574616461746153747235
:10F2D00065616D526571756573742829202D2072E2
:10F2E000657475726E696E6720485454505F434F61
:10F2F00044455F494E5445524E414C5F534552562A
:10F3000045525F4552524F52002F726F6F742F70EB
:10F31000726F6A6563742F5F63616368652F6E72D5
:10F32000663573646B2D7372632F6D6F64756C65D6
:10F33000732F6E7266782F647269766572732F739D
:10F3400072632F6E7266785F7477696D2E6300004A
:10F3500038F000200C6D0600010000000040004065
:10F36000010000000100000054F00020206D0600A4
:10F37000000000000030004000000000010000001C
:10F380001E000000260000001D0000000600000016
:10F39000FFFF000000000000060000002800000041
:10F3A0000500000008000000FFFF00000000000052
:10F3B0000000000000000000252E0400FF2E0400C5
:10F3C00009680200E92C0400556902005569020031
:10F3D000556902005569020065690200656902000D
:10F3E000D5640200D7640200D96402006400000002
:10F3F0000A4135405A0000009E3D33405000000055
:10F40000313A314046000000C5362F403C00000034
:10F4100058332D4032000000EB2F2B402800000015
:10F420007F2C29401E0000001229274014000000F4
:10F43000A52525400A0000003922234005000000D0
:10F44000BDAA1E400400000041331A400300000022
:10F45000C5BB1540020000004944114001000000F6
:10F46000CDCC0C400000000051550840FFFF0000CB
:10F4700000C079C402080700286C0600486C06002A
:10F48000080000000010000004000000010000005F
:10F490000338FDD87047000009000000110000008B
:10F4A0000D0000000A0000000300000000000080C2
:10F4B00012000000100000000F0000001500000006
:10F4C00003000000000000800001000068F3050058
:10F4D00050F3050098F3050080F305006E72665F37
:10F4E0006673746F726167655F6572617365006EE4
:10F4F00072665F6673746F726167655F7772697455
:10F5000065000000000000000000000053A104009E
:10F51000958A040099830400ED8D0400000000002A
:10F52000000000002F9904007D8A0400EDD1020044
:10F53000958C040000000000000000000199040008
:10F540001D990400EDD10200258D0400000000008B
:10F5500000000000A92A0400E72E040000010101B8
:10F560000202040408080408000000000000000073
:10F570006DD0020081D0020061EF0200D1D50200FF
:10F5800000000000000000009BD00200AFD002008D
:10F5900065EF0200E9D50200000000000000000055
:10F5A000A5290400BB290400DB290400DB2E04008C
:10F5B0000000000000000000032A0400412A0400AB
:10F5C000652A04008F29040089290400C72E04003D
:10F5D000F8FFFFFF000000008B290400D32E040079
:10F5E0000000000000000000155104002F5104002D
:10F5F0004F5104007F29040083290400A72E040032
:10F60000F8FFFFFF0000000085290400B32E04006E
:10F610000000000000000000B1520400EB520400A2
:10F62000395304007F29040079290400872E04003F
:10F63000F8FFFFFF000000007B290400932E040068
:10F6400000000000000000009B4E0400F12F0400A9
:10F6500000000000000000000000000000000000AA
:10F6600000000000000000007D4E0400EDD102000B
:10F670000000000000000000112E04005D2E0400B8
:10F68000096802000D6E0400556902005569020008
:10F69000556902005569020065690200656902004A
:10F6A000D5640200D7640200D964020000000000A3
:10F6B00000000000D544040005450400096802006C
:10F6C000D1330400556902005569020055690200F2
:10F6D000556902006569020065690200D56402008F
:10F6E000D7640200D9640200E16B0400F8FFFFFF59
:10F6F00000000000FD44040017450400C16C040034
:10F700000000000000000000FD2D04004B2E04004E
:10F71000096802001D3004005569020055690200A5
:10F7200055690200556902006569020065690200B9
:10F73000D5640200D7640200D96402000000000012
:10F7400000000000E92D0400392E040009680200C1
:10F75000F539040055690200556902005569020037
:10F7600055690200113A0400192F0400453A0400BB
:10F77000D7640200D96402002F726F6F742F707209
:10F780006F6A6563742F5F63616368652F6E72666D
:10F790003573646B2D7372632F696E746567726164
:10F7A00074696F6E2F6E7266782F6E7266785F67FF
:10F7B0006C75652E680000002F726F6F742F707269
:10F7C0006F6A6563742F5F63616368652F6E72662D
:10F7D0003573646B2D7372632F6D6F64756C657315
:10F7E0002F6E7266782F647269766572732F7372EA
:10F7F000632F6E7266785F73616164632E630000CD
:10F800002F726F6F742F70726F6A6563742F5F63EE
:10F81000616368652F6E72663573646B2D737263F6
:10F820002F6D6F64756C65732F6E7266782F6861CB
:10F830006C2F6E72665F73616164632E6800426C48
:10F840006554657374536572766963653A3A737487
:10F850006172744D6F64756C6500426C65546573BC
:10F8600074536572766963653A3A6F6E4765745290
:10F8700065717565737428292063616C6C65642EED
:10F8800000426C6554657374536572766963653ABA
:10F8900020536F66746465766963652070726F6269
:10F8A00061626C7920656E61626C65642C206469AC
:10F8B0007361626C696E67006E726635325F64698F
:10F8C0007361626C65426C65537461636B282920B7
:10F8D00063616C6C65642E00736F66746465766931
:10F8E00063652064697361626C65642E00426C65B7
:10F8F00054657374536572766963653A2044544D58
:10F9000020696E69742C2072657475726E6564204E
:10F91000636F646520256400424C45205742206D8A
:10F920006573736167652068616E646C65206661EC
:10F93000696C6564202725732700424C4520574297
:10F94000206D65737361676520616C6C6F63206601
:10F9500061696C656400687678206572726F723ACE
:10F96000202575006672616D6520746F6F206C6F65
:10F970006E67004552524F523A2053462D52202571
:10F980007300696E76616C6964204352430066724D
:10F99000616D6520746F6F2073686F727400696E9B
:10F9A00076616C6964206374726C206D61726B00A7
:10F9B000696E76616C696420656E64206D61726B3E
:10F9C0000053657269616C4672616D652E6370707B
:10F9D00000556E6B6E6F776E5374727563747572CB
:10F9E0006553657269616C697A65722E6370700027
:10F9F000556E6B6E6F776E53747275637475726546
:10FA000053657269616C697A6174696F6E4C656E79
:10FA100067746843616C63756C61746F722E637098
:10FA20007000456570726F6D44656275674D6573F2
:10FA3000736167654275666665722E637070004516
:10FA40006570726F6D44656275674D65737361674C
:10FA50006542756666657220696E697465640073D7
:10FA60006C6565706C6F636B2E63002F726F6F74C3
:10FA70002F70726F6A6563742F5F63616368652FAF
:10FA80006E72663573646B2D7372632F6D6F647560
:10FA90006C65732F6E7266782F6472697665727307
:10FAA0002F7372632F7072732F6E7266785F70722D
:10FAB000732E63002F726F6F742F70726F6A65639D
:10FAC000742F5F63616368652F6E72663573646B54
:10FAD0002D7372632F65787465726E616C2F66701A
:10FAE00072696E74662F6E72665F667072696E748C
:10FAF000662E63002F726F6F742F70726F6A65636A
:10FB0000742F5F63616368652F6E72663573646B13
:10FB10002D7372632F65787465726E616C2F6670D9
:10FB200072696E74662F6E72665F667072696E744B
:10FB3000665F666F726D61742E63001B5B313B33D1
:10FB4000316D0025734C6F67732064726F70706540
:10FB500064202825642925730D0A001B5B306D0085
:10FB60003C25733E2025733A2000496E74466C6133
:10FB700073685F6572617365426C6F636B41737923
:10FB80006E632072657175657374206661696C655A
:10FB9000642E004572617365206661696C757265DB
:10FBA0002C20626C6F636B4F66667365743A202518
:10FBB000782C20636F64653D2564004552415345B0
:10FBC000206661696C6564004E6F6E204646206455
:10FBD00061746120696E20307825700030580020F3
:10FBE0002D2B233000466F726D6174206E6F742070
:10FBF000737570706F727465643A202563005245A6
:10FC0000513A20504F5745524F46460053504920D5
:10FC10004572726F7221002F726F6F742F70726F46
:10FC20006A6563742F6E65612F68616C2F73656EF2
:10FC3000736F722F616363656C65726F6D65746558
:10FC4000722F6C736D366473585F6D6F7665736574
:10FC50006E73652F4C534D364453335F647269762F
:10FC600065722E63707000416363656C65726F6DC1
:10FC7000657465722072616E6765207365742074A7
:10FC80006F2064656661756C74004779726F736389
:10FC90006F70652072616E67652073657420746F84
:10FCA0002064656661756C74004D61676E65746F84
:10FCB0006D65746572207363616C65207365742073
:10FCC000746F2064656661756C740053656E736F44
:10FCD00072206672657175656E6379207365742034
:10FCE000746F2064656661756C743A20504F574597
:10FCF000525F444F574E004661696C20746F207309
:10FD0000746172742074656D70657261747572656A
:10FD1000206D6561737572656D656E74004661690D
:10FD20006C20746F20726561642074656D706572FB
:10FD300061747572652073656E736F7200537562BE
:10FD4000736372697074696F6E73496E666F507217
:10FD50006F76696465722E63707000526F75746996
:10FD60006E675461626C652E637070004661696CE9
:10FD7000656420746F2061646420726F7574653AE5
:10FD800020526F7574696E67207461626C652066BD
:10FD9000756C6C002A202573205B25645D2025731B
:10FDA00000693263496E697428292063616C6C654F
:10FDB000642E206275733A20257500426C65546587
:10FDC0007374536572766963653A3A6F6E507574F1
:10FDD0005265717565737428292063616C6C656464
:10FDE0002E00426C65546573745365727669636561
:10FDF0003A20545820706F776572207365742074B0
:10FE00006F20252B642064426D2C20257300426CEA
:10FE10006554657374536572766963653A3A6861CF
:10FE20006E646C654D6F646550757428292063613C
:10FE30006C6C65642E00426C655465737453657216
:10FE4000766963653A2044544D20636F6D6D616E31
:10FE500064206661696C65643A20636D643D256465
:10FE60002C2063686E3D25642C206C656E3D2564F6
:10FE70002C207061796C6F61643D307825782C207E
:10FE80007374617475733D25640052756E6E696E8E
:10FE9000672074657374206F6E206368616E6E6591
:10FEA0006C3A20256420666F72202564206D7300F3
:10FEB00044544D204C455F544553545F454E4420B7
:10FEC0006661696C656400546573742066696E6967
:10FED000736865642C20726573657474696E67203D
:10FEE0006E6F77002F726F6F742F70726F6A656319
:10FEF000742F5F63616368652F6E72663573646B20
:10FF00002D7372632F6D6F64756C65732F6E7266DF
:10FF1000782F647269766572732F7372632F6E72B5
:10FF200066785F75617274652E63002F726F6F74EF
:10FF30002F70726F6A6563742F5F63616368652FEA
:10FF40006E72663573646B2D7372632F6D6F64759B
:10FF50006C65732F6E7266782F6472697665727342
:10FF60002F7372632F6E7266785F756172742E6381
:10FF7000004578744952515F7265676973746572A0
:10FF800028292063616C6C65642E2070696E3D25A4
:10FF9000640070696E202564206861642070756C4F
:10FFA0006C20636F6E6669673A2025640045727243
:10FFB0006F722063616C6C696E67206E72665F643D
:10FFC00072765F6770696F74655F696E5F696E698D
:10FFD000743A2025640000000000000000000000CA
:10FFE0002DAA02000B8C020003670200496E69749F
:10FFF00069616C697A696E67005374617274696EC5
:0200000260009C
:10000000670053746F7070696E67004465696E694C
:100010007469616C697A696E67007761726E696E86
:100020006700696E666F006465627567001B5B310F
:100030003B33306D001B5B313B33326D001B5B315A
:100040003B33336D001B5B313B33346D001B5B3145
:100050003B33356D001B5B313B33366D001B5B3131
:100060003B33376D00000000ECFF0500F9FF050091
:10007000020006000B000600000000000000000067
:100080002FAA0200498C0200416702000000000014
:100090000000000063EF0200DDD502003031323392
:1000A0003435363738394142434445460000000074
:1000B0007FA305001A0006002200060027000600A4
:1000C0005BFB05002D0006003BFB0500350006002C
:1000D0003D000600450006004D00060055000600E4
:1000E0005D000600FFC1FBE84C90728BE7B35189BD
:1000F00063AB232302841872AA612F3B51A8E53712
:1001000049FBC9CA0C18532CFD45E39AE6F15DB0D2
:10011000B61BB4BE2A50EAE90E9C4B5E5724CCA114
:10012000B759B887FFE07D742648B9C5F3D9A8C48C
:10013000B1D5911101420C39D5B0979D28D4F29BCD
:10014000A4FD6465068C2996FEA2714DF3F82E5825
:10015000DB0D5A5F1528F57407CE25AF2B12E6D0BC
:10016000DB2CDCC37FF03E3A13A4DCE2F96C54E2F2
:10017000D8EAC8880021869C6AD8CB4E146AF94D0B
:10018000D27EB23203C6144B7FD1B8A6797C17ACAD
:10019000ED06ADAF0A947ABA03E792D7150973E872
:1001A0006D16EEE13F781F9D09526EF17C362A7183
:1001B0006C7564448010434E35EC65270AB5FC2607
:1001C000693F599901638AA5BF685CD33CBE0BD6D1
:1001D0007683D657054A3DDD8173C9EB8A8439F4AD
:1001E000360BF70001380038040000000000000062
:1001F00004000000030100000400FCF8F4F0ECE847
:10020000E4E0DCD873645F626C655F6761705F70A7
:100210007063705F736574206661696C65642E201D
:100220006572723A2025750073645F626C655F6762
:1002300061705F636F6E6E5F706172616D5F75702C
:1002400064617465206661696C65642E20657272F4
:100250003A20257500206372635F76616C75653A9C
:100260002030782578206372635F73746F726564E1
:100270003A203078257800257320636865636B2009
:100280006661696C656420696E2025732829207772
:100290006974682076616C756520307825782E0049
:1002A000426C65476170536572766963653A3A726C
:1002B000657175657374446174614C656E677468CB
:1002C0002E2074783A2025642C2072783A202564F8
:1002D0000073645F626C655F6761705F6461746125
:1002E0005F6C656E6774685F7570646174652065C6
:1002F00072726F723A2025640057414B4520555069
:100300003A20416E79206D6F76656D656E7420744C
:1003100068726573686F6C64206C6576656C206FBD
:100320007574206F662072616E67652E2053657448
:1003300020746F2064656661756C74203D20310007
:1003400057414B452055503A2054696D65206265F0
:10035000747765656E2074617073206F7574206F9B
:10036000662072616E67652E2053657420746F205D
:1003700064656661756C74203D20300057414B45C3
:100380002055503A20467265652046616C6C207499
:1003900068726573686F6C64206C6576656C206F3D
:1003A0007574206F662072616E67652E20536574C8
:1003B00020746F2064656661756C74203D20310087
:1003C0005265717565737441647665727469736999
:1003D0006E6728290073645F626C655F6761705F98
:1003E0006164765F7374617274206661696C6564C0
:1003F0003A20257500556E6B6E6F776E00566572EC
:10040000696679206661696C2025733A25640D0A56
:1004100000546D722072657363686564756C652045
:100420006661696C3B20736F6D656F6E6520656CEE
:10043000736527732074696D65723A2025752C20C9
:1004400069643A20257500546D7220726573636883
:100450006564756C65206661696C3B2073696E67C5
:100460006C6573686F742074696D65723A202575C8
:100470002C2069643A20257500546D7220726573D2
:1004800063686564756C65206661696C3B206E6F9E
:100490006E2D6578697374656E742074696D65720C
:1004A0003A2025752C2069643A20257500747970EE
:1004B00065636865636B50726F76696465725265D7
:1004C0007475726E526573756C742D4641494C4556
:1004D00044005265733D2573282575292C204F70E3
:1004E00065723D25642C20436F64653D257500577A
:1004F000726F6E672064617461747970653D2575F3
:100500002C2073686F756C642062653D2575005200
:10051000656D6F7665206C61756E636861626C6590
:1005200020257300416464206C61756E63686162AC
:100530006C65202573005379735372760054696D8E
:100540006500436F6D6D537276005342454D3031F7
:100550003033005762537276004D4158333030309B
:1005600058206472697665723A206572726F723AC9
:100570002077726F6E672073616D706C6520726199
:10058000746520776173207370656369666965645B
:1005900021004F70656E696E672073657269616CCA
:1005A00020706F72742E2062617564526174653DB3
:1005B00025642C207061726974793D25642C207249
:1005C0006573756C742025640A00637265617465D7
:1005D00053657269616C496E74657266616365200A
:1005E0006661696C6564004170706C69636174690F
:1005F0006F6E507265506F7374496E697469616C87
:10060000697A6174696F6E2E63707000554152543F
:1006100020656E61626C65206661696C6564002F9F
:10062000726F6F742F70726F6A6563742F6E65617D
:100630002F7762636F6D6D2D626C652F6E72662F02
:10064000646C536572766963652E637070004672E0
:100650006F6D5065726970686572616C3A20736481
:100660005F626C655F757569645F76735F61646412
:10067000206572726F723A2025780073645F626C35
:10068000655F67617474735F6368617261637465E9
:100690007269737469635F616464206572726F72FA
:1006A0003A20257800546F436861723A2073645F82
:1006B000626C655F757569645F76735F6164642001
:1006C0006572726F723A2025780073645F626C65A0
:1006D0005F67617474735F6368617261637465728C
:1006E00069737469635F61646432206572726F72EA
:1006F0003A202578004D656D6F72792075736564B9
:10070000206265666F7265207768697465626F61E3
:10071000726420696E6974202564004D656D6F7286
:1007200079207573656420616674657220776869E5
:100730007465626F61726420696E6974202564005B
:100740005768697465626F6172642064796E616D67
:10075000696320616C6C6F636174696F6E732025CF
:10076000640074797065636865636B50726F766955
:100770006465725570646174655265736F757263F8
:10078000652D4641494C4544005265733D2573280B
:1007900025752900287570646174655265736F75DD
:1007A0007263652920737562736372697074696F0F
:1007B0006E2065786973742C2062757420636C698F
:1007C000656E7420686173206265656E2072656D68
:1007D0006F7665642E20536B697070696E67206E4A
:1007E0006F7469667920666F72206C6F63616C202C
:1007F000636C69656E74202575005374617274753D
:100800007050726F7669646572004D6574616461E1
:10081000746150726F766964657200526F757469A5
:100820006E675461626C6550726F766964657200C0
:100830005762496E666F50726F76696465720053D5
:100840007562736372697074696F6E73496E666FF7
:1008500050726F76696465720054696D6550726F8D
:1008600076696465720057445400636C6F636B0073
:100870006E72665F7364685F626C6500626C655F70
:10088000626173006E72665F736468004750494F1F
:1008900054450053504900434C4F434B00626C6534
:1008A0005F6E7573006E72665F7364685F736F630B
:1008B0000055415254450053414144430054574967
:1008C0004D005052530000000000000000000000E6
:1008D000C937030067EF0200F5D5020000000000F1
:1008E0000000000099D70200A1D7020069EF0200C2
:1008F00001D602000000000000000000FD6A0400B4
:1009000021450400F94C04006F2E04000000000093
:1009100000000000214604003D460400E34E0400B0
:10092000BB2E040000000000000000008D4D0400FC
:1009300079510400818F0400DF4E04007B2E0400F7
:100940000000000000000000DD3804002D5204000B
:1009500045900400E14E04009B2E040000000000BE
:100960000000000001F002008DF10200F5370300E5
:10097000EBF0020025F1020085EF020019D602001B
:100980000000000000000000B9D802003DD80200BD
:10099000EFF10200ADF2020099D90200B5F30200B6
:1009A00025D602000000000000000000CBD00200AD
:1009B000CFD00200D3D00200D7D00200DBD002009B
:1009C000DFD00200E3D00200E7D002006BEF0200AC
:1009D0000DD60200000000000000000037D0020029
:1009E0005BD00200F5CD020069D0020000000000DB
:1009F00000000000B97A0200CD670200000000008C
:100A000000000000336F02009D8B02009163020022
:100A1000AF630200F3630200156402003564020054
:100A200057425231A45900000951FF937800000049
:100A3000A01C0000C41C0000EA230000C427000022
:100A4000A0280000C82900003A330000E03300006D
:100A500044360000C63700000E3A0000A43D0000F6
:100A6000EC460000B81C0000B84D0000000000007B
:100A7000D2580000261C02003101ED016E00250055
:100A8000930153006600C1009200CB01C6009100A3
:100A90000600CB00680000003157697265004144D0
:100AA00041505445525F454E41424C4544004144FB
:100AB00041505445525F4552524F520041500041FF
:100AC00052524159004153534552540041555448E4
:100AD0005F5349474E45445F575200416363436F3C
:100AE0006E666967004163634461746100416363DA
:100AF000496E666F0041636352616E6765004163D2
:100B00006352616E676573004163637572616379F7
:100B10000041637469766550726F636573736F72B9
:100B20000041646170746572004164617074657243
:100B3000537461746500416463556172744F6E0053
:100B400041646472657373004164647265737349D0
:100B50006E666F00416476004164765061636B6538
:100B60007400416476506172616D73004164765027
:100B7000726F70730041647653657474696E677345
:100B800000416476537461746500416E6F6E796DD7
:100B90006F757300417070496E666F004170706CC4
:100BA00069636174696F6E00417272617941636358
:100BB0000041727261794779726F00417272617996
:100BC0004D61676E00417272617953697A650041C7
:100BD0007661696C61626C6553616D706C655261C0
:100BE000746573004246415200424F4F4C00424FE1
:100BF00054485F5350454544530042524F4144438B
:100C0000415354004255535F4641554C540042599C
:100C100054455F53545245414D00426174746572AE
:100C200079436F7272656374696F6E0042617474A8
:100C300065727953746174757300426C6500426C1F
:100C400065436F6E66696700426C65546573744DE9
:100C50006F646500426C756500426F6E64456E742A
:100C6000727900426F6E644C69737400426F6E64F7
:100C700065644465766963657300426F6E64696E8E
:100C80006744697361626C656400426F6E64696E8B
:100C900067456E61626C656400426F6E64696E6781
:100CA0004F6E636500426F6E64696E67506F6C696A
:100CB000637900426F6E64696E6753616D654D6163
:100CC0006300426F6E64696E6753657474696E6722
:100CD0007300426F6E647300427974655374726579
:100CE000616D004346535200434F44454400434F17
:100CF0004E54494E554F55535F56495355414C5FDD
:100D0000494E4449434154494F4E0043616C696226
:100D1000726174696F6E446174610043616C6962F1
:100D2000726174696F6E4D61747269780043616CB1
:100D30006962726174696F6E53657175656E636522
:100D4000004368617248616E646C6500436861725B
:100D50006163746572697374696300436F6D6D00DC
:100D6000436F6D6D537461747300436F6D6D616E8D
:100D700064734F626A65637400436F6D706163747E
:100D8000576256657273696F6E00436F6D706F6E58
:100D9000656E7400436F6E6E436F6E6669670043E5
:100DA0006F6E6E48616E646C6500436F6E6E50616D
:100DB00072616D7300436F6E6E65637461626C6522
:100DC00000436F6E6E656374656450656572730091
:100DD000436F6E6E6563746F7200436F6E74507212
:100DE00065760043757272656E7453616D706C65E3
:100DF0005261746500437573746F6D0044415441D2
:100E00004C4F474745525F494E56414C4944004478
:100E10004154414C4F474745525F4C4F4747494E1D
:100E20004700444154414C4F474745525F5245416A
:100E300044590044454C45544500444953434F4EA2
:100E40004E4543544544004449565F42595F5A4514
:100E5000524F00444C00444F55424C4500445053BF
:100E600052616E676500445332344C36350044613C
:100E70007461456E7472790044617461456E747278
:100E800079417272617900446174614C6F67676582
:100E90007200446174614C6F67676572436F6E6680
:100EA000696700446174614C6F6767657253746170
:100EB000746500446174614F7574004461746154D9
:100EC0007970650044617461547970654D65746131
:100ED000646174610044617461547970655479701F
:100EE000650044617465004461746554696D650012
:100EF00044656275670044656275674C6576656C2C
:100F00000044656275674C6F67436F6E6669670082
:100F100044656275674C6F67517565727900446509
:100F20006275674C6F67526573756C7400446562D7
:100F300075674D6573736167650044656275674DDC
:100F4000657373616765436F6E66696700446569C1
:100F50006E697469616C697A65004465736372696E
:100F600070746F72730044657461696C65640044E9
:100F7000657461696C656454696D650044657600EB
:100F800044657669636500446576696365496E66A4
:100F90006F004465766963654E616D6500446973F1
:100FA000706C617900446F75626C655461700045C6
:100FB000434700454347436F6E66696700454347B3
:100FC000446174610045434744617461566F6C74B9
:100FD00061676500454347496E666F00454570721D
:100FE0006F6D363442797465417272617900454E95
:100FF000435F4E4F5F4D49544D00454E554D455250
:101000004154494F4E004563686F00456570726FEB
:101010006D00456570726F6D446174610045657067
:10102000726F6D496E64657800456570726F6D49C9
:101030006E666F00456E6572677900456E756D5618
:10104000616C756500456E756D65726174696F6E72
:101050004974656D4D6574616461746100457272B7
:101060006F72004576656E745175657565496E667B
:101070006F004576656E745175657565496E666F6E
:101080004C697374004576656E74730045786563CA
:101090007574696F6E436F6E74657874004578651A
:1010A000637574696F6E436F6E746578744964001C
:1010B000457865637574696F6E436F6E7465787497
:1010C0004D6574616461746100464C4F4154004643
:1010D0006163746F727943616C6962726174696F84
:1010E0006E00466174616C004661756C74496E6691
:1010F0006F0046696C7465720046696C7465724471
:1011000061746100466C6F6174566563746F72320E
:101110004400466C6F6174566563746F72334400AB
:101120004672656566616C6C0046756C6C506F77D5
:1011300065724F66660046775570646174654D6FE1
:10114000646500474554004752616E67650047611A
:10115000747443686172004761747450726F706593
:1011600072747900476174745376630047617474D4
:1011700053766348616E646C65004761747453769E
:10118000634C697374004765617200476561724919
:101190006400477265656E004779726F436F6E66D3
:1011A0006967004779726F44617461004779726FB3
:1011B000496E666F004779726F52616E67650047CE
:1011C00079726F52616E67657300484152445F46A1
:1011D00041554C5400484153485F535452494E477F
:1011E0000048465352004849474800485200485278
:1011F00044617461004852496E666F004852530062
:101200004852534461746100485253537461746589
:1012100000486173680048656170004865617274D8
:101220005261746544617461004869676850617314
:101230007300494D5500494D553600494D553644CA
:1012400061746100494D55364D4461746100494DEA
:1012500055366D00494D553900494D553944617435
:101260006100494D55436F6E66696700494D5549A8
:101270006E666F00494E44494341544500496E64CF
:1012800000496E69744661696C656400496E6974F1
:1012900069616C697A6500496E697469616C697A23
:1012A000656400496E74566563746F723244004918
:1012B0006E74566563746F72334400496E74657260
:1012C0006E616C526573697374616E636500496E1B
:1012D00074657276616C00497346756C6C00497375
:1012E0004F6E0049734F70656E00497353756666A3
:1012F000696369656E74004C4553435F454E435FB7
:10130000574954485F4D49544D004C4953545F4F21
:10131000465F4259544553004C4F57004C50004CC7
:1013200052004C534D36445333004C617374466144
:10133000756C74004C61756E636861626C654C69B4
:101340007374004C61756E636861626C654D6F64A7
:10135000756C65004C61756E63686572004C656400
:10136000004C6564436F6C6F72004C6564496E6439
:101370006578004C65645374617465004C65645312
:101380007461746573004C656473004C656E004C49
:101390006973744F664279746573004C6973744F56
:1013A00066537472696E6773004C6F63616C44615D
:1013B0007461547970654964004C6F63616C4F705F
:1013C00065726174696F6E4964004C6F63616C5043
:1013D0006172616D657465724964004C6F63616C24
:1013E0005265736F757263654964004C6F63616C1D
:1013F000526573706F6E73654964004C6F67004C83
:101400006F67446174614E6F746966696361746982
:101410006F6E004C6F67456E7472696573004C6F38
:10142000674964004C6F67626F6F6B004C6F676752
:10143000696E67004C6F7750617373004C6F77650E
:10144000737446726565004C7041707056657273B6
:10145000696F6E004C7044616C6956657273696F98
:101460006E004C7046696C6573797374656D566572
:101470007273696F6E004C70557064617465507260
:101480006F6772657373004D4158333030307800A8
:101490004D4250535F31004D4250535F32004D4535
:1014A0004D5F4641554C54004D4D464152004D61F3
:1014B00063416464726573733438004D61676E43D1
:1014C0006F6E666967004D61676E44617461004DBF
:1014D00061676E496E666F004D61676E52616E673F
:1014E00065004D61676E52616E676573004D616E98
:1014F00075666163747572696E67004D6178004D41
:10150000656173004D6561737572656D656E74001C
:101510004D656D004D656D6F7279537566666963D3
:1015200069656E637954657374526573756C740084
:101530004D657461004D65746164617461537472CA
:1015400065616D004D657472696373004D696C6C03
:1015500069566F6C7461676573004D696E004D6903
:101560006E696D616C4C6576656C004D69736300E6
:101570004D6F64656C004D6F646966696361746981
:101580006F6E54696D657374616D70004D6F647535
:101590006C65436F6D6D616E64004D6F64756C6555
:1015A0005374617465004D6F64756C655374617438
:1015B0007573004D6F64756C6573537461747573E6
:1015C0004172726179004D6F76656D656E74004E83
:1015D000414D4544004E4F4E45004E4F524D414CFB
:1015E000004E4F54494659004E4F545F41564149B1
:1015F0004C41424C45004E4F5F56495355414C5F5C
:10160000494E4449434154494F4E53004E555300AF
:101610004E555344617461004E6574004E657753B6
:1016200074617465004E6F74546573746564004E24
:1016300072663532004E756C6C004F5645524452FE
:101640004956455F5350454544004F57436F6D6DB4
:10165000616E64004F57436F6D6D616E64526573C8
:10166000756C74004F57506565724368616E6765AD
:10167000004F5750656572456E747279004F575030
:10168000656572466C616773004F57506565724CB3
:10169000697374004F5750656572537461746500C7
:1016A0004F7065726174696F6E004F70657261741E
:1016B000696F6E4D65746164617461004F7065722D
:1016C0006174696F6E5479706500504300504859D9
:1016D00000504F5354005053520050555400506125
:1016E00072616D6574657200506172616D657465DB
:1016F000724D6574616461746100506173736564F7
:1017000000506565720050656572416464720050F6
:10171000657263656E740050696E0050696E670093
:10172000506F6F6C537461747300506F6F6C5374AF
:101730006174734C69737400506F6F6C7300506FF9
:1017400073747572655365727669636500506F7363
:101750007475726556616C756500506F7765724F70
:101760006666416674657252657365740050726F87
:1017700064756374446174610050726F7065727453
:1017800069657300523000523100523132005232DA
:10179000005233005245414400524F5554455F4E6C
:1017A0004F54494649434154494F4E5F4552524F69
:1017B0005200524F5554455F4E4F5449464943419C
:1017C00054494F4E5F4C4F535400524F5554455F50
:1017D0004E4F54494649434154494F4E5F4E455739
:1017E00000524F5554455F53544154455F41444165
:1017F000505445525F44495341424C454400524F76
:101800005554455F53544154455F434F4E4E4543F5
:1018100054494E4700524F5554455F535441544527
:101820005F444953434F4E4E454354494E4700523F
:101830004F5554455F53544154455F4552524F52A2
:1018400000524F5554455F53544154455F455354DE
:1018500041424C495348454400524F5554455F530B
:10186000544154455F48414E445348414B494E47CB
:1018700000524F5554455F53544154455F4E4F54A9
:101880005F434F4E4E454354454400524F555445D7
:101890005F53544154455F4E4F545F555345440088
:1018A00052617756616C75650052656164436F756E
:1018B0006E740052656164524F4D005265636F72E1
:1018C00064005265636F7665727954696D65005284
:1018D0006564005265666572656E63657300526586
:1018E00067697374657200526571756972656453D6
:1018F000616D706C655261746500526573657452F8
:101900006561736F6E005265736574526561736FC4
:101910006E456E756D005265736F7572636500522A
:1019200065736F75726365496E7374616E63654943
:1019300064005265736F757263654D6574616461AF
:10194000746100526573706F6E73654D6574616488
:1019500061746100526F75746553746174650052EF
:101960006F7574696E675461626C6500526F75744F
:10197000696E675461626C65456E74727900526F6E
:101980007574696E675461626C654E6F74696669DF
:10199000636174696F6E54797065005343414C41C3
:1019A000520053484F52545F56495355414C5F497A
:1019B0004E4449434154494F4E005354414E4441D3
:1019C00052445F5350454544005354525543545577
:1019D00052450053616D706C65730053617665000C
:1019E0005363616C617254797065005363616C611B
:1019F00072556E6974005363616C65005363616E68
:101A0000005363616E506172616D73005363616E68
:101A1000526573705061636B6574005363616E52FD
:101A20006573756C74005363616E6E61626C650002
:101A3000536563757269747900536563757269746F
:101A4000794D6F646500536563757269747954618B
:101A500067005365637572697479546167496400FE
:101A600053656375726974795461674D6574616417
:101A70006174610053657175656E63654E756D6265
:101A800065720053657269616C4E756D62657200B6
:101A900053687574646F776E005374617274005389
:101AA0007461727441667465724964005374617242
:101AB0007465640053746174654368616E676500A2
:101AC00053746174654964005374657000537465A0
:101AD0007073446F6E650053746F700053746F7051
:101AE0007065640053747256616C7565005374724E
:101AF000696E67496400537472696E674D657461FD
:101B000064617461005374727563747572655072A8
:101B10006F70657274794D657461646174610053AE
:101B20007562736372697074696F6E496E666F0077
:101B3000537562736372697074696F6E4C69737404
:101B400000537562736372697074696F6E730053CA
:101B5000797374656D0053797374656D4576656E40
:101B6000740053797374656D4576656E744C6F6758
:101B7000456E7472790053797374656D4576656E40
:101B8000744C6F67456E747279417272617900535B
:101B9000797374656D4661696C757265005379730C
:101BA00074656D4D65737361676573005379737404
:101BB000656D4D6F64650053797374656D4D6F6429
:101BC00065537461747573005461696C005461707D
:101BD000506172616D730054656D700054656D7075
:101BE000496E666F0054656D7065726174757265DB
:101BF00056616C7565005465737400546872656154
:101C0000645072696F726974790054696D655379B3
:101C10006E630054696D657374616D7046726F6DAB
:101C200053746172747570005478506F7700554921
:101C30004E5431360055494E5433320055494E54B6
:101C400036340055494E543800554E53554253438F
:101C5000524942450055534147455F4641554C5412
:101C600000556900556E696E697469616C697A65C1
:101C70006400556E6B6E6F776E00557064617465AD
:101C80004C70417070005570646174654C704461B3
:101C90006C69005570646174654C7046696C65735D
:101CA000797374656D005573656400557365724D85
:101CB000656D6F727900557365724D6573736167F9
:101CC000657300566572626F73650056657273695D
:101CD0006F6E496E666F41727261790056697375F5
:101CE000616C0056697375616C496E6453746174FC
:101CF000650056697375616C496E6454797065004E
:101D00005741544348444F470057524954450057A0
:101D1000524954455F574F5F5245535000576169D0
:101D200074466F724368617267650057616B6555F1
:101D3000700057616B65557053746174650057612D
:101D4000726E696E67005762496E666F0057686908
:101D50007465626F617264005768697465626F616F
:101D600072644964005A65726F006163635F6269FF
:101D70006173006163635F6D6174726978006163B0
:101D8000637572616379006163746976650061648B
:101D9000646974696F6E616C56657273696F6E49C0
:101DA0006E666F006164647200616464726573736F
:101DB0000061646472657373496E666F00616C6C78
:101DC0006F636174656400616C6C6F636174696FEB
:101DD0006E73006170694C6576656C006170706C43
:101DE00069636174696F6E0061766553616D706CD3
:101DF0006573416363656C65726174696F6E0061E0
:101E0000766553616D706C65734D61676E6574695D
:101E1000634669656C64006176657261676500613F
:101E20007865730062617365547970654964006216
:101E3000696E61727953697A6500626C6F636B5485
:101E4000696D654D7300626F6479006272616E64E2
:101E50004E616D6500627949640062797465730052
:101E600063686172730063686E0063686E5F656EBD
:101E70006400636D6400636F6D6D56657273696FA6
:101E80006E00636F6D6D616E6400636F6D6D616E8A
:101E9000647300636F6D70616E7900636F6D706F56
:101EA000756E6453797374656D5374617465006302
:101EB0006F6E66696700636F6E74696E75617469D1
:101EC0006F6E496E64657800637269746963616CF2
:101ED0000063757272656E740064617461456E743E
:101EE000726965730064617461456E74727900642F
:101EF0006174615061636B657400646174615479ED
:101F000070654964006461746500646179006465AA
:101F10007369676E0064697265637400646C7278DB
:101F200000646C747800646F75626C655461704411
:101F3000757200646F75626C655461705175696586
:101F40007400656C656D656E747300656D70747991
:101F5000436F756E7400656E61626C656400656EDA
:101F600074727956657273696F6E006576656E740A
:101F7000006576656E747300657865637574696F66
:101F80006E436F6E746578744964006661696C6550
:101F9000640066696C656E616D650066696C746588
:101FA00072537472696E670066697273744368690C
:101FB0006C6449640067726176697479006779724C
:101FC0006F5F6D61747269780068616E646C650042
:101FD0006869676857617465724D61726B00686FFC
:101FE0007572006872006877006877436F6D706182
:101FF000746962696C6974794964006877436F6ECB
:1020000066696700696E64657800696E6974696104
:102010006C5F76616C756500696E6C696E65537492
:102020006F7261676500696E7075744461746100F8
:10203000696E7374616E63654964006973416374AA
:102040006976650069734164766572746973696E57
:10205000670069734F6E0069735363616E526573F5
:10206000706F6E7365006974656D73006C61737475
:102070004D65737361676553656E74006C656E00C2
:102080006C6576656C006C69666574696D65006C7D
:102090006F63616C436C69656E744964006C6F6357
:1020A000616C5265736F757263654964006C6F6330
:1020B000616C5768697465626F6172644964496EE6
:1020C00052656D6F746553636F7065006D56006D7A
:1020D000616341646472006D61676E5F6269617320
:1020E000006D61676E5F6D6174726978006D616724
:1020F0006E657469634669656C64006D616A6F72D0
:1021000056657273696F6E006D616E75666163749A
:10211000757265724E616D65006D6178426C6F63BA
:102120006B54696D654D73006D61784368756E6BB6
:1021300053697A65006D61785F636F6E6E5F696E7B
:1021400074657276616C006D656173006D696E43D4
:102150006F6D6D56657273696F6E006D696E5F634A
:102160006F6E6E5F696E74657276616C006D696E1C
:102170006F7256657273696F6E006D696E75746506
:10218000006D6F64756C654944006D6F64756C65B6
:102190005374617274496E646578006D6F64756C18
:1021A0006573006D6F6E7468006D7475006E616D9F
:1021B000654964006E6577436F6E666967006E659A
:1021C00077506172616D73006E65775365747469E1
:1021D0006E6773006E65775374617465006E657821
:1021E00074006E6578745369626C696E6749640047
:1021F0006E6F74696669636174696F6E456E616262
:102200006C6564006E6F74696669636174696F6E92
:1022100054797065006E6F74696669636174696F83
:102220006E73006E756D6265724F66447063730005
:102230006E756D6265724F66486F7073006E756D76
:102240006265724F665265717565737473006E7561
:102250006D6265724F66526573706F6E7365730061
:102260006F6374657473006F6666736574006F7076
:1022700065726174696F6E4964006F706572617434
:10228000696F6E49644C697374006F706572617434
:10229000696F6E54797065006F726967696E616C01
:1022A00052657175657374496400706172616D6522
:1022B000746572496400706172616D65746572491C
:1022C000644C69737400706172616D657465724904
:1022D0006E64657800706172616D73007061726523
:1022E0006E74496400706174636856657273696FD7
:1022F0006E00706174680070617468506172616D25
:102300006574657249640070617468506172616DD2
:1023100073007061796C6F61640070636261536512
:102320007269616C0070696E636F646500706F6FD5
:102330006C73007072696F726974790070726F6487
:102340007563744E616D650070726F70657274694B
:1023500065730070726F70730070726F746F636F6B
:102360006C56657273696F6E007075626C6963009C
:1023700071756575657300726561643A636F6E743B
:102380006163747300726561643A7573657200729B
:102390006563656976656442797465730072656C1E
:1023A000617469766554696D650072656D6F7465F9
:1023B0005768697465626F6172644964496E4C6FF5
:1023C00063616C53636F70650072657175657374DA
:1023D00073007265717569726564007265736F75FB
:1023E0007263654964007265736F757263655061ED
:1023F0007468007265736F757263655572690072F7
:102400006573706F6E7365496400726573706F6E8B
:10241000736549644C69737400726573706F6E7391
:1024200065496E64657800726573706F6E7365736D
:1024300000726F757465537461746500726F7574A2
:1024400065537461746554696D656F75740072725B
:102450000072724461746100727373690073636126
:102460006C617254797065007363616C6172556E52
:102470006974007365635F6D6F6465007365636F96
:102480006E640073656375726974794D61736B0076
:102490007365637572697479546167496400736523
:1024A0006E7442797465730073657175656E6365EA
:1024B0000073657175656E63654E756D626572005A
:1024C00073657269616C0073657269616C4E756DDC
:1024D0006265720073657269616C4E756D626572DA
:1024E000730073657276696365730073697A65005A
:1024F000736C6176655F6C6174656E637900736C93
:102500006F7700737461636B53697A6500737461EC
:102510007274007374617274496E646578007374C8
:10252000617465007374657000737465704E756DC9
:1025300000737465707300737472696E6749640028
:10254000737562736372697074696F6E730073750B
:10255000705F74696D656F75740073770074617076
:102560005468730074657374007469636B526174AA
:10257000650074696D655A6F6E650074696D657389
:1025800074616D7000746F74616C007479706500B3
:102590007479706549640075733130300075736506
:1025A000640075746354696D6500757569640076BF
:1025B000617269616E7400766563746F720076652E
:1025C0007273696F6E0076657273696F6E496E66BD
:1025D0006F0076657279536C6F770077625665721B
:1025E00073696F6E007768697465626F61726449C0
:1025F000640077696E646F770077726974653A6317
:102600006F6E74616374730077726974653A757381
:1026100065720079656172007A007B436861724877
:10262000616E646C657D007B436F6E6E48616E64A5
:102630006C657D007B456570726F6D496E64657871
:102640007D007B4C6564496E6465787D007B4C65DC
:1026500076656C7D007B4C6F6749647D007B5265BD
:1026600071756972656453616D706C6552617465F2
:102670007D007B53616D706C65526174657D007B7C
:10268000537461746549647D007B53766348616E61
:10269000646C657D007B696E6465787D007B726526
:1026A0006D6F74655768697465626F6172644964BF
:1026B000496E4C6F63616C53636F70657D00000001
:1026C00044130A1419010003FFFFFFFFAF16091995
:1026D0000A040003FFFFFFFFD118ED18701BDF187D
:1026E000611BCC1AA80009003F02311506001E012B
:1026F000EB0B004A4700290318011B02690C014A31
:102700003F06EC00034A47001B041C011B02110E8C
:102710000300470042030100460058071C011B024A
:10272000FA040C001A01111705008E00C8170500E5
:102730008F00F21520018E00891401378E01841458
:1027400001378E016E0C23011A01AC150100470000
:102750001D03010047008E0F01004700F200010039
:102760004700C0001C011A02740F1C011A0236082F
:1027700005008F00AE1927018F00E10C0537C60058
:10278000A80023011B01B8130C001A013115070022
:102790001E0129032A011B02690C07371B05EC00E7
:1027A00009374700EF1201004700BA1A05008F00F1
:1027B0005A1B05008F00CC1605008F001113230152
:1027C0001B01BF1501004700C01902004700571444
:1027D0001C011B02FE140C001A01C31605008F0019
:1027E0009D1605008F00581A05008F00B61A0500C7
:1027F0008F00D40131011B021402103747002A0E4A
:1028000005008F00121B1C011B02BB1837011B02A5
:10281000311505008E0072151C011A02DB190149E1
:102820004600C8133A011B024A1A3C011B02C2139C
:102830001C011B027D1701004600581701004700CC
:102840004B1505008F00B61942011A02F2131C0144
:102850001B02D80A0C001B01320107001F014608A9
:1028600001004700C908003A4600E40849011B027C
:10287000861A03004700E815030047008E14030082
:1028800046009B1403004600C51A03004600871348
:1028900003004600DA1303004700CE13030047008D
:1028A000D21303004600E415030047007A1807001E
:1028B0001F01BA1A0300470003150C001B01191A67
:1028C00007001F01D3140C001B01031405008F0027
:1028D000E31A51011F01E91605008F00D9145301B5
:1028E0001B02400156011B0269001C011B02AF06BE
:1028F00003004700EA0A59011F01650A0A001F0187
:1029000074140A001F01801B0A001F0110015B01E3
:102910001B024B0355018E00370156011B022D018E
:1029200005008F009C0956011B0291075E011B02E6
:102930009C0905008E0091070A001E013B0F6101F2
:102940001B023B0F64011B02690067011B02C503E8
:1029500069011F0119015B011B02C20A41018F00BD
:10296000630A41018F0070006C011F0166001C01A9
:102970001B02270767011B024A0A6E011B025D004A
:10298000030047001D0766018F00400A05008F0005
:1029900023015B011B025E0F6E011B025E0F05002F
:1029A0008F00C20A77011F01630A77011F017000BF
:1029B00078011F016C0A78011F015A180C001B01D5
:1029C0004D147C011B02411401331B02BF1307008D
:1029D0001F01DE0A07001F01320109003E02AA148E
:1029E00081011B02CF1707001F011F1B5B011B0288
:1029F00070160C001B01A4180C001B01171B0C0007
:102A00001B0176140C001A0151150C001B01281A29
:102A10000C001B0182180C001B014E150C001B0141
:102A2000FE140C001B0111130C001B01191387016C
:102A30001A0268105B011B02DB12010E1A02D2128D
:102A40001F001E032515010E1A024916010E1A0257
:102A50003F161F001E03911A03004700991A8C01AC
:102A60001B02BE140100470068108F011B02261BC9
:102A70000C001B01FB130C001B010317010D1A02B4
:102A8000B3130C001A0163150C001B01C21A0C00D1
:102A90001B012E1B93011B02F61201021A023B13AB
:102AA0000C001B010A1B08003F02051959011F01F8
:102AB000D11A96011F01E61207001E017F1399012A
:102AC0001F01B91942011B020511010046001E1227
:102AD00001004600BF1307001E013E1301481F01FD
:102AE000B60F0C001B019A040C001B01EA0A5901E5
:102AF0001E01150E05008E00C60A01481F01221294
:102B0000A3011B02080E07001F01A30504021F01F9
:102B10004C100C001A01490707001F014B02070067
:102B20001F01100A07001F014C0107001F01EC0CD8
:102B300007001F01EF0C07001F01F60C07001F0123
:102B4000F90C07001F01F20C07001F01870807009E
:102B50001F01320C07001F013E0C07001F01770CFC
:102B6000A7014700B40AA8018E002308030046000D
:102B7000320109003F02AA0909003F020E120900B2
:102B80003E02A40909003E02820A004746003914A9
:102B900000094700451700094600EA0A9C013F0268
:102BA000281000451F01840BAF011F01861A004247
:102BB00047007B1B05008F000B17030047007214B2
:102BC000030047006D1418000F014615030047006D
:102BD000E21603004700E41903004700FF1A05004E
:102BE0008F00F2151A008F01DA1A020047007A15D9
:102BF00008003F02650A06001F01741406001F0149
:102C0000801B06001F01CE151C011B02CE15BB0147
:102C10001B02DE1303004700B41603004700061A28
:102C200007001F01F71807001F01531A05008F0046
:102C3000251305008F00381505008F002F1307009E
:102C40001E01B31407001E01A21307001E01811606
:102C500007001E019518C0011B02531A07001F012F
:102C6000051B07001F01ED1A07001F01381507009B
:102C70001F01661A07001F013A1B07001F01F3140A
:102C800007001F01D818C3011B02F71505008F00AC
:102C90006F1861011B023014010046007D14010011
:102CA0004600A81AC6011B022F1A0C001B01C614ED
:102CB00003004700191A0300470098170300470054
:102CC000991908014700A41906001F01D415060030
:102CD0001F01EE1506001F01C1180300470063160F
:102CE00003004700D516030047004D1803004700B6
:102CF000431B0901C7001219030047001516030002
:102D00004700261B030047003C1A21001B02861ABD
:102D10000F0147000317D1011B029815D50146008A
:102D2000E014D60146004D1BD70146000516D80118
:102D30008E00141BD60147008B1703004700A51710
:102D400003004700B617030047006B1A05008F0009
:102D50009B1813014700141BD8018F00E014D60103
:102D60004700E217E0011B025F18DC018F004418E6
:102D7000D8018F004A17D8018F001015D8018F0095
:102D8000141BDA018F00F31A24004700EB19070027
:102D90001F011E18E3011B027219E4011B02141B20
:102DA000DB018F00901805008F006214DD018F0099
:102DB000141BDC018F001517D3018F003A19010095
:102DC00047008015010047007A1504008F00141B8E
:102DD000DD018F00F31A28004700C51914014600D1
:102DE000D019EA018E001517D3018E008C13DD0176
:102DF0008E00B018ED011A02CE15EE011A02141B56
:102E0000D4014700141B05008F00000001000200E0
:102E1000FFFF0300FFFF04000500FFFF060007009F
:102E20000800FFFF0900FFFF0A00FFFF0C000D0074
:102E3000FFFF0B000E000F00FFFF1000FFFF11004F
:102E40001000FFFF120013001400FFFF1500160012
:102E5000170018001900FFFF1A001B001C00FFFFDD
:102E60001D00FFFF1E001F00FFFF200021002200A9
:102E70002300FFFF24002500260027002800FFFF75
:102E800029002A002B002C00FFFF1A00FFFF2D0055
:102E9000FFFF2E002F00FFFF300031003200330013
:102EA0003400FFFF300035003200FFFF3600FFFF27
:102EB00037003800FFFF3900FFFF3A003B00FFFFFB
:102EC0003700FFFF3C00FFFF3D003E00FFFF3F00DB
:102ED0004000FFFF4100FFFF42004300FFFF4400AE
:102EE000450046004700FFFF4300FFFF4800490040
:102EF0004A004B004C004D00FFFF4E00FFFF4F000B
:102F00005000510052005300FFFF5400FFFF5500D6
:102F10005600FFFF5700FFFF59005A005B00FFFFFC
:102F200058005C00FFFF5D005E005F006000610014
:102F3000FFFF62006300FFFF64005800FFFF6500B1
:102F40005800FFFF55006600FFFF6700FFFF5800B5
:102F50006800FFFF69006A006B00FFFF55006C000E
:102F60006D006E00FFFF6F0070007100FFFF5800E2
:102F70005C0068007200FFFF58005C006800FFFF03
:102F800058005C007200FFFF55007300FFFF7400E3
:102F9000FFFF58007200FFFF750076007700FFFF0B
:102FA00058007800FFFF7900FFFF7A00FFFF7B00E9
:102FB000FFFF7C007D007E00FFFF7F00FFFF8000A1
:102FC0003700FFFF8100FFFF8A008B00FFFF8200B8
:102FD00083008400850086008700880089008C00BB
:102FE000FFFF8D00FFFF8E008F0090009100920088
:102FF000FFFF9300FFFF9400FFFF8A009500FFFF93
:103000009600FFFF8A00970098009900FFFF8A0052
:103010009700FFFF9D00FFFF82009A00830084005D
:10302000850086009B00870088009C0089009E0028
:103030008C009F00FFFFA000A100A200A300FFFFE3
:10304000A000A100FFFFA400A500FFFFA600A700AD
:10305000FFFFA8005800A900AA00AB00FFFF7C00FA
:10306000AC00AD00FFFFAE00FFFFAF00FFFFB00000
:10307000B100B200FFFFB300B400B500B600B70066
:10308000B800B900BA00BB00BC00BD00BE00FFFF25
:10309000BF00C000C100FFFFC200C300C400C500E4
:1030A000C600FFFFC700C800FFFFC900CA00CB0071
:1030B000FFFFCC00FFFFCD00CE00CF00FFFFD1000F
:1030C000D200D300D400FFFFD000D500D600FFFF10
:1030D000D700FFFFD800D900FFFF59005A00FFFFBB
:1030E000D800D900DA00FFFFDB00FFFFDC00FFFFA4
:1030F0009700DD00DE00FFFFDF00E000FFFF8A0039
:10310000E100E200E300E400E500E600E700FFFF85
:10311000E800FFFF8A00E900EA00EB00EC00ED00A8
:10312000EE00EF00FFFFF000FFFF8A00F100F20069
:10313000F300F400FFFFF500FFFFFF0000010101B5
:10314000FFFFF600F700F800F900FA00FB00FC00B2
:10315000FD00FE00020103010401FFFF050106015D
:10316000FFFF8A000701FFFF0801FFFF09010A01B5
:103170000B010C01FFFF0D018A000E010F01100170
:1031800011011201FFFF13018A001401150116013C
:10319000170118011901FFFF1A011B011C011D0174
:1031A0001E01FFFF1F0120012101FFFF220123015A
:1031B00024012101FFFF2301210124012501FFFF3B
:1031C00023012601FFFF2701280129012A012B01E4
:1031D0002C012D012E01FFFF2F012301FFFF3001E4
:1031E0008A00FFFF31198F19FFFF3D0B5101AC1110
:1031F000AB11971196119E119D11A511A4113106C5
:10320000BE034207720876013D07310FFFFF030F2F
:10321000370B2700310F6205FFFFAB06420C390C5C
:103220009B03B311B111FFFF500B8008420B4E07F7
:10323000FFFFCC11FF0714104410E907FD10FFFF3A
:10324000F40701103F10B504FFFF320D1A0D010DF8
:10325000FFFF550D06001600FFFFF30D490DD90DB8
:10326000660DC10DA90D7D0D970DFFFF5E0B56027A
:103270000A0FFFFF2E0B940138030D051305880676
:10328000FFFF8D0B620CED07FFFF4A06C505A61276
:10329000B0122B12FFFF3D0B2D003207060A6C0106
:1032A000BD116812AF03FFFF370EFA06BC01FFFF26
:1032B000F201E20101021B02FFFFA203A503FFFFCF
:1032C000220F870001000000A20B8700020000000F
:1032D0005601870003000000FFFF0000000000000F
:1032E000F809870001000000FF09870002000000C4
:1032F0005002870004000000FFFF000000000000F3
:103300003400870001000000620187000200000015
:10331000DC07870003000000490B87000400000061
:10332000FC0C8700050000007112870006000000F9
:103330007712870007000000FFFF00000000000078
:1033400056058700020000006408870003000000A3
:103350005F08870004000000FFFF0000000000007D
:10336000840887000100000024008700020000009C
:10337000FFFF000000000000640387000100000060
:103380008A03870002000000770387000300000023
:10339000FFFF000000000000DA11870000000000BD
:1033A0009106870001000000F7108700020000006E
:1033B00095068700030000008512870004000000C6
:1033C0000401870005000000370687000A0000009E
:1033D000B00187000B0000009E0687000C00000073
:1033E000FFFF000000000000000000000C000000D3
:1033F00001000C00000002000C00000003000C00A3
:10340000000004000C00000005000C000000060095
:103410000C00000007000C00000008000C00000079
:1034200009000C0000000A000C0000000B000C005A
:1034300000000C000C0001004002000000000E0023
:103440000C00000000000C00000000000C00000058
:1034500000000C00000000000C00000000000C0048
:10346000000000000C00000000000C000000000044
:103470000C00000000000C0001004A04B301010030
:103480004F04B50101000D1BB4010100EA0AB601A9
:1034900001000B08B70101006C06B8010100170814
:1034A000B90101007A065A010100F708BA010100CA
:1034B0000309BC0101001806DF0101009A0EE101B9
:1034C0000100240CE2010100120CE5010100AB0E29
:1034D000E6010100500CE70101003D04E801010094
:1034E0006D10EB010100AD05EC0101002C04EF01B2
:1034F0000100C80FF00101005E10F1010100AE12E1
:10350000BD010100C802BE010100880CBF0101001D
:10351000920CC1010100CB05C2010100DA05C40112
:1035200001008710C50101009810C7010100BC0E01
:10353000C8010100E102C9010100D40ECA01010065
:103540009100CB010100C70ECC010100E60ECD01B8
:103550000100F40ACE010100020BCF010100AB080B
:10356000D00101009C08D20101000A16D901010016
:103570006311DE010100480FE901040003000000AF
:10358000040003006E00030000003C060200014A34
:103590003C06030004001802040003006B00030053
:1035A00006003C0802000300440003000900180361
:1035B00003000D00180203000F00180200000500B0
:1035C0001105030011008C01030014000C0501001B
:1035D000160A0C0003001800180203001A00180352
:1035E00003001D00C40000000500110003002100BD
:1035F0001808030027001805020007371805030004
:103600002B00180203002D001806030030000C02E6
:1036100003003500180603003B000C0203004000C5
:10362000180102000E3718010300420018020400BE
:1036300003006600030044000C0104000300720054
:103640000400030076000200004944000400030067
:103650007E00030047001809020002491809030010
:103660004D00180502000349180503005100180217
:103670000300530018030100D4060600030056009F
:103680004400000005001104020041018C00030009
:103690005800180403005B00180203005D001802C4
:1036A00003005F00180204000300620003006200D0
:1036B000C4000200013AC4000300650018020300C0
:1036C0006700840003006A00040203006F004400E6
:1036D000030071001C040400030082000300780052
:1036E000180100000700110003007A00180502000D
:1036F00000061805030080001802000005000800FD
:10370000020055018C0003008200180403008500AC
:103710004400000007001104030087001C0302009E
:103720001F001C0303008B00180300000A000800A0
:1037300002005D011C0103008E00180803009400C4
:103740001C03020006001C01030097001803000080
:103750000A000501020063011C0103009A0018031E
:10376000000005000201020066018C0003009D00BC
:1037700018040000060002010300A0001C01030061
:10378000A200180300000A0011040300A5001C0297
:10379000020005008C000300A90018080300AE0019
:1037A0008C010300B20018070300B70018050300DE
:1037B000BB0018050300BF0018040300C2008C0002
:1037C0000300C400180300000600100000000A00F7
:1037D00010000300C7001C030300CB001C02030001
:1037E000CE0018010200003318010300D0001802B7
:1037F0000300D20018020400030085000300D40077
:103800003C06020000343C060300D8001802030006
:10381000DA0018030300DD0018020100F3060900B6
:103820000300DF0018020200020218020300E20097
:10383000180C0300EC0018020300EE00181103003E
:10384000F40044000200030E44000300F6001802D6
:103850000300F80018020200000D18020300FB002C
:1038600018020300FD0018060300020118020200FE
:1038700000021802030005011802030007011814D2
:10388000000007000800030016013C0603001B01AE
:103890003C0400000A00080303001E011803000096
:1038A0000900110401007B119B010400070059006D
:1038B0000300210104010400060053000300240159
:1038C000180603002A011C0403002E011C0102003B
:1038D00002481806030030011802030032011804E0
:1038E000030036011C0C000003000C010000050061
:1038F0000501030043010C02040003004F00030014
:1039000047013C0E04000300890003004D01C40080
:103910000400060048000100EC000700030050010D
:103920003C0404000300440003005401440003006D
:1039300056010C0103005A018C0103005F010C03C6
:10394000030063013C02030065011C0203006801DF
:103950001C0203006B011C0303006F01180202002C
:103960000C00180103007101180203007301180212
:10397000030077011C0203007A01180B0200020108
:10398000180B0300830118020300850118080200C8
:103990000401180803008E011802030090011805A5
:1039A0000200060118050300960118020400030036
:1039B0003B0003009801C40003009C0118070400A9
:1039C000030037000300A9011803040003003300BB
:1039D000040003002E000400030027000300AC01D4
:1039E00018020200100118020300AF0118020100C2
:1039F000551005000100BA0F03000100870E0300F7
:103A00000100050603000100C01203000100430984
:103A100005000300B1018C0201002109050001002D
:103A200053090500010032090500010011090500D4
:103A30000400030022000300B60118040200DA01AA
:103A40008C000300BE011807040003001B000200E5
:103A5000DC018C000200DB018C000300C7011806AA
:103A60000300CD018C010300D1010C02040003000E
:103A700015000400030003000100530F05000300BC
:103A8000D6018C010300DB010C01020029008C012E
:103A900002002A000C010300DE01180B0300E701FD
:103AA0000C010300EA0118020100B50C0600000039
:103AB0000A00000000000A000A020100001392013F
:103AC0000100331294010100B00086010100560785
:103AD0009A0101006E0E9D01010061065001010076
:103AE000CA1052010100DE1054010100D7049701F1
:103AF000010072119801010079004F0101001411B9
:103B0000AC0101001F11AD010100D202450101000D
:103B10004405440101000E0B8E0101001B0B9001B6
:103B20000100FC0091010100EF0495010100D50C9A
:103B30008801010083028901010073028A010100EA
:103B400030108B01010035108D0101009C05A90189
:103B50000100D6037B010100E0037D010100FA03AF
:103B60007E0101000B047F010100D51080010100DE
:103B70007B0982010100670983010100950284012C
:103B80000100A6011F010100BB0321010100FC028D
:103B900022010100CA0024010100E9002501010001
:103BA000D40026010100DD0028010100DB0B290102
:103BB0000100F30B2B010100FE0B1A010100CE0BDB
:103BC0002C010100690F2D010100830F2E0101005E
:103BD00012032F010100C10130010100CB013201AC
:103BE00001000D02330101002A0234010100350CED
:103BF0003501010090114D010100B3014E0101009A
:103C00009A124B01010035114C010100C90847010E
:103C10000100DB0848010100EE084A0101005500DF
:103C2000570101004300580101004D005C010100F3
:103C300014076801010000076A0101000B076B010E
:103C40000100370A74010100230A750101002E0AE0
:103C5000760101004411790101004D117A01010042
:103C60005D076D0101005A12B10101004B12B20152
:103C700001003C055F0101001B05600101002505F5
:103C8000620101002D05650101007A054401010072
:103C90009105460101002810AE0101001C10B00181
:103CA0000100D4076F010100CA0770010100C107BC
:103CB00071010100A30772010100AC07730101004B
:103CC0007C0AAA0101001712AB010100A2049E01A7
:103CD00001005E049F0101009504A0010100780429
:103CE000A10101006904A20101008604A4010100F0
:103CF000620EA50101005006A6010100BF063601B3
:103D00000100A10F38010100B60639010100CC06FF
:103D10003B010100E2063D010100B4023E01010049
:103D2000E50B16010100D90B17010100F10B190178
:103D30000100FC0B1A010100CC0B1B010100B20BAE
:103D40001D010100BC0B1E010100700740010100B4
:103D5000680743010100780B440100002E00230195
:103D600028012901290129012B012D012E013001F2
:103D700030013001320136013B013B013B013B0187
:103D80003B013B013B013B013B013B013B013B0153
:103D90003B013B013B013B013B013B013B013B0143
:103DA0003B013B013B013B013B013B013B013B0133
:103DB0003B013B013B013B013B013B013B013B0123
:103DC0003C014001430143014401570159015B019A
:103DD0005E01610164016701690169016A016A01AB
:103DE0006C0170017201740179017B018301890109
:103DF0009001900190019001900190019201930136
:103E0000EA130100054A0703010006001C17010020
:103E100000376810000003373017010006373D18DF
:103E200001000D3717140100023737160000230177
:103E30008D1801000C0030170100113738110000F7
:103E40000B37681001000349D806010006007A15F7
:103E500001000549A9020100060068100100015097
:103E6000681001000051A31501000100AE1301000C
:103E7000000C1113010003007A1501000300AE13BA
:103E80000100010C3A1601000700F30801000300CD
:103E9000580701000044850501000600BA1501001D
:103EA0000100DB080100013AD208010006003C17BE
:103EB00001000039261701000139BE14010001007C
:103EC0003C17010003000C13010003007A150100E8
:103ED00007003E1301000038DF1901000138051604
:103EE000010005009713010007009016000007006D
:103EF000FA1401000C00751A010001008E15010072
:103F00000003DC0F0000070017140100013B5203FF
:103F1000010006001714010001434F0E01000600C6
:103F200017140100013C17140100013D1714010092
:103F300002333C1701000333071000000700860915
:103F400001000600CF1700000600DF190100030082
:103F50001D150100F30155160100F4015013010075
:103F60000300671301000300101A01000036861ACF
:103F70000100030068100100000E68100100020E2D
:103F800068100100010E8C1A010003007A1501006F
:103F900008001714010000483D18010003481714D9
:103FA000010004483E1301000148840B0100000990
:103FB000EC00010001002810010006003C17010080
:103FC00000426810010020007A15010020007B1AD1
:103FD000000007002704000015014E1901000C0025
:103FE0001219010003001E14000007006C170100E5
:103FF0000D01F21600000500FE1401000C00EA138A
:1040000001000E01E0140100030043190000050047
:104010005B1901000C00431901000500F2170100B3
:104020002400811901000300D617010005002E1895
:1040300001000300121801000500671901000500C6
:10404000F81901000300F81A010005009F1A010089
:1040500005000018000005006C150100060012198B
:1040600001000600FFFF0000FFFF0200FFFF03004A
:10407000FFFF0400FFFF0500FFFF0600FFFF070032
:10408000FFFF0800FFFF0900FFFF0A00FFFF0B0012
:10409000FFFF0D00FFFF0F00FFFF1000FFFF1100EB
:1040A000FFFF1200FFFF1300FFFF13001400FFFFCC
:1040B0001500FFFF16001700FFFF16001800FFFF96
:1040C0001A00FFFF1B00FFFF1D00FFFF1E00FFFF88
:1040D0001F00FFFF2000FFFF2100FFFF2100220043
:1040E000FFFF2300FFFF2400FFFF2500260027001D
:1040F000FFFF2800FFFF2900FFFF2A00FFFF2B0022
:10410000FFFF2C00FFFF2E00FFFF3000FFFF3100FC
:10411000FFFF3200FFFF3300FFFF3400FFFF3600D8
:10412000FFFF3700FFFF380039003A003B00FFFF78
:104130003C00FFFF3D00FFFF3E00FFFF3F00FFFF91
:104140004000FFFF4100FFFF4200FFFF4300FFFF71
:104150004400FFFF4500FFFF4700FFFF4800FFFF4F
:104160004A00FFFF4B00FFFF4C00FFFF4D00FFFF29
:104170004E00FFFF4F004D00FFFF5000FFFF5100BA
:10418000FFFF52005000FFFF5300FFFF5400550097
:10419000FFFF56005700FFFF5800FFFF5900FFFFC9
:1041A00059005A00FFFF59005A005B00FFFF5C00F6
:1041B0005700FFFF5C005D005700FFFF5E005700E7
:1041C000FFFF5F005700FFFF60005700FFFF610027
:1041D0005700FFFF62005700FFFF63005700FFFF1B
:1041E00054005700FFFF9001024A9001064A28033D
:1041F0000000FFFF090090010000900123019001E1
:1042000000372003000090010437920100003203C0
:10421000000090010637EA03000090010837FFFF15
:104220000A3790010D379001023790010F37900146
:104230001137FFFF0C379001044992013F01F6034B
:1042400000009001034990010549380300003A033A
:104250000000FFFF0549FFFF0050E8030000EE03E8
:104260000000FFFF00519001010090010300900148
:1042700009009001010C900100449001014490015B
:10428000023A9001013A9001003990010139FFFF93
:104290000302900101029001070020030300900136
:1042A000013890010C00FFFF03002C03000098016F
:1042B0000000FFFF0C00C8000D0090010D004E0330
:1042C0000000FFFF0100900101069001003B9001FA
:1042D000013BFFFF023B9001004390010143FFFFC0
:1042E0000343FFFF02439001003C9001013CFFFFAC
:1042F000023C9001004090010302900100469001B1
:104300000146FFFF0246FFFF0346FFFF0446900100
:10431000003D9001013DFFFF023D9001003E9001F4
:10432000013EFFFF013E900102339001033326035B
:10433000000090010500FFFF0500C8000134900156
:10434000013492010700FFFF023490018501FFFF55
:1043500085019001000E9001020E9001010E900166
:10436000040E9001030D9001020D90010800FFFF63
:10437000080090010007FFFF010790010648900127
:104380000748900100489001054890010448FFFF4C
:1043900002489001A701FFFFA701900100329001A0
:1043A000014790010109940100009001AF01FFFF56
:1043B00001459001014590010142900100019001E9
:1043C000200090010101FFFF0101C80003019001DD
:1043D00003014003000090010501C800070190019E
:1043E000070190010A0190010801340300009001C7
:1043F0000B01C8000C0190010C011F010C00C8004A
:104400001101900111012A03000090012200900186
:1044100023009001250090012600900127009001C3
:104420002C0090012B0090012D009001F201000062
:10443000FFFF01000200FFFF03000400FFFF040074
:10444000FFFF0500FFFF0600FFFF04000700FFFF5E
:104450000800FFFF09000A00FFFF0B00FFFF040038
:1044600007000C00FFFF0D00FFFF0E000400FFFF20
:104470000F000200FFFF0400070002000C00FFFF16
:1044800010000200FFFF1100FFFF1200FFFF1300EA
:104490000400FFFF1400FFFF15001600FFFF1700C8
:1044A0000200FFFF040002000C00FFFF1800FFFFE6
:1044B000040019001A00FFFF1B0004001900FFFF91
:1044C0001C000400FFFF0400070002001D001E0086
:1044D000FFFF1F000400FFFF20001D00FFFF04007E
:1044E0001D00FFFF21001D00FFFF22001D00FFFF38
:1044F00023001D00FFFF240007000C00FFFF250024
:1045000002000C00FFFF26001D00FFFF2700FFFF39
:104510002800FFFF29001D00FFFF290007001D00E4
:10452000FFFF2A000400FFFF2100FFFF2B001D00FA
:10453000FFFF2C001D00FFFF04002D00FFFF2E00D9
:10454000FFFF2F00FFFF30002100FFFF04003100BC
:10455000FFFF20003200FFFF33000400FFFF3400A4
:10456000350007003600FFFF37000400FFFF38006A
:10457000FFFF3900FFFF3A00FFFF04001E00FFFFAE
:104580003B0004000C00FFFF3C00FFFF3D00FFFF6D
:104590003E0004000C00FFFF3F0004000C00FFFF82
:1045A0004000FFFF4100FFFF420004000C00FFFF3E
:1045B0004300FFFF2A0044003200FFFF4500FFFFD9
:1045C0004600FFFF470004000C00FFFF4800040006
:1045D0000C00FFFF490004000C00FFFF4A00FFFF32
:1045E0004B00FFFF4C0004000C00FFFF4D00FFFFDD
:1045F0004E003200FFFF4F000400FFFF5000070095
:10460000FFFF5100FFFF0400070052000A001600E0
:10461000FFFF5300FFFF5400040036001D0016008A
:10462000FFFF2000FFFF37002000FFFF550056006E
:104630000200FFFF5700FFFF04000A00FFFF3400E5
:104640003500FFFF3400350002000A00FFFF58006C
:10465000040002000A00FFFF59000200FFFF5A0099
:1046600009000C00FFFF5B001D00FFFF09000700B1
:104670001D00FFFF04000A001D00FFFF5C001D007D
:10468000FFFF09001D00FFFF5D001D00FFFF5E0032
:104690001D00FFFF5F00FFFF6000FFFF6100FFFFE5
:1046A00062000400FFFF6300FFFF64000400FFFFDF
:1046B0006500FFFF6600FFFF6700FFFF6800320034
:1046C000FFFF6900FFFF6A000400FFFF6B001E0090
:1046D000FFFF6C0004001E00FFFF6D001E00FFFFC7
:1046E0006E00FFFF6F00FFFF700007000A000C0064
:1046F000FFFF71000C00FFFF720073000C00FFFF52
:104700007400FFFF7500FFFF62006100FFFF76008D
:10471000FFFF7700FFFF78007700FFFF79007A0046
:104720007B00FFFF7C00FFFF7D007E003200020067
:1047300031003600FFFF7F0032007B00FFFF2F00BB
:1047400032007B00FFFF80007B00FFFF2F00320064
:1047500081007B00FFFF2F007B00FFFF82007B00BA
:10476000FFFF83008400FFFF85000400FFFF860039
:1047700087007B00FFFF04000700020088001D0087
:10478000FFFF89000200FFFF53000200FFFF8A00C5
:104790000200FFFF8B000200FFFF8C000200FFFF02
:1047A0008D000200FFFF8E000200FFFF8F0002005D
:1047B000FFFF90000200FFFF340035003600FFFFCE
:1047C0009100FFFF008100000000000001000000D8
:1047D00001810100020000000100000004810000CE
:1047E0000500000001000000058100000800000035
:1047F00001000000008100000A000000010000002C
:10480000008100000C000000010000000181030095
:104810000E000000010000000081000011000000F7
:1048200001000000028105001300000001000000EB
:10483000038100000800000001000000008100006A
:104840001600000001000000018107000E000000BA
:1048500001000000018109001800000001000000B3
:10486000008100001C000000010000000481000025
:104870001E00000001000000008100002100000077
:104880000100000001810900240000000100000077
:1048900000810000290000000100000001810B00E0
:1048A0002400000001000000008100002C00000036
:1048B0000100000003810D000E0000000100000057
:1048C00001810F00080000000100000000810000CD
:1048D0002E000000010000000181110018000000FE
:1048E00001000000048113003000000001000000FE
:1048F000008100003300000001000000028115006B
:1049000035000000010000000081000038000000B8
:1049100001000000038100003B00000001000000D6
:10492000008100003F00000001000000018117002D
:10493000410000000100000004810000450000006B
:1049400001000000028119000800000001000000C1
:1049500004810000490000000100000002811B00EA
:104960004C00000001000000048100005200000023
:10497000010000000081000055000000010000005F
:1049800001811D00580000000100000000810000AE
:104990005B00000001000000008100005E000000DC
:1049A0000100000001811F0058000000010000000C
:1049B000008121005B000000010000000181230054
:1049C00058000000010000000081000061000000AC
:1049D00001000000018126005800000001000000D5
:1049E00000812800640000000100000001812B000C
:1049F00018000000010000000081000068000000B5
:104A00000100000001812E000800000001000000EC
:104A1000008100006C000000010000000081000027
:104A20006F0000000100000001813000080000005C
:104A30000100000000810000710000000100000082
:104A4000018132000E000000010000000081000022
:104A500073000000010000000181340076000000B6
:104A600001000000018136000E000000010000007E
:104A7000048100007A0000000100000000810000B5
:104A80007D00000001000000018138000E000000E0
:104A900001000000008100007F0000000100000014
:104AA00000813A00820000000100000001813C000A
:104AB000580000000100000001813F008500000057
:104AC00001000000008100008800000001000000DB
:104AD00001814100850000000100000001814300C8
:104AE0000E0000000100000000810000080000002E
:104AF00001000000008100008A00000001000000A9
:104B0000048100008C0000000100000001814700CA
:104B10000800000001000000018149008F00000032
:104B20000100000000810000920000000100000070
:104B300004810000950000000100000000810000D9
:104B4000980000000100000001814B000E000000F1
:104B500020000000018100000800000001000000AA
:104B6000048100009D0000000100000000814D0054
:104B7000A00000000100000000810000A200000071
:104B80000100000000810000A400000001000000FE
:104B900001814F00A6000000010000000481000018
:104BA000A90000000100000000810000AD0000002D
:104BB0000100000000810000AF00000001000000C3
:104BC00001815100A60000000100000004810000E6
:104BD000B10000000100000004810000B5000000E9
:104BE0000100000000810000B90000000100000089
:104BF00000810000BB0000000100000001815300A3
:104C0000A60000000100000004810000BD000000BB
:104C10000100000000810000C10000000100000050
:104C200004810000C30000000100000000810000BA
:104C3000C70000000100000000810000C900000062
:104C40000100000004810000CB0000000100000012
:104C500004810000CF00000001000000048100007A
:104C6000D30000000100000000810000D700000018
:104C70000100000000810000D900000001000000D8
:104C800001815500A6000000010000000481000021
:104C9000DB0000000100000000810000DF000000D8
:104CA0000100000000810000E100000001000000A0
:104CB00004810000E4000000010000000081000009
:104CC000E70000000100000001815700E70000003C
:104CD0000100000000810000EA0000000100000067
:104CE00001815900EC000000010000000281000079
:104CF000080000000100000000810000F200000038
:104D00000100000004810000F40000000100000028
:104D100000810000FA000000010000000481000092
:104D2000FC0000000100000000815B00FF000000AB
:104D300001000000028100000301000001000000EA
:104D400003810000050100000100000000815D00FA
:104D5000080100000100000000815D000B0100005F
:104D600001000000048100001001000001000000AB
:104D700001815F0058000000010000000181610016
:104D8000580000000100000001816600580000008A
:104D900001000000018168005800000001000000CF
:104DA00000810000150100000100000004810000E6
:104DB0001801000001000000008100001C0100003B
:104DC0000100000002816A001F01000001000000D4
:104DD00003810000230100000100000000810000A9
:104DE000270100000100000002816C002A01000080
:104DF00001000000008100002D0100000100000002
:104E000002816E002A010000010000000081000004
:104E10003001000001000000028170002301000049
:104E20000100000003817000230100000100000068
:104E3000008100003301000001000000008100003B
:104E40003501000001000000008100003701000072
:104E50000100000001817200080000000100000054
:104E60000481000039010000010000000081000001
:104E70003C01000001000000048100003E01000030
:104E8000010000000081000041010000010000005D
:104E900000810000430100000100000000810000CB
:104EA00045010000010000000181740008000000BD
:104EB00001000000008176004701000001000000B1
:104EC000008100004A01000001000000018178001B
:104ED0000800000001000000048100004C010000F7
:104EE00001000000008100004F01000001000000EF
:104EF0000481000052010000010000000081000058
:104F0000560100000100000000810000590100006E
:104F100001000000008100005B01000001000000B2
:104F200001817A005D0100000100000001817C0028
:104F30000800000001000000008100006201000084
:104F40000100000004810000650100000100000074
:104F500000810000690100000100000001817E0065
:104F60000800000001000000008100006B0100004B
:104F700001000000048100006D010000010000003C
:104F800000818000700100000100000001818200AA
:104F90000800000001000000008100007001000016
:104FA000010000000081000072010000010000000B
:104FB00004810000740100000100000000818400F1
:104FC0007701000001000000008186007B010000E5
:104FD00001000000008188007D0100000100000048
:104FE00000818B00840100000100000000810000AE
:104FF0008801000001000000008100008C01000019
:1050000001000000008100008F010000010000008D
:1050100000810000940100000100000000810000F8
:10502000970100000100000000818D009A0100003E
:1050300001000000048100009D010000010000004B
:1050400000819200A0010000010000000181940095
:10505000A40100000100000000819700AA010000E7
:105060000100000000819A00AD0100000100000075
:1050700000819C00B00100000100000000819E0042
:10508000B3010000010000000081A100B601000092
:10509000010000000081A500B30100000100000034
:1050A0000081A800B9010000010000000081AC00EF
:1050B000B9010000010000000081AF00B60100004E
:1050C000010000000081B200BC01000001000000EE
:1050D0000081B500BF010000010000000081B800A0
:1050E000C2010000010000000081BB00C5010000FA
:1050F000010000000081BE00AD01000001000000C1
:1051000000810000C9010000010000000000FFFF55
:10511000FFFFFFFFFFFFFFFFFFFF0100FFFFFFFF9C
:10512000FFFFFFFFFFFFFFFFFFFFFFFF0200030086
:105130000400FFFFFFFFFFFFFFFFFFFF050006006A
:10514000FFFFFFFFFFFFFFFF0700FFFF0800090051
:10515000FFFFFFFF0A000B00FFFFFFFFFFFFFFFF46
:10516000FFFF0C00FFFFFFFFFFFFFFFF0D00FFFF32
:10517000FFFFFFFF0E000300FFFFFFFFFFFF09001F
:10518000FFFFFFFF0F001000FFFFFFFFFFFFFFFF0C
:1051900011001200FFFFFFFFFFFFFFFF1300FFFFE3
:1051A000FFFF1400FFFFFFFFFFFF1500FFFF0900D7
:1051B000FFFFFFFF16001700FFFFFFFFFFFFFFFFCE
:1051C000FFFFFFFFFFFFFFFF18000300FFFFFFFFD0
:1051D000FFFFFFFFFFFFFFFF1900FFFF1A00FFFFA8
:1051E000FFFFFFFF1B00FFFFFFFF1C00FFFFFFFF94
:1051F0001D001E00FFFFFFFF1F000300FFFFFFFF5A
:105200002000FFFF21000300FFFFFFFF2200FFFF40
:105210002300030024002500FFFFFFFFFFFFFFFF27
:105220002600FFFFFFFFFFFFFFFFFFFF2700FFFF3D
:10523000FFFFFFFFFFFFFFFFFFFF2800FFFFFFFF54
:10524000FFFFFFFF29002A00FFFFFFFFFFFFFFFF17
:105250002B002C00FFFFFFFFFFFFFFFF2D002E00A4
:10526000FFFFFFFFFFFFFFFF2F00FFFFFFFFFFFF1D
:10527000FFFFFFFFFFFF3000FFFFFFFFFFFFFFFF0C
:105280003100FFFFFFFFFFFFFFFFFFFF3200330092
:10529000FFFFFFFFFFFFFFFF34003500FFFFFFFFB1
:1052A000FFFFFFFF36003700FFFFFFFFFFFFFFFF9D
:1052B000FFFF3800FFFFFFFF390003003A003B000B
:1052C000FFFFFFFFFFFFFFFF3C00FFFFFFFFFFFFB0
:1052D000FFFFFFFF3D003E00FFFFFFFFFFFFFFFF5F
:1052E000FFFF3F00FFFFFFFFFFFFFFFF4000410008
:1052F000FFFFFFFFFFFFFFFFFFFF4200FFFFFFFF7A
:10530000FFFFFFFF4300FFFFFFFFFFFFFFFFFFFF68
:105310004400FFFFFFFFFFFFFFFFFFFF3A00FFFF1B
:10532000FFFFFFFF45000300FFFF4600FFFFFFFFF9
:10533000FFFFFFFFFFFF4700FFFFFFFFFFFFFFFF34
:105340004800FFFFFFFFFFFFFFFFFFFFFFFFFFFF23
:10535000FFFFFFFF490003004A00FFFFFFFFFFFFC1
:10536000FFFFFFFFFFFF4B00FFFFFFFFFFFFFFFF00
:10537000FFFF4C00FFFFFFFF4D0003004E00FFFF4B
:10538000FFFFFFFFFFFFFFFF4F00FFFFFFFFFFFFDC
:10539000FFFFFFFF50005100FFFFFFFFFFFFFFFF78
:1053A000FFFFFFFFFFFFFFFF520003005300FFFF5F
:1053B000FFFFFFFFFFFFFFFF54005500FFFFFFFF50
:1053C000FFFFFFFFFFFFFFFFFFFFFFFF5600030090
:1053D000FFFFFFFFFFFFFFFF570003005800FFFF25
:1053E000FFFFFFFFFFFFFFFF59005A00FFFFFFFF16
:1053F000FFFFFFFFFFFFFFFFFFFFFFFF5B0003005B
:105400005C00FFFFFFFFFFFFFFFFFFFFFFFFFFFF4E
:10541000FFFFFFFF5D0003005E00FFFFFFFFFFFFD8
:10542000FFFFFFFF5F00FFFFFFFFFFFFFFFFFFFF2B
:10543000FFFFFFFFFFFFFFFF60000300FFFFFFFF15
:10544000FFFFFFFF61000300FFFFFFFFFFFFFFFF04
:10545000620003006300FFFFFFFFFFFFFFFFFFFF8E
:1054600064006500FFFFFFFFFFFFFFFFFFFFFFFF7F
:10547000FFFFFFFF660003006700FFFFFFFFFFFF66
:10548000FFFFFFFF6800FFFFFFFFFFFF6900030052
:105490006A006B00FFFFFFFFFFFFFFFF6C006D0066
:1054A0006E00FFFFFFFFFFFF6F00FFFFFFFFFFFF2B
:1054B000700003007100FFFFFFFFFFFF7200030099
:1054C0007100FFFFFFFFFFFF4D0003007300FFFFB0
:1054D00074007500FFFFFFFFFFFFFFFFFFFF750078
:1054E000FFFFFFFF7600FFFFFFFFFFFFFFFFFFFF54
:1054F0007700FFFFFFFFFFFF78000300FFFF790049
:10550000FFFFFFFFFFFFFFFFFFFF7A00FFFFFFFF2F
:10551000FFFFFFFFFFFF7B00FFFFFFFFFFFFFFFF1E
:1055200026007C00FFFFFFFFFFFFFFFF7D00FFFF66
:10553000FFFFFFFF7E0003007F00FFFF8000810070
:10554000FFFFFFFF8200FFFF83008100FFFFFFFFDF
:105550008400FFFF85008100FFFFFFFF8600FFFF43
:1055600087008800FFFFFFFF8900FFFFFFFFFFFFAD
:10557000FFFFFFFF8A00FFFFFFFFFFFFFFFFFFFFAF
:105580008B008C00FFFFFFFF8D0003008E00FFFFEC
:10559000FFFFFFFF8F0003009000FFFFFFFFFFFFF3
:1055A000FFFFFFFF9100FFFFFFFFFFFFFFFFFFFF78
:1055B00092009300FFFFFFFFFFFFFFFF9400FFFF3C
:1055C000FFFFFFFFFFFFFFFF95009600FFFFFFFFBC
:1055D000FFFFFFFFFFFFFFFFFFFFFFFF970003003D
:1055E0009800FFFFFFFFFFFF990003009A00FFFFF5
:1055F000FFFFFFFFFFFFFFFF9B00FFFFFFFFFFFF1E
:10560000FFFFFFFF9C009D00FFFFFFFFFFFFFFFF6D
:1056100043009E00FFFFFFFFFFFFFFFF71009E00A2
:10562000FFFFFFFFFFFFFFFFFFFF9E00FFFFFFFFEA
:10563000FFFFFFFF9F00FFFFFFFFFFFFA000030032
:10564000A100A200FFFFFFFFFFFFFFFFA300FFFF7E
:10565000FFFFFFFFFFFFFFFF8B00FFFFFFFFFFFFCD
:10566000A4000300A500FFFFFFFFFFFFFFFFFFFFF8
:10567000FFFFA600FFFFFFFFFFFFFFFFA700FFFFE9
:10568000FFFFFFFFFFFFFFFF8B00FFFFFFFFFFFF9D
:10569000FFFFFFFFA800FFFFFFFFFFFFA9000300C0
:1056A000AA00FFFFFFFFFFFFFFFFFFFFAB00FFFFB1
:1056B000FFFFFFFFFFFFFFFFAC00FFFFFFFFFFFF4C
:1056C000FFFFFFFFAD00FFFFFFFFFFFFFFFFFFFF3B
:1056D000AE00FFFFFFFFFFFFFFFFFFFFAF00FFFF79
:1056E000FFFFFFFFFFFFFFFFB000FFFFFFFFFFFF18
:1056F000FFFFFFFFB100FFFFFFFFFFFFFFFFFFFF07
:10570000B200FFFFFFFFFFFFFFFFFFFFB300FFFF40
:10571000FFFFFFFFB4000300B500B600FFFFFFFF6F
:10572000FFFFFFFFB700FFFFFFFFFFFFFFFFFFFFD0
:10573000B800FFFFFFFFFFFFFFFFFFFFB900FFFF04
:10574000FFFFFFFFFFFFFFFFBA00FFFFFFFFFFFFAD
:10575000FFFFFFFFBB00FFFFFFFFFFFFFFFFFFFF9C
:10576000BC00FFFFFFFFFFFFFFFFFFFFBD00FFFFCC
:10577000FFFFFFFFFFFFFFFFBE00FFFFFFFFFFFF79
:10578000FFFFFFFFBF00FFFFFFFFFFFFFFFFFFFF68
:10579000C000FFFFFFFFFFFFFFFFFFFFC100FFFF94
:1057A000FFFFFFFFFFFFFFFFC200FFFFFFFFFFFF45
:1057B000FFFFFFFFC300FFFFFFFFFFFFFFFFFFFF34
:1057C000C400FFFFFFFFFFFFFFFFFFFFC500FFFF5C
:1057D000FFFFFFFFFFFFFFFF811B1E00FFFFFFFF1B
:1057E00014011000FFFFF40500003B010E00FFFF55
:1057F0008200FFFF0A1600003B010900FFFF830043
:10580000FFFF7E0E00003B01020004008400FFFF4A
:10581000080C000003000500FFFF8500FFFFC51511
:1058200000000300FFFFFFFF8600FFFF080C0000E1
:105830003B01080007008700FFFF460C0000060040
:10584000FFFFFFFF8800FFFF460C00003B01030045
:10585000FFFF8900FFFFC51500003B010A00FFFFA5
:105860008A00FFFFAE0F00003B010C00FFFF8B0022
:10587000FFFF230400003B010F00FFFF8C00FFFF30
:10588000091500003B01FFFFFFFF8D00FFFF9D0A90
:1058900000003B010600FFFF8E00FFFF79070000BC
:1058A0003B010D00FFFF2B00FFFF160900003B012D
:1058B0000100FFFF8F00FFFF800B0000000034019C
:1058C0003C018000FFFFB81320003D010201FFFFF3
:1058D0007E00FFFFEC0020003D01FFFFFFFF7F0087
:1058E000FFFFB01200000001FFFF3E017A00FFFF42
:1058F000A80020003E010501FFFF7D00FFFFEB0F28
:1059000020003E010601FFFF7B00FFFFEC002000AE
:105910003E01FFFFFFFF7C00FFFFB01200003F01D0
:10592000400108017000FFFFA91000000701FFFF00
:10593000FFFF7900FFFFC302000040010A01FFFFE3
:105940007600FFFFED05000040010B01FFFF78002E
:10595000FFFFA00C00004001FFFFFFFF7700FFFFEB
:10596000BC0800004101FFFFFFFF8100FFFF6E0543
:10597000000042010E01FFFF7200FFFF9D0B0000BF
:1059800042010F01FFFF7300FFFF830C0000420183
:105990001001FFFF7500FFFFCD1200004201FFFF65
:1059A000FFFF7400FFFF0D1B00003F01FFFFFFFF23
:1059B0007100FFFFA2011E001401FFFF003710005D
:1059C000FFFF980F1E001201FFFF0A371000FFFFB4
:1059D000C3021E0000001801004A1000FFFFCE03A2
:1059E0001E0018011601000C1000FFFF73051E00B9
:1059F0001801170100441000FFFF8A081E0018015B
:105A0000003A00391000FFFFF2021E0000004301BF
:105A100015011000FFFFEF091E0018011A01000B0D
:105A20001000FFFF970B1E001801FFFF1B01100065
:105A3000FFFF5E111E001A01FFFF00381000FFFF7C
:105A4000E4041E00000022011D011000FFFFB7103A
:105A50001E001C01FFFF1E011000FFFF05051E00B8
:105A60001D01020800081000FFFF17121E001D0193
:105A70000B0806081000FFFFB7101E0022010006E9
:105A800021011000FFFF58041E002001000A00033E
:105A90001000FFFFE8041E000000000D20011000B0
:105AA000FFFF15011E0026012401003B1000FFFF2F
:105AB00017051E002601250100431000FFFF1E01EF
:105AC0001E0026010040003C1000FFFF670A1E0078
:105AD00000002D0123011000FFFF9A071E00260180
:105AE000280100461000FFFF9E071E002601290125
:105AF00002461000FFFFB6071E0026012A010346DA
:105B00001000FFFFBC071E0026012B0104461000F9
:105B1000FFFF28011E002601003E003D1000FFFF90
:105B2000EF031E002D012E0100331000FFFF780A45
:105B30001E0000003B012C011000FFFF8C091E001D
:105B40002D01FFFF00341000FFFFBD131E002E01CA
:105B5000FFFF04341000FFFF3E061E00310132013A
:105B600000361000FFFFD30A1E00000000013001C4
:105B70001000FFFFEE061E0031013301004110004E
:105B8000FFFF550A1E003101FFFF000E1000FFFF4E
:105B9000B7101E000000000735011000FFFF580479
:105BA0001E003401003200481000FFFF17121E00D3
:105BB0003401000900471000FFFFE0001E0034011F
:105BC000380100351000FFFFE7081E003401FFFF19
:105BD00000451000FFFFC9111E0000003F013A01FF
:105BE0001000FFFFE5071E003901FFFF0042100013
:105BF000FFFF980A1E00000031010B001000FFFF9C
:105C000089001E00000103013D011000FFFFFD1B84
:105C10003E003C01FFFF010110006400051C3E0036
:105C20000301FFFF040110006500B5121E00000013
:105C3000FFFF07011000FFFFAC0A1E003F014101FA
:105C400009011000FFFFB7101E003F0142010C01C7
:105C50001000FFFF5E111E003F0111010D01100039
:105C6000FFFF5D031E0000001C0100661000FFFF27
:105C70005A06000021010103FFFF3200FFFF44022A
:105C8000000021010203FFFF3000FFFF3011000080
:105C90002101FFFFFFFF3100FFFFBE1002002201C4
:105CA000FFFFFFFF3400FFFF0D1B00000000390164
:105CB00001075F00FFFFCE0400000007FFFFFFFFAA
:105CC0006000FFFF230E02001E010108FFFF2E00EF
:105CD000FFFF430F02001E01FFFFFFFF2D00FFFF2C
:105CE000AF0902001D010308FFFF2A00FFFFBC09E6
:105CF00002001D010408FFFF2A00FFFFCA0902007D
:105D00001D010508FFFF2B00FFFFDE0902001D013A
:105D10001F01FFFF2C00FFFFAA0902001F01070857
:105D2000FFFF2A00FFFF520802001F010808FFFFC3
:105D30002F00FFFFA40902001F010908FFFF2A002E
:105D4000FFFF320102001F010A08FFFF2A00FFFFC8
:105D50000E1202001F01FFFFFFFF2A00FFFFE211EA
:105D600002001D010C08FFFF2900FFFFEE110200D9
:105D70001D010D08FFFF2900FFFFFB1102001D019F
:105D8000FFFFFFFF2900FFFF1A1102003401054841
:105D9000FFFF6A00FFFFF80F02002001FFFFFFFF77
:105DA0003300FFFF830702001901010BFFFF2300EF
:105DB000FFFF460E02001901020BFFFF2600FFFF46
:105DC000451B02001901030BFFFF2500FFFF931283
:105DD00002001901FFFFFFFF2400FFFFA5150000CF
:105DE0001501010CFFFF1600FFFFB40B00001501A9
:105DF000020CFFFF1900FFFF1B0E00001501030C32
:105E0000FFFF1800FFFF460E00001501040CFFFF06
:105E10001A00FFFF640F00001501050CFFFF1700BB
:105E2000FFFF131200001501FFFFFFFF1B00FFFF24
:105E3000B012020000002601010D5D00FFFFEA1113
:105E40000200000DFFFFFFFF5E00FFFF8201000068
:105E50003301010EFFFF5B00FFFF730200003301FF
:105E6000020EFFFF5A00FFFFD50C00003301030EA6
:105E7000FFFF5900FFFF301000003301FFFFFFFF5D
:105E80005C00FFFF9C0502003401044801326800F9
:105E9000FFFF3E1302000032FFFFFFFF6700FFFF1E
:105EA000651500002C010133FFFF4B00FFFFEC00E4
:105EB00000002C01FFFFFFFF4C00FFFF7E090000E8
:105EC0002E010134FFFF5000FFFF3F0800002E01AC
:105ED0000234FFFF4F00FFFF4B0800002E01033488
:105EE000FFFF4E00FFFF940900002E012F01FFFF6E
:105EF0004D00FFFFBD1B20002F01FFFF05345100A7
:105F000035005807200004340634FFFF5300FFFF1C
:105F1000C20420000434FFFFFFFF5200FFFF9E0079
:105F2000000037010135FFFF6C00FFFFC20C0000CD
:105F300037010235FFFF6D00FFFFA10000003701B0
:105F4000FFFFFFFF6B00FFFF1A1100003001013659
:105F5000FFFF5400FFFF3B0E000030010236FFFF41
:105F60005500FFFFA002000030010336FFFF56007E
:105F7000FFFFEC0000003001FFFFFFFF5700FFFFB5
:105F80003A16000012010137FFFF0300FFFFBC00BB
:105F900000001201033702370500FFFFE000000098
:105FA0000137FFFFFFFF0600FFFF6515000012012C
:105FB0000437FFFF0400FFFF120300001201004935
:105FC000FFFF0700FFFF3203000012010937063709
:105FD0000800FFFF8F1B20000537FFFF0737090070
:105FE00001006515200006370837FFFF0B00FFFF93
:105FF000381120000637FFFFFFFF0A00FFFF640F84
:10600000000012011301FFFF0F00FFFF3A02000022
:1060100013010B37FFFF0C00FFFF7F0C0000130183
:106020000C37FFFF0D00FFFFE00000001301FFFF32
:10603000FFFF0E00FFFF1A1100001B010138FFFFD8
:106040002800FFFF901100001B01FFFFFFFF27004A
:10605000FFFF3511020017010139FFFF2200FFFF8A
:10606000931202001701FFFFFFFF2100FFFFC50889
:1060700002001801013AFFFF1E00FFFFEE080200B8
:1060800018011901023A1F00FFFFAA1B2200013A62
:10609000FFFFFFFF20001C00651502002301013BEC
:1060A000FFFF3600FFFFB01202002301023BFFFF9B
:1060B0003500FFFFDA1B22002301FFFFFFFF37003F
:1060C0002D00651502002501013CFFFF3D00FFFF8B
:1060D000B01202002501023CFFFF3C00FFFFDA1B6B
:1060E00022002501FFFFFFFF3E002D006515020085
:1060F0002B01013DFFFF4700FFFFB01202002B0103
:10610000023DFFFF4600FFFFDA1B22002B01FFFFCD
:10611000FFFF48002D003F1102002601FFFF013E56
:106120004A00FFFFB0120200003EFFFFFFFF4900E0
:10613000FFFF530702002601270101404000FFFF37
:10614000B01202000040FFFFFFFF3F00FFFFBF1340
:1061500000003201FFFFFFFF5800FFFF4412000064
:106160003A01FFFFFFFF6F00FFFF651502002401EA
:106170000143FFFF3900FFFFB01202002401024378
:10618000FFFF3800FFFFC51B22002401FFFF034370
:106190003B002F00341622000243FFFFFFFF3A00AE
:1061A000FFFF9C1B20001601FFFF01441C0019008B
:1061B000B01220000044FFFFFFFF1D00FFFFE71BA0
:1061C00022003801FFFFFFFF6E0049006515020045
:1061D00027010146FFFF4200FFFFB0120200270126
:1061E000FFFFFFFF4100FFFFDA1B22002801FFFF36
:1061F000FFFF44002D00DA1B22002901FFFFFFFFF3
:1062000045002D00DA1B22002A01FFFFFFFF43009B
:106210002D007E0700003601FFFFFFFF6900FFFF32
:106220006515000035010148FFFF6300FFFF6309AA
:1062300000003501034802486400FFFF65150000B7
:106240000148FFFFFFFF6500FFFFB51B2000350180
:10625000FFFFFFFF66004600920800003401360190
:10626000FFFF6200FFFF620E000034013701FFFFF5
:106270006100FFFFCC06000012010050014911002F
:10628000FFFFF11B20000049FFFF024912000C0034
:10629000821B40000149FFFFFFFF13000E000000BA
:1062A000000014011201014A0200FFFF3203000046
:1062B000004AFFFF024A0000FFFF8F1B2000014A37
:1062C000FFFFFFFF01000100640700001201005101
:1062D000FFFF1400FFFF740B000012010537FFFFE2
:1062E0001500FFFFA60C00004301FFFFFFFF900019
:1062F000FFFF0000100054005400570057005700E3
:1063000058005A00680069006A006E007400760048
:106310007A007A007A007A007A007A007A007A00AD
:106320007A007A007A007A007A007A007A007A009D
:106330007A007A007A007A007A007A007A007A008D
:106340007A007A007A007A007A007A007A007A007D
:106350007A007A007A007A007C007E00850088004E
:106360008C0099009B009D00A000A300A600A9003E
:10637000AB00AB00AD00AE00AF00B300B500B6009F
:10638000BB00BC00C200C500C800C800C800C800EF
:10639000C800C800C900CA00CA00CA00CA00CA00B2
:1063A000CA00CA00CA00CA00CA00CA00CA00CA009D
:1063B000CA00CA00CA00CA00CA00CA00CA00CA008D
:1063C000CB00000000000000000000000000000002
:1063D00000000000000000000000000000000000BD
:1063E0000000000080EE3600102700000D000000C5
:1063F000881300008813000002080000000000005D
:1064000000000000755504008D3A04002D3C040086
:1064100023550400F32E04000000000000000000DB
:106420008B4904001D3704003537040000000000CC
:106430000000000041CE020041CE020065D3020000
:1064400000000000000000006DAF0300759703001E
:10645000A5970300000000000000000000000000FD
:1064600000000000000000008F900300000000000A
:10647000000000000000000000000000000000001C
:1064800000000000000000009390030000000000E6
:1064900000000000000000000000000000000000FC
:1064A00000000000000000009790030000000000C2
:1064B00000000000000000000000000000000000DC
:1064C00000000000000000009B900300000000009E
:1064D00000000000FFFF00000000000000000000BE
:1064E000DDB7030081970300E1970300000000007F
:1064F0000338FDD87047000061D7040071D704004D
:106500000000000000000000316F0200918B0200CB
:106510007963020000000000000000002F6F0200FD
:10652000858B020085630200D7FC86A47BFB8681F5
:1065300079494EFF0200206BD7FC86A47BFB868145
:1065400079494EFF0100206B7461736B732E6300F9
:1065500049444C4500000000000FC93F000F49406E
:1065600000CB9640000FC9400053FB4000CB1641C2
:1065700000ED2F41000F49410031624100537B4142
:10658000003A8A4100CB9641005CA34100EDAF4147
:10659000007EBC41000FC94100A0D5410031E2415D
:1065A00000C2EE410053FB4100F20342003A0A42AE
:1065B0000083104200CB164200141D42005C2342AF
:1065C00000A5294200ED2F4200363642007E3C42B3
:1065D00000C74242000F4942A2000000F90000003B
:1065E000830000006E0000004E0000004400000028
:1065F0001500000029000000FC000000270000003A
:1066000057000000D1000000F50000003400000039
:10661000DD000000C0000000DB00000062000000A0
:1066200095000000990000003C00000043000000BD
:106630009000000041000000FE000000510000003A
:1066400063000000AB000000DE000000BB000000A3
:10665000C500000061000000B70000002400000039
:106660006E0000003A000000420000004D000000F3
:10667000D2000000E0000000060000004900000019
:106680002E000000EA00000009000000D100000018
:10669000920000001C000000FE0000001D00000031
:1066A000EB0000001C000000B10000002900000009
:1066B000A70000003E000000E8000000820000008B
:1066C00035000000F50000002E000000BB000000B7
:1066D0004400000084000000E90000009C0000006D
:1066E0007000000026000000B40000005F00000001
:1066F0007E00000041000000390000009100000011
:10670000D6000000390000008300000053000000A4
:1067100039000000F40000009C000000840000002C
:106720005F0000008B000000BD000000F9000000C9
:10673000280000003B0000001F000000F8000000DF
:1067400097000000FF000000DE00000005000000D0
:10675000980000000F000000EF0000002F00000074
:10676000110000008B0000005A0000000A00000029
:106770006D0000001F0000006D00000036000000EA
:106780007E000000CF00000027000000CB000000CA
:1067900009000000B70000004F00000046000000A4
:1067A0003F000000660000009E0000005F00000047
:1067B000EA0000002D000000750000002700000026
:1067C000BA000000C7000000EB000000E500000078
:1067D000F10000007B0000003D0000000700000009
:1067E00039000000F70000008A000000520000009D
:1067F00092000000EA0000006B000000FB000000B7
:106800005F000000B10000001F0000008D000000CC
:106810005D000000080000005600000003000000BA
:106820003000000046000000FC0000007B0000007B
:106830006B000000AB000000F0000000CF00000083
:10684000BC000000200000009A000000F4000000DE
:10685000360000001D000000A9000000E300000059
:1068600091000000610000005E000000E6000000F2
:106870001B000000080000006500000099000000F7
:10688000850000005F00000014000000A000000070
:1068900068000000400000008D000000FF000000C4
:1068A000D8000000800000004D00000073000000D0
:1068B0002700000031000000060000000600000074
:1068C0001500000056000000CA0000007300000020
:1068D000A8000000C900000060000000E200000005
:1068E0007B000000C00000008C0000006B00000076
:1068F00000000080DB0F4940DB0F49C0DB0F49BFC0
:10690000E4CB1640E4CB16C06937AC3168212233A2
:10691000B40F14336821A2333863ED3EDA0F493FD8
:106920005E987B3FDA0FC93F0000C93F0000F03995
:106930000000DA370000A2330000842E0000502B44
:106940000000C2270000D0220000C41F0000C61BA8
:1069500000004417040000000700000009000000C8
:10696000002020202020202020202828282828201F
:106970002020202020202020202020202020202017
:10698000208810101010101010101010101010107F
:10699000100404040404040404040410101010106F
:1069A0001010414141414141010101010101010139
:1069B000010101010101010101010101101010108B
:1069C000101042424242424202020202020202020B
:1069D000020202020202020202020202101010105F
:1069E0002000000000000000000000000000000087
:1069F0000000000000000000000000000000000097
:106A00000000000000000000000000000000000086
:106A10000000000000000000000000000000000076
:106A20000000000000000000000000000000000066
:106A30000000000000000000000000000000000056
:106A40000000000000000000000000000000000046
:106A50000000000000000000000000000000000036
:106A6000000000001F0000001C0000001F000000CC
:106A70001E0000001F0000001E0000001F0000009C
:106A80001F0000001E0000001F0000001E0000008C
:106A90001F0000001F0000001D0000001F0000007C
:106AA0001E0000001F0000001E0000001F0000006C
:106AB0001F0000001E0000001F0000001E0000005C
:106AC0001F000000545A00474D54002531315B2D02
:106AD0002B302D39412D5A612D7A5D256E002531DF
:106AE000315B412D5A612D7A5D256E004D2568750B
:106AF000256E2E256875256E2E256875256E002F4E
:106B0000256875256E3A256875256E3A25687525C0
:106B10006E00232D302B2000686C4C0065666745A5
:106B20004647003031323334353637383941424305
:106B300044454600303132333435363738396162B6
:106B40006364656600412D46612D66383930313207
:106B500033343536375D002B2D00785800000000A7
:106B6000576B060080E805005A6B06001000000015
:106B700000000000017A5200027C0E011B0C0D0087
:106B8000380000001800000038C4FEFF9E0000001E
:106B900000510E1084048503860287015BC7C6C5B9
:106BA000C40E004C0A420B0A420B0E1084048503EB
:106BB0008602870151C7C6C5C40E00001000000040
:106BC00000000000017A5200027C0E011B0C0D0037
:106BD0001000000018000000B0C6FEFF100000000A
:086BE0000000000000000000AD
:106BE800F19C0300642F0020FD0F030004310020F6
:106BF800090E030068310020B1680400000000009D
:106C0800B947040000000000A5D20200543100205A
:106C1800E92B04009CEF0020E9690400D82B002030
:106C2800A51503000431002089D2020000000000ED
:106C3800852C040000000000194104000000000039
:086C4800D12B04000000000044
:106C5000550C0300000000000D430400000000007C
:106C6000C1160300000000002D43040000000000D6
:106C700097080600000000008C08060000000000D5
:106C8000C208060000000000B7080600000000006F
:106C90009308060000000000BD0806000000000088
:106CA0008C60050000000000B10806000000000034
:106CB0006608060000000000717F05000000040463
:106CC0007C080600000000009D080600000000008F
:106CD0006A08060000000000547F0500000004045C
:106CE0008408060000000000700806000000000094
:086CF000A508060000000000E9
:106CF800302E00202C2E0020302E00201C2D0020AD
:046D08004400000043
:106D0C000CF00020F8EF002004000000040000004C
:106D1C00010000002CF0002018F0002004000000FE
:086D2C0004000000010000005A
:106D34002470050000000000617F0500A82B0020DE
:086D440048F5FB7F010000008F
:106D4C00B56105003B640500000000000000000078
:106D5C000A000C0000000000000005020200000008
:106D6C000000000000000000000004000200E80326
:106D7C00000280010002800000000000FF00000003
:106D8C000090D003757F0500757F0500757F0500A9
:106D9C001EED002000000000E0EC002000000000D0
:106DAC0090EF002001000400000000000000000033
:106DBC00000000000000000000000000D02B0020AC
:106DCC00000000000000A041FF00000000000000D7
:106DDC0000200040000000000020004000000000E7
:106DEC0003080000008000401C2C00200000000064
:106DFC0070F70020D8F7002040F8002000000000B9
:106E0C000000000000000000000000000000000076
:106E1C000000000000000000000000000000000066
:106E2C000000000000000000000000000000000056
:106E3C000000000000000000000000000300000043
:106E4C0070F70020C76A0600C76A0600D2F8002057
:106E5C0001000000000000004A00000000000000DB
:106E6C000000000000000000000000000000000016
:106E7C000000000000000000000000000000000006
:106E8C004A000000000000000000000000000000AC
:106E9C0000000000000000000000000000000000E6
:106EAC00000000000000000068F900206962020088
:086EBC009DF804004162020090
:106EC40000000000000000000000000000000000BE
:046ED40000000000BA
:020000020000FC
:020000041000EA
:0412000000000000EA
:0400000350000E6D2E
:00000001FF
